snapshot_id,project_id,state,district,stage,probability,target
SNAP-000001-1,SIH26017-PRJ-000001,Tamil Nadu,Chennai,Social Impact Assessment (SIA),0.7140290141105652,
SNAP-000001-2,SIH26017-PRJ-000001,Tamil Nadu,Chennai,Draft Declaration,0.835456132888794,
SNAP-000001-3,SIH26017-PRJ-000001,Tamil Nadu,Chennai,Final Declaration (Sec 19),0.8223926424980164,
SNAP-000002-1,SIH26017-PRJ-000002,Rajasthan,Udaipur,Draft Declaration,0.009002845734357834,
SNAP-000003-1,SIH26017-PRJ-000003,Chhattisgarh,Raipur,Survey & Measurement,0.009776593185961246,
SNAP-000003-2,SIH26017-PRJ-000003,Chhattisgarh,Raipur,Compensation Disbursement,0.048141688108444214,
SNAP-000004-1,SIH26017-PRJ-000004,Tamil Nadu,Chennai,Compensation Disbursement,0.46630725264549255,
SNAP-000005-1,SIH26017-PRJ-000005,Odisha,Khordha,Social Impact Assessment (SIA),0.03908637538552284,
SNAP-000006-1,SIH26017-PRJ-000006,Bihar,Gaya,Social Impact Assessment (SIA),0.002275029430165887,
SNAP-000007-1,SIH26017-PRJ-000007,Assam,Kamrup,Draft Declaration,0.010543109849095345,
SNAP-000008-1,SIH26017-PRJ-000008,Bihar,Muzaffarpur,Survey & Measurement,0.006960877683013678,
SNAP-000008-2,SIH26017-PRJ-000008,Bihar,Muzaffarpur,Survey & Measurement,0.008388389833271503,
SNAP-000009-1,SIH26017-PRJ-000009,Karnataka,Belagavi,Final Declaration (Sec 19),0.07507803291082382,
SNAP-000010-1,SIH26017-PRJ-000010,Uttar Pradesh,Varanasi,Mutation & Handover,0.1972498744726181,False
SNAP-000011-1,SIH26017-PRJ-000011,Jharkhand,Ranchi,Final Declaration (Sec 19),0.07094778120517731,
SNAP-000012-1,SIH26017-PRJ-000012,Tamil Nadu,Chennai,Final Declaration (Sec 19),0.004594204016029835,False
SNAP-000012-2,SIH26017-PRJ-000012,Tamil Nadu,Chennai,Compensation Disbursement,0.002732004737481475,False
SNAP-000013-1,SIH26017-PRJ-000013,Telangana,Warangal,Final Declaration (Sec 19),0.014410611242055893,
SNAP-000014-1,SIH26017-PRJ-000014,West Bengal,Purba Bardhaman,Social Impact Assessment (SIA),0.012296986766159534,False
SNAP-000015-1,SIH26017-PRJ-000015,Jharkhand,Dhanbad,Award Declaration (Sec 23),0.5566763877868652,
SNAP-000016-1,SIH26017-PRJ-000016,Jharkhand,Dhanbad,Social Impact Assessment (SIA),0.00777328060939908,
SNAP-000016-2,SIH26017-PRJ-000016,Jharkhand,Dhanbad,Survey & Measurement,0.020790059119462967,
SNAP-000017-1,SIH26017-PRJ-000017,Chhattisgarh,Durg,Social Impact Assessment (SIA),0.11700408905744553,
SNAP-000018-1,SIH26017-PRJ-000018,Odisha,Cuttack,Compensation Disbursement,0.003818409750238061,False
SNAP-000019-1,SIH26017-PRJ-000019,Assam,Dibrugarh,Survey & Measurement,0.005630601197481155,False
SNAP-000019-2,SIH26017-PRJ-000019,Assam,Dibrugarh,Final Declaration (Sec 19),0.009187757968902588,False
SNAP-000019-3,SIH26017-PRJ-000019,Assam,Dibrugarh,Compensation Disbursement,0.003997552674263716,False
SNAP-000020-1,SIH26017-PRJ-000020,Chhattisgarh,Durg,Possession,0.05517299473285675,False
SNAP-000021-1,SIH26017-PRJ-000021,Maharashtra,Nagpur,Final Declaration (Sec 19),0.724356472492218,
SNAP-000021-2,SIH26017-PRJ-000021,Maharashtra,Nagpur,Compensation Disbursement,0.6535949110984802,
SNAP-000022-1,SIH26017-PRJ-000022,Odisha,Kalahandi,Compensation Disbursement,0.6665531992912292,True
SNAP-000023-1,SIH26017-PRJ-000023,Assam,Kamrup,Survey & Measurement,0.11819834262132645,
SNAP-000024-1,SIH26017-PRJ-000024,Rajasthan,Alwar,Social Impact Assessment (SIA),0.015372700989246368,
SNAP-000024-2,SIH26017-PRJ-000024,Rajasthan,Alwar,Social Impact Assessment (SIA),0.01405437383800745,
SNAP-000025-1,SIH26017-PRJ-000025,Gujarat,Surat,Survey & Measurement,0.20015843212604523,
SNAP-000025-2,SIH26017-PRJ-000025,Gujarat,Surat,Final Declaration (Sec 19),0.13888683915138245,
SNAP-000026-1,SIH26017-PRJ-000026,Rajasthan,Alwar,Preliminary Notification (Sec 11),0.014948166906833649,
SNAP-000027-1,SIH26017-PRJ-000027,Odisha,Khordha,Final Declaration (Sec 19),0.9878484010696411,True
SNAP-000027-2,SIH26017-PRJ-000027,Odisha,Khordha,Compensation Disbursement,0.9851442575454712,True
SNAP-000028-1,SIH26017-PRJ-000028,Madhya Pradesh,Indore,Social Impact Assessment (SIA),0.12273173779249191,
SNAP-000028-2,SIH26017-PRJ-000028,Madhya Pradesh,Indore,Draft Declaration,0.07500194013118744,
SNAP-000028-3,SIH26017-PRJ-000028,Madhya Pradesh,Indore,Draft Declaration,0.09295648336410522,
SNAP-000029-1,SIH26017-PRJ-000029,Madhya Pradesh,Indore,Preliminary Notification (Sec 11),0.6655462980270386,
SNAP-000030-1,SIH26017-PRJ-000030,Madhya Pradesh,Chhindwara,Draft Declaration,0.028984133154153824,False
SNAP-000031-1,SIH26017-PRJ-000031,West Bengal,Purulia,Survey & Measurement,0.09406045079231262,
SNAP-000031-2,SIH26017-PRJ-000031,West Bengal,Purulia,Award Declaration (Sec 23),0.08283763378858566,
SNAP-000032-1,SIH26017-PRJ-000032,Gujarat,Ahmedabad,Final Declaration (Sec 19),0.013300081714987755,
SNAP-000032-2,SIH26017-PRJ-000032,Gujarat,Ahmedabad,Compensation Disbursement,0.003636085195466876,
SNAP-000033-1,SIH26017-PRJ-000033,Tamil Nadu,Tiruchirappalli,Final Declaration (Sec 19),0.004390747752040625,False
SNAP-000033-2,SIH26017-PRJ-000033,Tamil Nadu,Tiruchirappalli,Compensation Disbursement,0.0032108633313328028,False
SNAP-000033-3,SIH26017-PRJ-000033,Tamil Nadu,Tiruchirappalli,Compensation Disbursement,0.004303605295717716,False
SNAP-000034-1,SIH26017-PRJ-000034,Maharashtra,Chhatrapati Sambhajinagar,Survey & Measurement,0.6770592331886292,
SNAP-000034-2,SIH26017-PRJ-000034,Maharashtra,Chhatrapati Sambhajinagar,Final Declaration (Sec 19),0.7788245677947998,
SNAP-000034-3,SIH26017-PRJ-000034,Maharashtra,Chhatrapati Sambhajinagar,Award Declaration (Sec 23),0.7569212317466736,
SNAP-000035-1,SIH26017-PRJ-000035,Uttar Pradesh,Lucknow,Compensation Disbursement,0.010783982463181019,False
SNAP-000036-1,SIH26017-PRJ-000036,Telangana,Hyderabad,Compensation Disbursement,0.2573710083961487,False
SNAP-000037-1,SIH26017-PRJ-000037,Jharkhand,Dhanbad,Social Impact Assessment (SIA),0.5209751725196838,
SNAP-000037-2,SIH26017-PRJ-000037,Jharkhand,Dhanbad,Draft Declaration,0.7194596529006958,
SNAP-000037-3,SIH26017-PRJ-000037,Jharkhand,Dhanbad,Final Declaration (Sec 19),0.7052479982376099,
SNAP-000038-1,SIH26017-PRJ-000038,Assam,Kamrup,Final Declaration (Sec 19),0.5201486945152283,
SNAP-000039-1,SIH26017-PRJ-000039,Assam,Dibrugarh,Social Impact Assessment (SIA),0.2370113730430603,
SNAP-000040-1,SIH26017-PRJ-000040,Karnataka,Bengaluru Rural,Social Impact Assessment (SIA),0.009475982747972012,
SNAP-000040-2,SIH26017-PRJ-000040,Karnataka,Bengaluru Rural,Social Impact Assessment (SIA),0.010978303849697113,
SNAP-000040-3,SIH26017-PRJ-000040,Karnataka,Bengaluru Rural,Survey & Measurement,0.012496099807322025,
SNAP-000041-1,SIH26017-PRJ-000041,Jharkhand,Ranchi,Survey & Measurement,0.01045219600200653,False
SNAP-000041-2,SIH26017-PRJ-000041,Jharkhand,Ranchi,Award Declaration (Sec 23),0.005923811811953783,False
SNAP-000042-1,SIH26017-PRJ-000042,Telangana,Karimnagar,Final Declaration (Sec 19),0.004843869712203741,False
SNAP-000043-1,SIH26017-PRJ-000043,Jharkhand,Ranchi,Final Declaration (Sec 19),0.008385407738387585,
SNAP-000044-1,SIH26017-PRJ-000044,Karnataka,Ballari,Award Declaration (Sec 23),0.002837708918377757,False
SNAP-000045-1,SIH26017-PRJ-000045,West Bengal,Purulia,Final Declaration (Sec 19),0.08952401578426361,False
SNAP-000045-2,SIH26017-PRJ-000045,West Bengal,Purulia,Compensation Disbursement,0.023848367854952812,False
SNAP-000046-1,SIH26017-PRJ-000046,Odisha,Kalahandi,Award Declaration (Sec 23),0.024757923558354378,
SNAP-000047-1,SIH26017-PRJ-000047,Jharkhand,Ranchi,Final Declaration (Sec 19),0.07368740439414978,False
SNAP-000047-2,SIH26017-PRJ-000047,Jharkhand,Ranchi,Compensation Disbursement,0.04612172022461891,False
SNAP-000048-1,SIH26017-PRJ-000048,West Bengal,Howrah,Draft Declaration,0.6393517851829529,
SNAP-000049-1,SIH26017-PRJ-000049,Bihar,Muzaffarpur,Draft Declaration,0.016203060746192932,False
SNAP-000049-2,SIH26017-PRJ-000049,Bihar,Muzaffarpur,Award Declaration (Sec 23),0.03546981140971184,False
SNAP-000050-1,SIH26017-PRJ-000050,Jharkhand,Paschimi Singhbhum,Compensation Disbursement,0.3961406648159027,False
SNAP-000051-1,SIH26017-PRJ-000051,Tamil Nadu,Chennai,Final Declaration (Sec 19),0.057455915957689285,
SNAP-000051-2,SIH26017-PRJ-000051,Tamil Nadu,Chennai,Compensation Disbursement,0.12836448848247528,
SNAP-000052-1,SIH26017-PRJ-000052,Bihar,Gaya,Draft Declaration,0.023338908329606056,
SNAP-000052-2,SIH26017-PRJ-000052,Bihar,Gaya,Compensation Disbursement,0.03160294517874718,
SNAP-000053-1,SIH26017-PRJ-000053,Karnataka,Belagavi,Compensation Disbursement,0.11112038791179657,False
SNAP-000054-1,SIH26017-PRJ-000054,Telangana,Warangal,Social Impact Assessment (SIA),0.054418232291936874,False
SNAP-000054-2,SIH26017-PRJ-000054,Telangana,Warangal,Survey & Measurement,0.08643954992294312,False
SNAP-000054-3,SIH26017-PRJ-000054,Telangana,Warangal,Compensation Disbursement,0.04129556939005852,False
SNAP-000055-1,SIH26017-PRJ-000055,Bihar,Muzaffarpur,Social Impact Assessment (SIA),0.0035913835745304823,
SNAP-000055-2,SIH26017-PRJ-000055,Bihar,Muzaffarpur,Social Impact Assessment (SIA),0.00968906655907631,
SNAP-000056-1,SIH26017-PRJ-000056,Odisha,Sundargarh,Social Impact Assessment (SIA),0.010727028362452984,False
SNAP-000057-1,SIH26017-PRJ-000057,Kerala,Thiruvananthapuram,Social Impact Assessment (SIA),0.00351182883605361,
SNAP-000058-1,SIH26017-PRJ-000058,Uttar Pradesh,Varanasi,Final Declaration (Sec 19),0.001777556142769754,
SNAP-000058-2,SIH26017-PRJ-000058,Uttar Pradesh,Varanasi,Possession,0.003715747967362404,
SNAP-000059-1,SIH26017-PRJ-000059,Madhya Pradesh,Jabalpur,Survey & Measurement,0.004286190960556269,
SNAP-000060-1,SIH26017-PRJ-000060,Chhattisgarh,Raipur,Survey & Measurement,0.012450397945940495,
SNAP-000060-2,SIH26017-PRJ-000060,Chhattisgarh,Raipur,Survey & Measurement,0.006250946782529354,
SNAP-000060-3,SIH26017-PRJ-000060,Chhattisgarh,Raipur,Final Declaration (Sec 19),0.04008415713906288,
SNAP-000061-1,SIH26017-PRJ-000061,Madhya Pradesh,Jabalpur,Draft Declaration,0.8355057239532471,
SNAP-000062-1,SIH26017-PRJ-000062,Jharkhand,Paschimi Singhbhum,Survey & Measurement,0.018765466287732124,False
SNAP-000062-2,SIH26017-PRJ-000062,Jharkhand,Paschimi Singhbhum,Draft Declaration,0.034496307373046875,False
SNAP-000062-3,SIH26017-PRJ-000062,Jharkhand,Paschimi Singhbhum,Final Declaration (Sec 19),0.03475462272763252,False
SNAP-000063-1,SIH26017-PRJ-000063,Rajasthan,Udaipur,Final Declaration (Sec 19),0.3148176074028015,
SNAP-000063-2,SIH26017-PRJ-000063,Rajasthan,Udaipur,Compensation Disbursement,0.22166533768177032,
SNAP-000064-1,SIH26017-PRJ-000064,West Bengal,Purulia,Survey & Measurement,0.6896153092384338,
SNAP-000064-2,SIH26017-PRJ-000064,West Bengal,Purulia,Final Declaration (Sec 19),0.6454157829284668,
SNAP-000064-3,SIH26017-PRJ-000064,West Bengal,Purulia,Compensation Disbursement,0.3402218818664551,
SNAP-000065-1,SIH26017-PRJ-000065,Bihar,Patna,Compensation Disbursement,0.4653690755367279,
SNAP-000066-1,SIH26017-PRJ-000066,Madhya Pradesh,Indore,Award Declaration (Sec 23),0.005064838100224733,False
SNAP-000067-1,SIH26017-PRJ-000067,Gujarat,Rajkot,Final Declaration (Sec 19),0.009910150431096554,False
SNAP-000068-1,SIH26017-PRJ-000068,Assam,Kamrup,Preliminary Notification (Sec 11),0.9573939442634583,True
SNAP-000069-1,SIH26017-PRJ-000069,Tamil Nadu,Chennai,Compensation Disbursement,0.06316420435905457,False
SNAP-000070-1,SIH26017-PRJ-000070,Uttar Pradesh,Varanasi,Award Declaration (Sec 23),0.007709321100264788,
SNAP-000071-1,SIH26017-PRJ-000071,Gujarat,Vadodara,Final Declaration (Sec 19),0.040378499776124954,False
SNAP-000071-2,SIH26017-PRJ-000071,Gujarat,Vadodara,Compensation Disbursement,0.09260189533233643,False
SNAP-000071-3,SIH26017-PRJ-000071,Gujarat,Vadodara,Compensation Disbursement,0.09646233171224594,False
SNAP-000072-1,SIH26017-PRJ-000072,Rajasthan,Jaipur,Social Impact Assessment (SIA),0.07317372411489487,
SNAP-000072-2,SIH26017-PRJ-000072,Rajasthan,Jaipur,Social Impact Assessment (SIA),0.24902233481407166,
SNAP-000073-1,SIH26017-PRJ-000073,Assam,Kamrup,Social Impact Assessment (SIA),0.4653644859790802,
SNAP-000073-2,SIH26017-PRJ-000073,Assam,Kamrup,Final Declaration (Sec 19),0.576900064945221,
SNAP-000074-1,SIH26017-PRJ-000074,Uttar Pradesh,Gautam Buddh Nagar,Survey & Measurement,0.35613393783569336,False
SNAP-000074-2,SIH26017-PRJ-000074,Uttar Pradesh,Gautam Buddh Nagar,Award Declaration (Sec 23),0.23796910047531128,False
SNAP-000075-1,SIH26017-PRJ-000075,Tamil Nadu,Chennai,Compensation Disbursement,0.007967978715896606,False
SNAP-000076-1,SIH26017-PRJ-000076,West Bengal,Purba Bardhaman,Compensation Disbursement,0.008947658352553844,False
SNAP-000077-1,SIH26017-PRJ-000077,Odisha,Kalahandi,Draft Declaration,0.05228786915540695,False
SNAP-000077-2,SIH26017-PRJ-000077,Odisha,Kalahandi,Compensation Disbursement,0.041136324405670166,False
SNAP-000078-1,SIH26017-PRJ-000078,Rajasthan,Alwar,Survey & Measurement,0.057347461581230164,
SNAP-000078-2,SIH26017-PRJ-000078,Rajasthan,Alwar,Final Declaration (Sec 19),0.08637381345033646,
SNAP-000078-3,SIH26017-PRJ-000078,Rajasthan,Alwar,Final Declaration (Sec 19),0.04740714654326439,
SNAP-000079-1,SIH26017-PRJ-000079,Gujarat,Rajkot,Award Declaration (Sec 23),0.8870678544044495,
SNAP-000080-1,SIH26017-PRJ-000080,Jharkhand,Dhanbad,Draft Declaration,0.10526808351278305,
SNAP-000081-1,SIH26017-PRJ-000081,Odisha,Kalahandi,Draft Declaration,0.04863327741622925,False
SNAP-000081-2,SIH26017-PRJ-000081,Odisha,Kalahandi,Compensation Disbursement,0.034877948462963104,False
SNAP-000082-1,SIH26017-PRJ-000082,Karnataka,Ballari,Social Impact Assessment (SIA),0.0023740387987345457,
SNAP-000082-2,SIH26017-PRJ-000082,Karnataka,Ballari,Survey & Measurement,0.002505890093743801,
SNAP-000083-1,SIH26017-PRJ-000083,Chhattisgarh,Bastar,Social Impact Assessment (SIA),0.007829348556697369,False
SNAP-000084-1,SIH26017-PRJ-000084,Karnataka,Ballari,Final Declaration (Sec 19),0.0056947022676467896,False
SNAP-000085-1,SIH26017-PRJ-000085,Madhya Pradesh,Jabalpur,Survey & Measurement,0.006895300932228565,False
SNAP-000086-1,SIH26017-PRJ-000086,Bihar,Muzaffarpur,Draft Declaration,0.004217882640659809,False
SNAP-000086-2,SIH26017-PRJ-000086,Bihar,Muzaffarpur,Compensation Disbursement,0.00439330842345953,False
SNAP-000087-1,SIH26017-PRJ-000087,Bihar,Gaya,Social Impact Assessment (SIA),0.13176919519901276,
SNAP-000088-1,SIH26017-PRJ-000088,West Bengal,Kolkata,Final Declaration (Sec 19),0.010585724376142025,False
SNAP-000088-2,SIH26017-PRJ-000088,West Bengal,Kolkata,Compensation Disbursement,0.012592850252985954,False
SNAP-000088-3,SIH26017-PRJ-000088,West Bengal,Kolkata,Compensation Disbursement,0.018162831664085388,False
SNAP-000089-1,SIH26017-PRJ-000089,Tamil Nadu,Madurai,Draft Declaration,0.9441651701927185,True
SNAP-000090-1,SIH26017-PRJ-000090,Telangana,Hyderabad,Final Declaration (Sec 19),0.0032674509566277266,False
SNAP-000091-1,SIH26017-PRJ-000091,West Bengal,Howrah,Social Impact Assessment (SIA),0.018040798604488373,
SNAP-000091-2,SIH26017-PRJ-000091,West Bengal,Howrah,Survey & Measurement,0.008826368488371372,
SNAP-000092-1,SIH26017-PRJ-000092,Madhya Pradesh,Jabalpur,Compensation Disbursement,0.0024829404428601265,False
SNAP-000093-1,SIH26017-PRJ-000093,Odisha,Cuttack,Social Impact Assessment (SIA),0.17805160582065582,
SNAP-000093-2,SIH26017-PRJ-000093,Odisha,Cuttack,Survey & Measurement,0.409043550491333,
SNAP-000093-3,SIH26017-PRJ-000093,Odisha,Cuttack,Survey & Measurement,0.47173383831977844,
SNAP-000094-1,SIH26017-PRJ-000094,Maharashtra,Pune,Social Impact Assessment (SIA),0.8051447868347168,
SNAP-000094-2,SIH26017-PRJ-000094,Maharashtra,Pune,Survey & Measurement,0.9077622294425964,
SNAP-000094-3,SIH26017-PRJ-000094,Maharashtra,Pune,Final Declaration (Sec 19),0.8932439684867859,
SNAP-000095-1,SIH26017-PRJ-000095,Jharkhand,Paschimi Singhbhum,Draft Declaration,0.732846200466156,
SNAP-000096-1,SIH26017-PRJ-000096,Chhattisgarh,Bastar,Survey & Measurement,0.016527796164155006,False
SNAP-000096-2,SIH26017-PRJ-000096,Chhattisgarh,Bastar,Compensation Disbursement,0.012326209805905819,False
SNAP-000096-3,SIH26017-PRJ-000096,Chhattisgarh,Bastar,Possession,0.04352005943655968,False
SNAP-000097-1,SIH26017-PRJ-000097,Gujarat,Rajkot,Social Impact Assessment (SIA),0.1257951557636261,
SNAP-000098-1,SIH26017-PRJ-000098,Telangana,Karimnagar,Final Declaration (Sec 19),0.007609541993588209,False
SNAP-000098-2,SIH26017-PRJ-000098,Telangana,Karimnagar,Award Declaration (Sec 23),0.008652443997561932,False
SNAP-000099-1,SIH26017-PRJ-000099,Madhya Pradesh,Jabalpur,Social Impact Assessment (SIA),0.01520124264061451,False
SNAP-000099-2,SIH26017-PRJ-000099,Madhya Pradesh,Jabalpur,Draft Declaration,0.022773051634430885,False
SNAP-000099-3,SIH26017-PRJ-000099,Madhya Pradesh,Jabalpur,Award Declaration (Sec 23),0.026986021548509598,False
SNAP-000100-1,SIH26017-PRJ-000100,Assam,Dibrugarh,Social Impact Assessment (SIA),0.007045927923172712,
SNAP-000100-2,SIH26017-PRJ-000100,Assam,Dibrugarh,Social Impact Assessment (SIA),0.011601145379245281,
SNAP-000100-3,SIH26017-PRJ-000100,Assam,Dibrugarh,Social Impact Assessment (SIA),0.008223013952374458,
SNAP-000101-1,SIH26017-PRJ-000101,Bihar,Muzaffarpur,Award Declaration (Sec 23),0.8898144364356995,True
SNAP-000101-2,SIH26017-PRJ-000101,Bihar,Muzaffarpur,Possession,0.949486494064331,True
SNAP-000102-1,SIH26017-PRJ-000102,Kerala,Thiruvananthapuram,Compensation Disbursement,0.5967054963111877,
SNAP-000103-1,SIH26017-PRJ-000103,Madhya Pradesh,Indore,Preliminary Notification (Sec 11),0.013489008881151676,
SNAP-000103-2,SIH26017-PRJ-000103,Madhya Pradesh,Indore,Preliminary Notification (Sec 11),0.009167036041617393,
SNAP-000104-1,SIH26017-PRJ-000104,Karnataka,Mysuru,Draft Declaration,0.014036102220416069,
SNAP-000104-2,SIH26017-PRJ-000104,Karnataka,Mysuru,Final Declaration (Sec 19),0.02106742188334465,
SNAP-000105-1,SIH26017-PRJ-000105,West Bengal,Purulia,Survey & Measurement,0.0863189622759819,
SNAP-000105-2,SIH26017-PRJ-000105,West Bengal,Purulia,Award Declaration (Sec 23),0.4342835545539856,
SNAP-000106-1,SIH26017-PRJ-000106,Odisha,Khordha,Survey & Measurement,0.03521628677845001,False
SNAP-000106-2,SIH26017-PRJ-000106,Odisha,Khordha,Compensation Disbursement,0.07557491213083267,False
SNAP-000107-1,SIH26017-PRJ-000107,Gujarat,Ahmedabad,Award Declaration (Sec 23),0.02246369607746601,
SNAP-000108-1,SIH26017-PRJ-000108,Chhattisgarh,Bastar,Survey & Measurement,0.1947411149740219,
SNAP-000109-1,SIH26017-PRJ-000109,Madhya Pradesh,Chhindwara,Survey & Measurement,0.009438518434762955,False
SNAP-000110-1,SIH26017-PRJ-000110,Chhattisgarh,Durg,Final Declaration (Sec 19),0.22465378046035767,
SNAP-000111-1,SIH26017-PRJ-000111,Uttar Pradesh,Gautam Buddh Nagar,Compensation Disbursement,0.0018397524254396558,False
SNAP-000112-1,SIH26017-PRJ-000112,Madhya Pradesh,Bhopal,Survey & Measurement,0.031763914972543716,False
SNAP-000113-1,SIH26017-PRJ-000113,Rajasthan,Udaipur,Social Impact Assessment (SIA),0.7079808115959167,
SNAP-000114-1,SIH26017-PRJ-000114,Madhya Pradesh,Indore,Final Declaration (Sec 19),0.12653058767318726,False
SNAP-000115-1,SIH26017-PRJ-000115,Assam,Kamrup,Preliminary Notification (Sec 11),0.09649990499019623,False
SNAP-000116-1,SIH26017-PRJ-000116,Telangana,Warangal,Survey & Measurement,0.005336157511919737,False
SNAP-000116-2,SIH26017-PRJ-000116,Telangana,Warangal,Final Declaration (Sec 19),0.003643933217972517,False
SNAP-000116-3,SIH26017-PRJ-000116,Telangana,Warangal,Compensation Disbursement,0.003491751616820693,False
SNAP-000117-1,SIH26017-PRJ-000117,Bihar,Muzaffarpur,Survey & Measurement,0.002023342065513134,
SNAP-000117-2,SIH26017-PRJ-000117,Bihar,Muzaffarpur,Award Declaration (Sec 23),0.0029206823091953993,
SNAP-000117-3,SIH26017-PRJ-000117,Bihar,Muzaffarpur,Compensation Disbursement,0.001726632472127676,
SNAP-000118-1,SIH26017-PRJ-000118,Telangana,Karimnagar,Award Declaration (Sec 23),0.09086325019598007,False
SNAP-000118-2,SIH26017-PRJ-000118,Telangana,Karimnagar,Compensation Disbursement,0.15159578621387482,False
SNAP-000119-1,SIH26017-PRJ-000119,Madhya Pradesh,Chhindwara,Draft Declaration,0.007113601081073284,False
SNAP-000120-1,SIH26017-PRJ-000120,Jharkhand,Ranchi,Final Declaration (Sec 19),0.09795884042978287,
SNAP-000121-1,SIH26017-PRJ-000121,Jharkhand,Dhanbad,Social Impact Assessment (SIA),0.4864494204521179,
SNAP-000122-1,SIH26017-PRJ-000122,Bihar,Muzaffarpur,Social Impact Assessment (SIA),0.010460790246725082,
SNAP-000122-2,SIH26017-PRJ-000122,Bihar,Muzaffarpur,Social Impact Assessment (SIA),0.0066781011410057545,
SNAP-000122-3,SIH26017-PRJ-000122,Bihar,Muzaffarpur,Social Impact Assessment (SIA),0.012536287307739258,
SNAP-000123-1,SIH26017-PRJ-000123,Tamil Nadu,Tiruchirappalli,Award Declaration (Sec 23),0.2682430148124695,
SNAP-000124-1,SIH26017-PRJ-000124,Tamil Nadu,Madurai,Final Declaration (Sec 19),0.1554771214723587,
SNAP-000124-2,SIH26017-PRJ-000124,Tamil Nadu,Madurai,Compensation Disbursement,0.14940525591373444,
SNAP-000125-1,SIH26017-PRJ-000125,Karnataka,Ballari,Possession,0.18688899278640747,
SNAP-000126-1,SIH26017-PRJ-000126,Karnataka,Ballari,Survey & Measurement,0.0077857947908341885,False
SNAP-000126-2,SIH26017-PRJ-000126,Karnataka,Ballari,Award Declaration (Sec 23),0.005642924923449755,False
SNAP-000127-1,SIH26017-PRJ-000127,Jharkhand,Ranchi,Social Impact Assessment (SIA),0.1115085706114769,
SNAP-000128-1,SIH26017-PRJ-000128,Kerala,Thiruvananthapuram,Survey & Measurement,0.003809950314462185,
SNAP-000129-1,SIH26017-PRJ-000129,Kerala,Thiruvananthapuram,Preliminary Notification (Sec 11),0.008182764984667301,
SNAP-000130-1,SIH26017-PRJ-000130,Madhya Pradesh,Jabalpur,Social Impact Assessment (SIA),0.006735077127814293,False
SNAP-000131-1,SIH26017-PRJ-000131,Karnataka,Belagavi,Award Declaration (Sec 23),0.011880350299179554,
SNAP-000132-1,SIH26017-PRJ-000132,Madhya Pradesh,Chhindwara,Social Impact Assessment (SIA),0.007962744683027267,False
SNAP-000133-1,SIH26017-PRJ-000133,Madhya Pradesh,Bhopal,Preliminary Notification (Sec 11),0.8666854500770569,False
SNAP-000134-1,SIH26017-PRJ-000134,Madhya Pradesh,Chhindwara,Final Declaration (Sec 19),0.06987490504980087,False
SNAP-000134-2,SIH26017-PRJ-000134,Madhya Pradesh,Chhindwara,Compensation Disbursement,0.05218157917261124,False
SNAP-000135-1,SIH26017-PRJ-000135,Odisha,Khordha,Social Impact Assessment (SIA),0.36130011081695557,
SNAP-000136-1,SIH26017-PRJ-000136,Uttar Pradesh,Gautam Buddh Nagar,Draft Declaration,0.02254307083785534,False
SNAP-000136-2,SIH26017-PRJ-000136,Uttar Pradesh,Gautam Buddh Nagar,Compensation Disbursement,0.018391646444797516,False
SNAP-000137-1,SIH26017-PRJ-000137,Chhattisgarh,Raipur,Final Declaration (Sec 19),0.0037762331776320934,False
SNAP-000137-2,SIH26017-PRJ-000137,Chhattisgarh,Raipur,Compensation Disbursement,0.010811276733875275,False
SNAP-000138-1,SIH26017-PRJ-000138,Madhya Pradesh,Chhindwara,Compensation Disbursement,0.01248074509203434,False
SNAP-000139-1,SIH26017-PRJ-000139,Rajasthan,Udaipur,Survey & Measurement,0.002206673612818122,
SNAP-000140-1,SIH26017-PRJ-000140,Uttar Pradesh,Agra,Possession,0.013637431897222996,
SNAP-000141-1,SIH26017-PRJ-000141,Jharkhand,Paschimi Singhbhum,Award Declaration (Sec 23),0.2095911204814911,False
SNAP-000142-1,SIH26017-PRJ-000142,Assam,Dibrugarh,Preliminary Notification (Sec 11),0.4209152162075043,False
SNAP-000143-1,SIH26017-PRJ-000143,Telangana,Karimnagar,Final Declaration (Sec 19),0.009388522244989872,False
SNAP-000143-2,SIH26017-PRJ-000143,Telangana,Karimnagar,Compensation Disbursement,0.005532138980925083,False
SNAP-000144-1,SIH26017-PRJ-000144,Madhya Pradesh,Jabalpur,Compensation Disbursement,0.009238370694220066,False
SNAP-000145-1,SIH26017-PRJ-000145,West Bengal,Howrah,Final Declaration (Sec 19),0.7583144307136536,
SNAP-000146-1,SIH26017-PRJ-000146,Rajasthan,Udaipur,Social Impact Assessment (SIA),0.03489406779408455,
SNAP-000147-1,SIH26017-PRJ-000147,West Bengal,Purulia,Draft Declaration,0.02645580656826496,False
SNAP-000147-2,SIH26017-PRJ-000147,West Bengal,Purulia,Compensation Disbursement,0.016228027641773224,False
SNAP-000148-1,SIH26017-PRJ-000148,Madhya Pradesh,Indore,Preliminary Notification (Sec 11),0.004237595479935408,False
SNAP-000149-1,SIH26017-PRJ-000149,Kerala,Ernakulam,Survey & Measurement,0.29874852299690247,
SNAP-000150-1,SIH26017-PRJ-000150,Gujarat,Vadodara,Survey & Measurement,0.8819957971572876,
SNAP-000150-2,SIH26017-PRJ-000150,Gujarat,Vadodara,Final Declaration (Sec 19),0.8797219395637512,
SNAP-000150-3,SIH26017-PRJ-000150,Gujarat,Vadodara,Award Declaration (Sec 23),0.9216911792755127,
SNAP-000151-1,SIH26017-PRJ-000151,Jharkhand,Ranchi,Compensation Disbursement,0.5314823389053345,
SNAP-000152-1,SIH26017-PRJ-000152,Rajasthan,Alwar,Preliminary Notification (Sec 11),0.05937408283352852,
SNAP-000152-2,SIH26017-PRJ-000152,Rajasthan,Alwar,Preliminary Notification (Sec 11),0.07777659595012665,
SNAP-000153-1,SIH26017-PRJ-000153,Odisha,Sundargarh,Social Impact Assessment (SIA),0.275471568107605,
SNAP-000153-2,SIH26017-PRJ-000153,Odisha,Sundargarh,Award Declaration (Sec 23),0.3194553554058075,
SNAP-000153-3,SIH26017-PRJ-000153,Odisha,Sundargarh,Compensation Disbursement,0.3523636758327484,
SNAP-000154-1,SIH26017-PRJ-000154,Jharkhand,Paschimi Singhbhum,Preliminary Notification (Sec 11),0.0148157998919487,
SNAP-000155-1,SIH26017-PRJ-000155,Jharkhand,Dhanbad,Compensation Disbursement,0.9265027642250061,True
SNAP-000156-1,SIH26017-PRJ-000156,Odisha,Sundargarh,Survey & Measurement,0.012966413050889969,False
SNAP-000156-2,SIH26017-PRJ-000156,Odisha,Sundargarh,Draft Declaration,0.0061475299298763275,False
SNAP-000156-3,SIH26017-PRJ-000156,Odisha,Sundargarh,Compensation Disbursement,0.01836502179503441,False
SNAP-000157-1,SIH26017-PRJ-000157,Gujarat,Vadodara,Final Declaration (Sec 19),0.7930140495300293,True
SNAP-000157-2,SIH26017-PRJ-000157,Gujarat,Vadodara,Compensation Disbursement,0.5827019810676575,True
SNAP-000158-1,SIH26017-PRJ-000158,Maharashtra,Nashik,Preliminary Notification (Sec 11),0.05272691696882248,
SNAP-000159-1,SIH26017-PRJ-000159,Karnataka,Bengaluru Rural,Final Declaration (Sec 19),0.0045638796873390675,
SNAP-000160-1,SIH26017-PRJ-000160,Telangana,Karimnagar,Survey & Measurement,0.3277527391910553,False
SNAP-000160-2,SIH26017-PRJ-000160,Telangana,Karimnagar,Award Declaration (Sec 23),0.4499293565750122,False
SNAP-000161-1,SIH26017-PRJ-000161,Uttar Pradesh,Gautam Buddh Nagar,Award Declaration (Sec 23),0.0033886495511978865,False
SNAP-000162-1,SIH26017-PRJ-000162,Kerala,Thiruvananthapuram,Draft Declaration,0.14202141761779785,
SNAP-000163-1,SIH26017-PRJ-000163,Uttar Pradesh,Gautam Buddh Nagar,Final Declaration (Sec 19),0.0018163984641432762,False
SNAP-000164-1,SIH26017-PRJ-000164,Chhattisgarh,Raipur,Social Impact Assessment (SIA),0.014879422262310982,
SNAP-000165-1,SIH26017-PRJ-000165,Uttar Pradesh,Varanasi,Survey & Measurement,0.05540936440229416,False
SNAP-000165-2,SIH26017-PRJ-000165,Uttar Pradesh,Varanasi,Final Declaration (Sec 19),0.060804229229688644,False
SNAP-000165-3,SIH26017-PRJ-000165,Uttar Pradesh,Varanasi,Compensation Disbursement,0.0576375387609005,False
SNAP-000166-1,SIH26017-PRJ-000166,West Bengal,Purba Bardhaman,Social Impact Assessment (SIA),0.003550827968865633,
SNAP-000167-1,SIH26017-PRJ-000167,Assam,Dibrugarh,Survey & Measurement,0.018216021358966827,
SNAP-000168-1,SIH26017-PRJ-000168,Telangana,Hyderabad,Award Declaration (Sec 23),0.6664824485778809,
SNAP-000168-2,SIH26017-PRJ-000168,Telangana,Hyderabad,Compensation Disbursement,0.6271083950996399,
SNAP-000169-1,SIH26017-PRJ-000169,Chhattisgarh,Bastar,Final Declaration (Sec 19),0.06187950074672699,
SNAP-000170-1,SIH26017-PRJ-000170,Jharkhand,Paschimi Singhbhum,Social Impact Assessment (SIA),0.8170628547668457,
SNAP-000171-1,SIH26017-PRJ-000171,Tamil Nadu,Chennai,Final Declaration (Sec 19),0.08308584243059158,
SNAP-000172-1,SIH26017-PRJ-000172,Assam,Dibrugarh,Social Impact Assessment (SIA),0.11902514100074768,
SNAP-000172-2,SIH26017-PRJ-000172,Assam,Dibrugarh,Survey & Measurement,0.17676860094070435,
SNAP-000173-1,SIH26017-PRJ-000173,Odisha,Khordha,Draft Declaration,0.036401137709617615,
SNAP-000174-1,SIH26017-PRJ-000174,West Bengal,Purulia,Preliminary Notification (Sec 11),0.2676469087600708,False
SNAP-000175-1,SIH26017-PRJ-000175,Jharkhand,Ranchi,Award Declaration (Sec 23),0.0020131433848291636,False
SNAP-000175-2,SIH26017-PRJ-000175,Jharkhand,Ranchi,Compensation Disbursement,0.0025425907224416733,False
SNAP-000176-1,SIH26017-PRJ-000176,Chhattisgarh,Durg,Compensation Disbursement,0.09285477548837662,False
SNAP-000177-1,SIH26017-PRJ-000177,Tamil Nadu,Tiruchirappalli,Final Declaration (Sec 19),0.31896814703941345,
SNAP-000178-1,SIH26017-PRJ-000178,Chhattisgarh,Bastar,Social Impact Assessment (SIA),0.06471601873636246,
SNAP-000178-2,SIH26017-PRJ-000178,Chhattisgarh,Bastar,Survey & Measurement,0.11602529138326645,
SNAP-000178-3,SIH26017-PRJ-000178,Chhattisgarh,Bastar,Survey & Measurement,0.031923845410346985,
SNAP-000179-1,SIH26017-PRJ-000179,Kerala,Thiruvananthapuram,Social Impact Assessment (SIA),0.12159973382949829,False
SNAP-000180-1,SIH26017-PRJ-000180,West Bengal,Purba Bardhaman,Social Impact Assessment (SIA),0.011572528630495071,
SNAP-000181-1,SIH26017-PRJ-000181,Assam,Dibrugarh,Draft Declaration,0.4142886698246002,
SNAP-000182-1,SIH26017-PRJ-000182,Telangana,Hyderabad,Compensation Disbursement,0.007447868585586548,False
SNAP-000183-1,SIH26017-PRJ-000183,Chhattisgarh,Durg,Draft Declaration,0.004407116211950779,
SNAP-000183-2,SIH26017-PRJ-000183,Chhattisgarh,Durg,Award Declaration (Sec 23),0.009414959698915482,
SNAP-000184-1,SIH26017-PRJ-000184,West Bengal,Kolkata,Social Impact Assessment (SIA),0.4812605381011963,
SNAP-000184-2,SIH26017-PRJ-000184,West Bengal,Kolkata,Final Declaration (Sec 19),0.764877200126648,
SNAP-000184-3,SIH26017-PRJ-000184,West Bengal,Kolkata,Final Declaration (Sec 19),0.6727016568183899,
SNAP-000185-1,SIH26017-PRJ-000185,Maharashtra,Nagpur,Preliminary Notification (Sec 11),0.02664901874959469,
SNAP-000185-2,SIH26017-PRJ-000185,Maharashtra,Nagpur,Preliminary Notification (Sec 11),0.017742963507771492,
SNAP-000186-1,SIH26017-PRJ-000186,Gujarat,Surat,Social Impact Assessment (SIA),0.005028599873185158,
SNAP-000186-2,SIH26017-PRJ-000186,Gujarat,Surat,Survey & Measurement,0.003225699532777071,
SNAP-000186-3,SIH26017-PRJ-000186,Gujarat,Surat,Survey & Measurement,0.008418102748692036,
SNAP-000187-1,SIH26017-PRJ-000187,Telangana,Hyderabad,Mutation & Handover,0.04804480820894241,
SNAP-000188-1,SIH26017-PRJ-000188,Uttar Pradesh,Varanasi,Possession,0.007753324694931507,False
SNAP-000189-1,SIH26017-PRJ-000189,Bihar,Patna,Award Declaration (Sec 23),0.008719570003449917,False
SNAP-000190-1,SIH26017-PRJ-000190,West Bengal,Purba Bardhaman,Social Impact Assessment (SIA),0.030505796894431114,
SNAP-000190-2,SIH26017-PRJ-000190,West Bengal,Purba Bardhaman,Survey & Measurement,0.05708850175142288,
SNAP-000190-3,SIH26017-PRJ-000190,West Bengal,Purba Bardhaman,Survey & Measurement,0.03375585749745369,
SNAP-000191-1,SIH26017-PRJ-000191,Bihar,Muzaffarpur,Possession,0.030170829966664314,False
SNAP-000192-1,SIH26017-PRJ-000192,Uttar Pradesh,Lucknow,Draft Declaration,0.03953183442354202,False
SNAP-000192-2,SIH26017-PRJ-000192,Uttar Pradesh,Lucknow,Compensation Disbursement,0.03682161122560501,False
SNAP-000192-3,SIH26017-PRJ-000192,Uttar Pradesh,Lucknow,Possession,0.08844361454248428,False
SNAP-000193-1,SIH26017-PRJ-000193,Uttar Pradesh,Lucknow,Social Impact Assessment (SIA),0.005923233460634947,False
SNAP-000194-1,SIH26017-PRJ-000194,Assam,Kamrup,Draft Declaration,0.016265980899333954,False
SNAP-000194-2,SIH26017-PRJ-000194,Assam,Kamrup,Compensation Disbursement,0.019007233902812004,False
SNAP-000195-1,SIH26017-PRJ-000195,Rajasthan,Jodhpur,Final Declaration (Sec 19),0.1618032455444336,False
SNAP-000196-1,SIH26017-PRJ-000196,Jharkhand,Ranchi,Social Impact Assessment (SIA),0.5412207841873169,
SNAP-000196-2,SIH26017-PRJ-000196,Jharkhand,Ranchi,Survey & Measurement,0.8508694767951965,
SNAP-000196-3,SIH26017-PRJ-000196,Jharkhand,Ranchi,Survey & Measurement,0.6764640808105469,
SNAP-000197-1,SIH26017-PRJ-000197,Kerala,Thiruvananthapuram,Compensation Disbursement,0.1589413583278656,False
SNAP-000198-1,SIH26017-PRJ-000198,Chhattisgarh,Bastar,Social Impact Assessment (SIA),0.004222801886498928,
SNAP-000198-2,SIH26017-PRJ-000198,Chhattisgarh,Bastar,Social Impact Assessment (SIA),0.006900419015437365,
SNAP-000199-1,SIH26017-PRJ-000199,Odisha,Khordha,Survey & Measurement,0.15455806255340576,
SNAP-000200-1,SIH26017-PRJ-000200,Kerala,Thiruvananthapuram,Survey & Measurement,0.2224547415971756,
SNAP-000201-1,SIH26017-PRJ-000201,Maharashtra,Pune,Compensation Disbursement,0.033932216465473175,
SNAP-000202-1,SIH26017-PRJ-000202,Chhattisgarh,Bastar,Mutation & Handover,0.03330584242939949,False
SNAP-000203-1,SIH26017-PRJ-000203,Gujarat,Surat,Social Impact Assessment (SIA),0.7406041026115417,
SNAP-000203-2,SIH26017-PRJ-000203,Gujarat,Surat,Survey & Measurement,0.8084450960159302,
SNAP-000204-1,SIH26017-PRJ-000204,Assam,Dibrugarh,Final Declaration (Sec 19),0.02482590265572071,
SNAP-000205-1,SIH26017-PRJ-000205,Rajasthan,Alwar,Preliminary Notification (Sec 11),0.025111591443419456,
SNAP-000206-1,SIH26017-PRJ-000206,Maharashtra,Pune,Social Impact Assessment (SIA),0.01248809415847063,
SNAP-000206-2,SIH26017-PRJ-000206,Maharashtra,Pune,Draft Declaration,0.028025919571518898,
SNAP-000207-1,SIH26017-PRJ-000207,Tamil Nadu,Tiruchirappalli,Survey & Measurement,0.5100527405738831,
SNAP-000208-1,SIH26017-PRJ-000208,Maharashtra,Nagpur,Survey & Measurement,0.3031681478023529,
SNAP-000208-2,SIH26017-PRJ-000208,Maharashtra,Nagpur,Survey & Measurement,0.35625728964805603,
SNAP-000209-1,SIH26017-PRJ-000209,Odisha,Cuttack,Social Impact Assessment (SIA),0.0509444959461689,
SNAP-000209-2,SIH26017-PRJ-000209,Odisha,Cuttack,Final Declaration (Sec 19),0.08467619866132736,
SNAP-000209-3,SIH26017-PRJ-000209,Odisha,Cuttack,Compensation Disbursement,0.08807898312807083,
SNAP-000210-1,SIH26017-PRJ-000210,Assam,Dibrugarh,Social Impact Assessment (SIA),0.9174623489379883,True
SNAP-000211-1,SIH26017-PRJ-000211,Madhya Pradesh,Indore,Possession,0.05271998792886734,False
SNAP-000212-1,SIH26017-PRJ-000212,Rajasthan,Alwar,Draft Declaration,0.005651450250297785,
SNAP-000212-2,SIH26017-PRJ-000212,Rajasthan,Alwar,Award Declaration (Sec 23),0.008242620155215263,
SNAP-000213-1,SIH26017-PRJ-000213,Karnataka,Bengaluru Rural,Draft Declaration,0.06685708463191986,False
SNAP-000213-2,SIH26017-PRJ-000213,Karnataka,Bengaluru Rural,Compensation Disbursement,0.057990316301584244,False
SNAP-000214-1,SIH26017-PRJ-000214,Maharashtra,Pune,Social Impact Assessment (SIA),0.018006058409810066,False
SNAP-000215-1,SIH26017-PRJ-000215,Odisha,Kalahandi,Social Impact Assessment (SIA),0.04079972952604294,
SNAP-000216-1,SIH26017-PRJ-000216,Assam,Dibrugarh,Survey & Measurement,0.13767147064208984,
SNAP-000216-2,SIH26017-PRJ-000216,Assam,Dibrugarh,Final Declaration (Sec 19),0.4642549157142639,
SNAP-000216-3,SIH26017-PRJ-000216,Assam,Dibrugarh,Award Declaration (Sec 23),0.19243678450584412,
SNAP-000217-1,SIH26017-PRJ-000217,Tamil Nadu,Madurai,Compensation Disbursement,0.016088753938674927,False
SNAP-000218-1,SIH26017-PRJ-000218,Gujarat,Surat,Survey & Measurement,0.02400817535817623,
SNAP-000218-2,SIH26017-PRJ-000218,Gujarat,Surat,Draft Declaration,0.010635272599756718,
SNAP-000219-1,SIH26017-PRJ-000219,Assam,Dibrugarh,Final Declaration (Sec 19),0.46710553765296936,True
SNAP-000219-2,SIH26017-PRJ-000219,Assam,Dibrugarh,Award Declaration (Sec 23),0.7041865587234497,True
SNAP-000219-3,SIH26017-PRJ-000219,Assam,Dibrugarh,Possession,0.6888216137886047,True
SNAP-000220-1,SIH26017-PRJ-000220,Madhya Pradesh,Jabalpur,Compensation Disbursement,0.017018884420394897,False
SNAP-000221-1,SIH26017-PRJ-000221,Bihar,Patna,Possession,0.00425455067306757,False
SNAP-000222-1,SIH26017-PRJ-000222,West Bengal,Purulia,Social Impact Assessment (SIA),0.16164487600326538,False
SNAP-000223-1,SIH26017-PRJ-000223,Chhattisgarh,Bastar,Survey & Measurement,0.004155691247433424,
SNAP-000224-1,SIH26017-PRJ-000224,Uttar Pradesh,Gautam Buddh Nagar,Draft Declaration,0.022875266149640083,False
SNAP-000224-2,SIH26017-PRJ-000224,Uttar Pradesh,Gautam Buddh Nagar,Award Declaration (Sec 23),0.03679888695478439,False
SNAP-000224-3,SIH26017-PRJ-000224,Uttar Pradesh,Gautam Buddh Nagar,Compensation Disbursement,0.009728746488690376,False
SNAP-000225-1,SIH26017-PRJ-000225,Bihar,Gaya,Draft Declaration,0.015513607300817966,False
SNAP-000226-1,SIH26017-PRJ-000226,Bihar,Muzaffarpur,Award Declaration (Sec 23),0.038874730467796326,False
SNAP-000227-1,SIH26017-PRJ-000227,Kerala,Thiruvananthapuram,Social Impact Assessment (SIA),0.028453771024942398,
SNAP-000227-2,SIH26017-PRJ-000227,Kerala,Thiruvananthapuram,Award Declaration (Sec 23),0.029912736266851425,
SNAP-000228-1,SIH26017-PRJ-000228,Tamil Nadu,Coimbatore,Survey & Measurement,0.005499822087585926,
SNAP-000229-1,SIH26017-PRJ-000229,Telangana,Hyderabad,Draft Declaration,0.012873154133558273,
SNAP-000229-2,SIH26017-PRJ-000229,Telangana,Hyderabad,Compensation Disbursement,0.00807447824627161,
SNAP-000230-1,SIH26017-PRJ-000230,Bihar,Muzaffarpur,Award Declaration (Sec 23),0.07412832975387573,
SNAP-000231-1,SIH26017-PRJ-000231,Odisha,Khordha,Social Impact Assessment (SIA),0.22770464420318604,False
SNAP-000232-1,SIH26017-PRJ-000232,Odisha,Cuttack,Social Impact Assessment (SIA),0.6282002329826355,
SNAP-000232-2,SIH26017-PRJ-000232,Odisha,Cuttack,Award Declaration (Sec 23),0.7540473341941833,
SNAP-000233-1,SIH26017-PRJ-000233,Kerala,Thiruvananthapuram,Final Declaration (Sec 19),0.5492303371429443,
SNAP-000234-1,SIH26017-PRJ-000234,Odisha,Sundargarh,Survey & Measurement,0.04329267889261246,False
SNAP-000234-2,SIH26017-PRJ-000234,Odisha,Sundargarh,Final Declaration (Sec 19),0.006558368448168039,False
SNAP-000234-3,SIH26017-PRJ-000234,Odisha,Sundargarh,Compensation Disbursement,0.016159232705831528,False
SNAP-000235-1,SIH26017-PRJ-000235,West Bengal,Purba Bardhaman,Award Declaration (Sec 23),0.7557671070098877,
SNAP-000235-2,SIH26017-PRJ-000235,West Bengal,Purba Bardhaman,Compensation Disbursement,0.7965440154075623,
SNAP-000236-1,SIH26017-PRJ-000236,Tamil Nadu,Chennai,Draft Declaration,0.0033306770492345095,
SNAP-000236-2,SIH26017-PRJ-000236,Tamil Nadu,Chennai,Award Declaration (Sec 23),0.00260469364002347,
SNAP-000237-1,SIH26017-PRJ-000237,Bihar,Gaya,Draft Declaration,0.040296800434589386,False
SNAP-000237-2,SIH26017-PRJ-000237,Bihar,Gaya,Compensation Disbursement,0.034586191177368164,False
SNAP-000238-1,SIH26017-PRJ-000238,Odisha,Khordha,Draft Declaration,0.19579192996025085,
SNAP-000238-2,SIH26017-PRJ-000238,Odisha,Khordha,Compensation Disbursement,0.24616603553295135,
SNAP-000239-1,SIH26017-PRJ-000239,Uttar Pradesh,Lucknow,Survey & Measurement,0.007488951086997986,False
SNAP-000239-2,SIH26017-PRJ-000239,Uttar Pradesh,Lucknow,Compensation Disbursement,0.012816869653761387,False
SNAP-000240-1,SIH26017-PRJ-000240,Gujarat,Surat,Survey & Measurement,0.016224198043346405,False
SNAP-000241-1,SIH26017-PRJ-000241,Telangana,Hyderabad,Social Impact Assessment (SIA),0.8044487833976746,
SNAP-000241-2,SIH26017-PRJ-000241,Telangana,Hyderabad,Draft Declaration,0.8302059769630432,
SNAP-000242-1,SIH26017-PRJ-000242,Assam,Dibrugarh,Social Impact Assessment (SIA),0.3719628155231476,
SNAP-000242-2,SIH26017-PRJ-000242,Assam,Dibrugarh,Survey & Measurement,0.301864355802536,
SNAP-000243-1,SIH26017-PRJ-000243,Telangana,Karimnagar,Social Impact Assessment (SIA),0.6637265086174011,
SNAP-000243-2,SIH26017-PRJ-000243,Telangana,Karimnagar,Draft Declaration,0.8059530854225159,
SNAP-000244-1,SIH26017-PRJ-000244,Chhattisgarh,Durg,Award Declaration (Sec 23),0.004304911009967327,False
SNAP-000244-2,SIH26017-PRJ-000244,Chhattisgarh,Durg,Compensation Disbursement,0.0029704365879297256,False
SNAP-000245-1,SIH26017-PRJ-000245,Rajasthan,Jaipur,Draft Declaration,0.9476000666618347,True
SNAP-000245-2,SIH26017-PRJ-000245,Rajasthan,Jaipur,Compensation Disbursement,0.9372133612632751,True
SNAP-000246-1,SIH26017-PRJ-000246,Gujarat,Ahmedabad,Social Impact Assessment (SIA),0.8995272517204285,
SNAP-000247-1,SIH26017-PRJ-000247,Rajasthan,Jaipur,Final Declaration (Sec 19),0.032825130969285965,False
SNAP-000247-2,SIH26017-PRJ-000247,Rajasthan,Jaipur,Compensation Disbursement,0.024492833763360977,False
SNAP-000248-1,SIH26017-PRJ-000248,West Bengal,Kolkata,Survey & Measurement,0.924589991569519,True
SNAP-000248-2,SIH26017-PRJ-000248,West Bengal,Kolkata,Award Declaration (Sec 23),0.9683589339256287,True
SNAP-000248-3,SIH26017-PRJ-000248,West Bengal,Kolkata,Compensation Disbursement,0.956275224685669,True
SNAP-000249-1,SIH26017-PRJ-000249,Madhya Pradesh,Chhindwara,Social Impact Assessment (SIA),0.003760469378903508,False
SNAP-000250-1,SIH26017-PRJ-000250,Assam,Kamrup,Draft Declaration,0.6314325332641602,True
SNAP-000250-2,SIH26017-PRJ-000250,Assam,Kamrup,Compensation Disbursement,0.36748799681663513,True
SNAP-000251-1,SIH26017-PRJ-000251,Maharashtra,Pune,Draft Declaration,0.0479406900703907,False
SNAP-000251-2,SIH26017-PRJ-000251,Maharashtra,Pune,Compensation Disbursement,0.028873013332486153,False
SNAP-000251-3,SIH26017-PRJ-000251,Maharashtra,Pune,Compensation Disbursement,0.033143240958452225,False
SNAP-000252-1,SIH26017-PRJ-000252,Karnataka,Bengaluru Rural,Draft Declaration,0.011894616298377514,False
SNAP-000252-2,SIH26017-PRJ-000252,Karnataka,Bengaluru Rural,Compensation Disbursement,0.006633501034229994,False
SNAP-000253-1,SIH26017-PRJ-000253,Rajasthan,Udaipur,Preliminary Notification (Sec 11),0.0733942911028862,
SNAP-000254-1,SIH26017-PRJ-000254,Odisha,Khordha,Final Declaration (Sec 19),0.04861309379339218,False
SNAP-000254-2,SIH26017-PRJ-000254,Odisha,Khordha,Award Declaration (Sec 23),0.09678277373313904,False
SNAP-000255-1,SIH26017-PRJ-000255,Jharkhand,Ranchi,Final Declaration (Sec 19),0.0359671488404274,
SNAP-000256-1,SIH26017-PRJ-000256,Assam,Dibrugarh,Award Declaration (Sec 23),0.17913028597831726,False
SNAP-000256-2,SIH26017-PRJ-000256,Assam,Dibrugarh,Award Declaration (Sec 23),0.17802421748638153,False
SNAP-000257-1,SIH26017-PRJ-000257,Uttar Pradesh,Varanasi,Survey & Measurement,0.0021733720786869526,False
SNAP-000258-1,SIH26017-PRJ-000258,Uttar Pradesh,Lucknow,Award Declaration (Sec 23),0.00797947496175766,False
SNAP-000259-1,SIH26017-PRJ-000259,Odisha,Kalahandi,Award Declaration (Sec 23),0.1157500222325325,False
SNAP-000260-1,SIH26017-PRJ-000260,Madhya Pradesh,Chhindwara,Draft Declaration,0.6919285655021667,
SNAP-000261-1,SIH26017-PRJ-000261,Chhattisgarh,Raipur,Compensation Disbursement,0.20948489010334015,False
SNAP-000262-1,SIH26017-PRJ-000262,Bihar,Gaya,Survey & Measurement,0.027385536581277847,False
SNAP-000262-2,SIH26017-PRJ-000262,Bihar,Gaya,Compensation Disbursement,0.015263091772794724,False
SNAP-000262-3,SIH26017-PRJ-000262,Bihar,Gaya,Possession,0.04190889373421669,False
SNAP-000263-1,SIH26017-PRJ-000263,Telangana,Karimnagar,Survey & Measurement,0.020399264991283417,False
SNAP-000263-2,SIH26017-PRJ-000263,Telangana,Karimnagar,Final Declaration (Sec 19),0.018136736005544662,False
SNAP-000263-3,SIH26017-PRJ-000263,Telangana,Karimnagar,Compensation Disbursement,0.0138041190803051,False
SNAP-000264-1,SIH26017-PRJ-000264,Assam,Dibrugarh,Draft Declaration,0.011082032695412636,
SNAP-000265-1,SIH26017-PRJ-000265,Assam,Kamrup,Compensation Disbursement,0.004875066224485636,False
SNAP-000266-1,SIH26017-PRJ-000266,Telangana,Karimnagar,Social Impact Assessment (SIA),0.505756139755249,
SNAP-000267-1,SIH26017-PRJ-000267,Rajasthan,Alwar,Social Impact Assessment (SIA),0.27284228801727295,
SNAP-000267-2,SIH26017-PRJ-000267,Rajasthan,Alwar,Social Impact Assessment (SIA),0.2597786486148834,
SNAP-000268-1,SIH26017-PRJ-000268,Chhattisgarh,Bastar,Social Impact Assessment (SIA),0.06733015924692154,
SNAP-000268-2,SIH26017-PRJ-000268,Chhattisgarh,Bastar,Survey & Measurement,0.02371852472424507,
SNAP-000268-3,SIH26017-PRJ-000268,Chhattisgarh,Bastar,Survey & Measurement,0.027648044750094414,
SNAP-000269-1,SIH26017-PRJ-000269,Bihar,Gaya,Final Declaration (Sec 19),0.004400388803333044,
SNAP-000270-1,SIH26017-PRJ-000270,West Bengal,Howrah,Social Impact Assessment (SIA),0.06599584966897964,
SNAP-000271-1,SIH26017-PRJ-000271,Karnataka,Bengaluru Rural,Award Declaration (Sec 23),0.9150675535202026,True
SNAP-000272-1,SIH26017-PRJ-000272,Karnataka,Ballari,Compensation Disbursement,0.49067893624305725,True
SNAP-000273-1,SIH26017-PRJ-000273,Gujarat,Ahmedabad,Compensation Disbursement,0.005009207874536514,False
SNAP-000274-1,SIH26017-PRJ-000274,Karnataka,Belagavi,Final Declaration (Sec 19),0.5164534449577332,
SNAP-000275-1,SIH26017-PRJ-000275,Odisha,Cuttack,Draft Declaration,0.009595721028745174,
SNAP-000275-2,SIH26017-PRJ-000275,Odisha,Cuttack,Final Declaration (Sec 19),0.017319455742836,
SNAP-000276-1,SIH26017-PRJ-000276,Chhattisgarh,Durg,Social Impact Assessment (SIA),0.24733871221542358,
SNAP-000277-1,SIH26017-PRJ-000277,Telangana,Karimnagar,Mutation & Handover,0.010821260511875153,False
SNAP-000278-1,SIH26017-PRJ-000278,Gujarat,Surat,Draft Declaration,0.6328994035720825,False
SNAP-000278-2,SIH26017-PRJ-000278,Gujarat,Surat,Award Declaration (Sec 23),0.9547984600067139,False
SNAP-000278-3,SIH26017-PRJ-000278,Gujarat,Surat,Compensation Disbursement,0.5477072596549988,False
SNAP-000279-1,SIH26017-PRJ-000279,Jharkhand,Ranchi,Final Declaration (Sec 19),0.28099849820137024,
SNAP-000279-2,SIH26017-PRJ-000279,Jharkhand,Ranchi,Award Declaration (Sec 23),0.12924295663833618,
SNAP-000279-3,SIH26017-PRJ-000279,Jharkhand,Ranchi,Compensation Disbursement,0.03540924936532974,
SNAP-000280-1,SIH26017-PRJ-000280,Maharashtra,Nagpur,Award Declaration (Sec 23),0.002015456324443221,False
SNAP-000281-1,SIH26017-PRJ-000281,Assam,Kamrup,Survey & Measurement,0.8568754196166992,
SNAP-000282-1,SIH26017-PRJ-000282,Odisha,Cuttack,Social Impact Assessment (SIA),0.007741004228591919,
SNAP-000283-1,SIH26017-PRJ-000283,Bihar,Muzaffarpur,Social Impact Assessment (SIA),0.0025615687482059,
SNAP-000283-2,SIH26017-PRJ-000283,Bihar,Muzaffarpur,Social Impact Assessment (SIA),0.0017657483695074916,
SNAP-000284-1,SIH26017-PRJ-000284,Odisha,Kalahandi,Draft Declaration,0.007356456480920315,False
SNAP-000284-2,SIH26017-PRJ-000284,Odisha,Kalahandi,Award Declaration (Sec 23),0.007730295415967703,False
SNAP-000285-1,SIH26017-PRJ-000285,Bihar,Muzaffarpur,Survey & Measurement,0.005466650705784559,False
SNAP-000285-2,SIH26017-PRJ-000285,Bihar,Muzaffarpur,Compensation Disbursement,0.0038028841372579336,False
SNAP-000286-1,SIH26017-PRJ-000286,Madhya Pradesh,Jabalpur,Survey & Measurement,0.036209531128406525,False
SNAP-000286-2,SIH26017-PRJ-000286,Madhya Pradesh,Jabalpur,Compensation Disbursement,0.03274869918823242,False
SNAP-000287-1,SIH26017-PRJ-000287,Uttar Pradesh,Gautam Buddh Nagar,Compensation Disbursement,0.1400584727525711,False
SNAP-000288-1,SIH26017-PRJ-000288,Rajasthan,Jaipur,Preliminary Notification (Sec 11),0.14607949554920197,
SNAP-000289-1,SIH26017-PRJ-000289,Gujarat,Rajkot,Survey & Measurement,0.0012180986814200878,False
SNAP-000289-2,SIH26017-PRJ-000289,Gujarat,Rajkot,Final Declaration (Sec 19),0.0020795066375285387,False
SNAP-000289-3,SIH26017-PRJ-000289,Gujarat,Rajkot,Compensation Disbursement,0.0023404776584357023,False
SNAP-000290-1,SIH26017-PRJ-000290,Kerala,Ernakulam,Final Declaration (Sec 19),0.9609301686286926,
SNAP-000290-2,SIH26017-PRJ-000290,Kerala,Ernakulam,Compensation Disbursement,0.8513770699501038,
SNAP-000290-3,SIH26017-PRJ-000290,Kerala,Ernakulam,Compensation Disbursement,0.8892670273780823,
SNAP-000291-1,SIH26017-PRJ-000291,Gujarat,Vadodara,Survey & Measurement,0.009433825500309467,False
SNAP-000291-2,SIH26017-PRJ-000291,Gujarat,Vadodara,Award Declaration (Sec 23),0.022169064730405807,False
SNAP-000292-1,SIH26017-PRJ-000292,Karnataka,Belagavi,Preliminary Notification (Sec 11),0.02290264144539833,
SNAP-000293-1,SIH26017-PRJ-000293,Telangana,Karimnagar,Social Impact Assessment (SIA),0.004620061721652746,False
SNAP-000293-2,SIH26017-PRJ-000293,Telangana,Karimnagar,Draft Declaration,0.007293540518730879,False
SNAP-000293-3,SIH26017-PRJ-000293,Telangana,Karimnagar,Compensation Disbursement,0.005159304942935705,False
SNAP-000294-1,SIH26017-PRJ-000294,Rajasthan,Jodhpur,Draft Declaration,0.050677310675382614,
SNAP-000294-2,SIH26017-PRJ-000294,Rajasthan,Jodhpur,Award Declaration (Sec 23),0.04038770869374275,
SNAP-000295-1,SIH26017-PRJ-000295,Uttar Pradesh,Lucknow,Social Impact Assessment (SIA),0.050285760313272476,
SNAP-000296-1,SIH26017-PRJ-000296,Kerala,Ernakulam,Social Impact Assessment (SIA),0.007282025180757046,False
SNAP-000297-1,SIH26017-PRJ-000297,Telangana,Warangal,Preliminary Notification (Sec 11),0.01014459878206253,
SNAP-000298-1,SIH26017-PRJ-000298,Chhattisgarh,Raipur,Final Declaration (Sec 19),0.1915200799703598,False
SNAP-000299-1,SIH26017-PRJ-000299,Karnataka,Bengaluru Rural,Survey & Measurement,0.003286595456302166,False
SNAP-000299-2,SIH26017-PRJ-000299,Karnataka,Bengaluru Rural,Final Declaration (Sec 19),0.0054810806177556515,False
SNAP-000299-3,SIH26017-PRJ-000299,Karnataka,Bengaluru Rural,Compensation Disbursement,0.0027909372001886368,False
SNAP-000300-1,SIH26017-PRJ-000300,Chhattisgarh,Bastar,Social Impact Assessment (SIA),0.0034940256737172604,False
SNAP-000301-1,SIH26017-PRJ-000301,Odisha,Sundargarh,Final Declaration (Sec 19),0.03546519577503204,False
SNAP-000302-1,SIH26017-PRJ-000302,Uttar Pradesh,Lucknow,Compensation Disbursement,0.4659225344657898,
SNAP-000303-1,SIH26017-PRJ-000303,Uttar Pradesh,Varanasi,Survey & Measurement,0.003826264524832368,False
SNAP-000303-2,SIH26017-PRJ-000303,Uttar Pradesh,Varanasi,Final Declaration (Sec 19),0.004219457041472197,False
SNAP-000303-3,SIH26017-PRJ-000303,Uttar Pradesh,Varanasi,Compensation Disbursement,0.0039397780783474445,False
SNAP-000304-1,SIH26017-PRJ-000304,Bihar,Muzaffarpur,Compensation Disbursement,0.002245913492515683,False
SNAP-000305-1,SIH26017-PRJ-000305,Jharkhand,Paschimi Singhbhum,Award Declaration (Sec 23),0.6623640656471252,
SNAP-000306-1,SIH26017-PRJ-000306,Karnataka,Ballari,Possession,0.00465009082108736,False
SNAP-000307-1,SIH26017-PRJ-000307,Madhya Pradesh,Indore,Draft Declaration,0.006550230551511049,False
SNAP-000307-2,SIH26017-PRJ-000307,Madhya Pradesh,Indore,Compensation Disbursement,0.007013140246272087,False
SNAP-000308-1,SIH26017-PRJ-000308,Uttar Pradesh,Gautam Buddh Nagar,Final Declaration (Sec 19),0.00498973811045289,False
SNAP-000308-2,SIH26017-PRJ-000308,Uttar Pradesh,Gautam Buddh Nagar,Award Declaration (Sec 23),0.013140110298991203,False
SNAP-000309-1,SIH26017-PRJ-000309,Bihar,Gaya,Draft Declaration,0.0039110747165977955,False
SNAP-000309-2,SIH26017-PRJ-000309,Bihar,Gaya,Award Declaration (Sec 23),0.0066104186698794365,False
SNAP-000310-1,SIH26017-PRJ-000310,Chhattisgarh,Raipur,Social Impact Assessment (SIA),0.02922760881483555,
SNAP-000311-1,SIH26017-PRJ-000311,Tamil Nadu,Madurai,Social Impact Assessment (SIA),0.0021363371051847935,
SNAP-000312-1,SIH26017-PRJ-000312,Chhattisgarh,Bastar,Survey & Measurement,0.005994119215756655,
SNAP-000312-2,SIH26017-PRJ-000312,Chhattisgarh,Bastar,Final Declaration (Sec 19),0.0028886236250400543,
SNAP-000313-1,SIH26017-PRJ-000313,Odisha,Sundargarh,Social Impact Assessment (SIA),0.24101610481739044,
SNAP-000314-1,SIH26017-PRJ-000314,Odisha,Kalahandi,Social Impact Assessment (SIA),0.08509410917758942,
SNAP-000314-2,SIH26017-PRJ-000314,Odisha,Kalahandi,Social Impact Assessment (SIA),0.13289399445056915,
SNAP-000315-1,SIH26017-PRJ-000315,Rajasthan,Alwar,Draft Declaration,0.16673403978347778,False
SNAP-000315-2,SIH26017-PRJ-000315,Rajasthan,Alwar,Award Declaration (Sec 23),0.04948251694440842,False
SNAP-000316-1,SIH26017-PRJ-000316,Karnataka,Belagavi,Final Declaration (Sec 19),0.08030876517295837,False
SNAP-000316-2,SIH26017-PRJ-000316,Karnataka,Belagavi,Award Declaration (Sec 23),0.10011975467205048,False
SNAP-000316-3,SIH26017-PRJ-000316,Karnataka,Belagavi,Compensation Disbursement,0.1346171498298645,False
SNAP-000317-1,SIH26017-PRJ-000317,Madhya Pradesh,Jabalpur,Draft Declaration,0.0225601214915514,False
SNAP-000317-2,SIH26017-PRJ-000317,Madhya Pradesh,Jabalpur,Award Declaration (Sec 23),0.03354405239224434,False
SNAP-000317-3,SIH26017-PRJ-000317,Madhya Pradesh,Jabalpur,Possession,0.03332056850194931,False
SNAP-000318-1,SIH26017-PRJ-000318,Gujarat,Rajkot,Award Declaration (Sec 23),0.0653262510895729,
SNAP-000319-1,SIH26017-PRJ-000319,Rajasthan,Udaipur,Social Impact Assessment (SIA),0.9579933881759644,
SNAP-000320-1,SIH26017-PRJ-000320,Gujarat,Ahmedabad,Social Impact Assessment (SIA),0.08670394867658615,
SNAP-000321-1,SIH26017-PRJ-000321,Assam,Dibrugarh,Final Declaration (Sec 19),0.4260112941265106,
SNAP-000322-1,SIH26017-PRJ-000322,Karnataka,Ballari,Social Impact Assessment (SIA),0.021901212632656097,False
SNAP-000323-1,SIH26017-PRJ-000323,Rajasthan,Udaipur,Social Impact Assessment (SIA),0.006532784551382065,
SNAP-000323-2,SIH26017-PRJ-000323,Rajasthan,Udaipur,Survey & Measurement,0.008606214076280594,
SNAP-000323-3,SIH26017-PRJ-000323,Rajasthan,Udaipur,Final Declaration (Sec 19),0.006194328423589468,
SNAP-000324-1,SIH26017-PRJ-000324,West Bengal,Purba Bardhaman,Draft Declaration,0.009076802991330624,
SNAP-000324-2,SIH26017-PRJ-000324,West Bengal,Purba Bardhaman,Award Declaration (Sec 23),0.02481471747159958,
SNAP-000325-1,SIH26017-PRJ-000325,Bihar,Gaya,Award Declaration (Sec 23),0.018120063468813896,
SNAP-000326-1,SIH26017-PRJ-000326,Gujarat,Vadodara,Award Declaration (Sec 23),0.9287826418876648,True
SNAP-000326-2,SIH26017-PRJ-000326,Gujarat,Vadodara,Possession,0.909587025642395,True
SNAP-000327-1,SIH26017-PRJ-000327,Uttar Pradesh,Agra,Survey & Measurement,0.008386624976992607,False
SNAP-000327-2,SIH26017-PRJ-000327,Uttar Pradesh,Agra,Award Declaration (Sec 23),0.01420032698661089,False
SNAP-000328-1,SIH26017-PRJ-000328,Tamil Nadu,Coimbatore,Final Declaration (Sec 19),0.09432235360145569,
SNAP-000328-2,SIH26017-PRJ-000328,Tamil Nadu,Coimbatore,Compensation Disbursement,0.12081479281187057,
SNAP-000328-3,SIH26017-PRJ-000328,Tamil Nadu,Coimbatore,Compensation Disbursement,0.14012089371681213,
SNAP-000329-1,SIH26017-PRJ-000329,West Bengal,Kolkata,Final Declaration (Sec 19),0.7925792336463928,
SNAP-000329-2,SIH26017-PRJ-000329,West Bengal,Kolkata,Award Declaration (Sec 23),0.7625142335891724,
SNAP-000330-1,SIH26017-PRJ-000330,Chhattisgarh,Bastar,Final Declaration (Sec 19),0.9883928894996643,True
SNAP-000330-2,SIH26017-PRJ-000330,Chhattisgarh,Bastar,Compensation Disbursement,0.9762206077575684,True
SNAP-000331-1,SIH26017-PRJ-000331,Odisha,Sundargarh,Final Declaration (Sec 19),0.21783310174942017,False
SNAP-000331-2,SIH26017-PRJ-000331,Odisha,Sundargarh,Compensation Disbursement,0.14789807796478271,False
SNAP-000332-1,SIH26017-PRJ-000332,West Bengal,Purba Bardhaman,Social Impact Assessment (SIA),0.0020846931729465723,False
SNAP-000332-2,SIH26017-PRJ-000332,West Bengal,Purba Bardhaman,Survey & Measurement,0.0018803745042532682,False
SNAP-000332-3,SIH26017-PRJ-000332,West Bengal,Purba Bardhaman,Award Declaration (Sec 23),0.006101175211369991,False
SNAP-000333-1,SIH26017-PRJ-000333,Odisha,Kalahandi,Social Impact Assessment (SIA),0.011884386651217937,
SNAP-000334-1,SIH26017-PRJ-000334,Bihar,Patna,Survey & Measurement,0.002492969622835517,
SNAP-000335-1,SIH26017-PRJ-000335,Gujarat,Vadodara,Draft Declaration,0.6289660334587097,
SNAP-000335-2,SIH26017-PRJ-000335,Gujarat,Vadodara,Award Declaration (Sec 23),0.5654438138008118,
SNAP-000336-1,SIH26017-PRJ-000336,Madhya Pradesh,Indore,Compensation Disbursement,0.0019218267407268286,
SNAP-000337-1,SIH26017-PRJ-000337,Chhattisgarh,Raipur,Social Impact Assessment (SIA),0.03609839826822281,
SNAP-000337-2,SIH26017-PRJ-000337,Chhattisgarh,Raipur,Draft Declaration,0.03730228170752525,
SNAP-000337-3,SIH26017-PRJ-000337,Chhattisgarh,Raipur,Award Declaration (Sec 23),0.026201404631137848,
SNAP-000338-1,SIH26017-PRJ-000338,Chhattisgarh,Durg,Draft Declaration,0.010103831999003887,False
SNAP-000338-2,SIH26017-PRJ-000338,Chhattisgarh,Durg,Compensation Disbursement,0.007732200901955366,False
SNAP-000339-1,SIH26017-PRJ-000339,West Bengal,Purulia,Draft Declaration,0.16309356689453125,False
SNAP-000339-2,SIH26017-PRJ-000339,West Bengal,Purulia,Award Declaration (Sec 23),0.10162696987390518,False
SNAP-000340-1,SIH26017-PRJ-000340,Odisha,Sundargarh,Compensation Disbursement,0.0689479410648346,False
SNAP-000341-1,SIH26017-PRJ-000341,Odisha,Kalahandi,Survey & Measurement,0.029429946094751358,
SNAP-000341-2,SIH26017-PRJ-000341,Odisha,Kalahandi,Survey & Measurement,0.041290897876024246,
SNAP-000342-1,SIH26017-PRJ-000342,Maharashtra,Nashik,Social Impact Assessment (SIA),0.005945644341409206,
SNAP-000342-2,SIH26017-PRJ-000342,Maharashtra,Nashik,Survey & Measurement,0.006603811401873827,
SNAP-000343-1,SIH26017-PRJ-000343,Tamil Nadu,Chennai,Social Impact Assessment (SIA),0.18522252142429352,
SNAP-000343-2,SIH26017-PRJ-000343,Tamil Nadu,Chennai,Survey & Measurement,0.22037386894226074,
SNAP-000343-3,SIH26017-PRJ-000343,Tamil Nadu,Chennai,Final Declaration (Sec 19),0.5194319486618042,
SNAP-000344-1,SIH26017-PRJ-000344,Madhya Pradesh,Jabalpur,Final Declaration (Sec 19),0.005470454692840576,False
SNAP-000344-2,SIH26017-PRJ-000344,Madhya Pradesh,Jabalpur,Compensation Disbursement,0.006159255281090736,False
SNAP-000345-1,SIH26017-PRJ-000345,Tamil Nadu,Chennai,Survey & Measurement,0.009275902062654495,False
SNAP-000345-2,SIH26017-PRJ-000345,Tamil Nadu,Chennai,Compensation Disbursement,0.035698309540748596,False
SNAP-000346-1,SIH26017-PRJ-000346,Karnataka,Bengaluru Rural,Compensation Disbursement,0.5664194226264954,
SNAP-000347-1,SIH26017-PRJ-000347,Madhya Pradesh,Jabalpur,Social Impact Assessment (SIA),0.011896191164851189,False
SNAP-000348-1,SIH26017-PRJ-000348,Jharkhand,Dhanbad,Draft Declaration,0.00724530266597867,
SNAP-000348-2,SIH26017-PRJ-000348,Jharkhand,Dhanbad,Award Declaration (Sec 23),0.006411034148186445,
SNAP-000349-1,SIH26017-PRJ-000349,Bihar,Gaya,Social Impact Assessment (SIA),0.005993122234940529,False
SNAP-000350-1,SIH26017-PRJ-000350,Karnataka,Belagavi,Draft Declaration,0.002715161070227623,False
SNAP-000350-2,SIH26017-PRJ-000350,Karnataka,Belagavi,Compensation Disbursement,0.0019404285121709108,False
SNAP-000351-1,SIH26017-PRJ-000351,Karnataka,Ballari,Draft Declaration,0.7383091449737549,
SNAP-000352-1,SIH26017-PRJ-000352,Gujarat,Rajkot,Draft Declaration,0.02064385823905468,
SNAP-000353-1,SIH26017-PRJ-000353,Maharashtra,Pune,Social Impact Assessment (SIA),0.5915854573249817,
SNAP-000353-2,SIH26017-PRJ-000353,Maharashtra,Pune,Survey & Measurement,0.5909183025360107,
SNAP-000353-3,SIH26017-PRJ-000353,Maharashtra,Pune,Draft Declaration,0.6191976070404053,
SNAP-000354-1,SIH26017-PRJ-000354,Assam,Kamrup,Award Declaration (Sec 23),0.011028044857084751,
SNAP-000355-1,SIH26017-PRJ-000355,Maharashtra,Nashik,Draft Declaration,0.19038960337638855,
SNAP-000356-1,SIH26017-PRJ-000356,Rajasthan,Alwar,Draft Declaration,0.09517202526330948,
SNAP-000356-2,SIH26017-PRJ-000356,Rajasthan,Alwar,Award Declaration (Sec 23),0.2084948867559433,
SNAP-000357-1,SIH26017-PRJ-000357,Kerala,Thiruvananthapuram,Preliminary Notification (Sec 11),0.17658068239688873,
SNAP-000357-2,SIH26017-PRJ-000357,Kerala,Thiruvananthapuram,Preliminary Notification (Sec 11),0.24551346898078918,
SNAP-000357-3,SIH26017-PRJ-000357,Kerala,Thiruvananthapuram,Preliminary Notification (Sec 11),0.17512953281402588,
SNAP-000358-1,SIH26017-PRJ-000358,Chhattisgarh,Durg,Social Impact Assessment (SIA),0.0033040109556168318,
SNAP-000359-1,SIH26017-PRJ-000359,Telangana,Hyderabad,Draft Declaration,0.15706659853458405,
SNAP-000359-2,SIH26017-PRJ-000359,Telangana,Hyderabad,Compensation Disbursement,0.10036416351795197,
SNAP-000359-3,SIH26017-PRJ-000359,Telangana,Hyderabad,Possession,0.20720019936561584,
SNAP-000360-1,SIH26017-PRJ-000360,Jharkhand,Paschimi Singhbhum,Final Declaration (Sec 19),0.5663902759552002,False
SNAP-000360-2,SIH26017-PRJ-000360,Jharkhand,Paschimi Singhbhum,Compensation Disbursement,0.4463721811771393,False
SNAP-000361-1,SIH26017-PRJ-000361,Tamil Nadu,Tiruchirappalli,Draft Declaration,0.010345806367695332,False
SNAP-000361-2,SIH26017-PRJ-000361,Tamil Nadu,Tiruchirappalli,Award Declaration (Sec 23),0.007631882093846798,False
SNAP-000361-3,SIH26017-PRJ-000361,Tamil Nadu,Tiruchirappalli,Compensation Disbursement,0.011775962077081203,False
SNAP-000362-1,SIH26017-PRJ-000362,Gujarat,Surat,Final Declaration (Sec 19),0.026634767651557922,False
SNAP-000362-2,SIH26017-PRJ-000362,Gujarat,Surat,Compensation Disbursement,0.03458569198846817,False
SNAP-000362-3,SIH26017-PRJ-000362,Gujarat,Surat,Possession,0.09053356200456619,False
SNAP-000363-1,SIH26017-PRJ-000363,Madhya Pradesh,Bhopal,Survey & Measurement,0.008090044371783733,False
SNAP-000363-2,SIH26017-PRJ-000363,Madhya Pradesh,Bhopal,Compensation Disbursement,0.005426490213721991,False
SNAP-000363-3,SIH26017-PRJ-000363,Madhya Pradesh,Bhopal,Possession,0.008852670900523663,False
SNAP-000364-1,SIH26017-PRJ-000364,Assam,Dibrugarh,Draft Declaration,0.8605917096138,
SNAP-000364-2,SIH26017-PRJ-000364,Assam,Dibrugarh,Award Declaration (Sec 23),0.9000322222709656,
SNAP-000365-1,SIH26017-PRJ-000365,Uttar Pradesh,Gautam Buddh Nagar,Survey & Measurement,0.002671237103641033,False
SNAP-000365-2,SIH26017-PRJ-000365,Uttar Pradesh,Gautam Buddh Nagar,Award Declaration (Sec 23),0.0020173322409391403,False
SNAP-000365-3,SIH26017-PRJ-000365,Uttar Pradesh,Gautam Buddh Nagar,Compensation Disbursement,0.0018802689155563712,False
SNAP-000366-1,SIH26017-PRJ-000366,Tamil Nadu,Madurai,Social Impact Assessment (SIA),0.04181220382452011,
SNAP-000367-1,SIH26017-PRJ-000367,Maharashtra,Chhatrapati Sambhajinagar,Survey & Measurement,0.0670555830001831,
SNAP-000368-1,SIH26017-PRJ-000368,Bihar,Patna,Compensation Disbursement,0.010056236758828163,False
SNAP-000369-1,SIH26017-PRJ-000369,Rajasthan,Jaipur,Draft Declaration,0.08243399858474731,False
SNAP-000369-2,SIH26017-PRJ-000369,Rajasthan,Jaipur,Award Declaration (Sec 23),0.03457288444042206,False
SNAP-000370-1,SIH26017-PRJ-000370,Odisha,Cuttack,Award Declaration (Sec 23),0.953848123550415,True
SNAP-000370-2,SIH26017-PRJ-000370,Odisha,Cuttack,Compensation Disbursement,0.9383631348609924,True
SNAP-000371-1,SIH26017-PRJ-000371,Odisha,Sundargarh,Survey & Measurement,0.52681565284729,False
SNAP-000372-1,SIH26017-PRJ-000372,Assam,Kamrup,Survey & Measurement,0.8802871108055115,
SNAP-000373-1,SIH26017-PRJ-000373,West Bengal,Purba Bardhaman,Survey & Measurement,0.004785478580743074,False
SNAP-000373-2,SIH26017-PRJ-000373,West Bengal,Purba Bardhaman,Compensation Disbursement,0.0027672378346323967,False
SNAP-000374-1,SIH26017-PRJ-000374,Uttar Pradesh,Agra,Survey & Measurement,0.0374947190284729,False
SNAP-000375-1,SIH26017-PRJ-000375,Odisha,Sundargarh,Possession,0.09226572513580322,False
SNAP-000376-1,SIH26017-PRJ-000376,Madhya Pradesh,Indore,Survey & Measurement,0.004871169570833445,False
SNAP-000377-1,SIH26017-PRJ-000377,Tamil Nadu,Tiruchirappalli,Draft Declaration,0.29833513498306274,
SNAP-000378-1,SIH26017-PRJ-000378,Madhya Pradesh,Chhindwara,Preliminary Notification (Sec 11),0.11465999484062195,False
SNAP-000379-1,SIH26017-PRJ-000379,Assam,Kamrup,Compensation Disbursement,0.36306503415107727,
SNAP-000380-1,SIH26017-PRJ-000380,Kerala,Ernakulam,Compensation Disbursement,0.005113826133310795,
SNAP-000381-1,SIH26017-PRJ-000381,Odisha,Cuttack,Social Impact Assessment (SIA),0.023215191438794136,
SNAP-000381-2,SIH26017-PRJ-000381,Odisha,Cuttack,Draft Declaration,0.04808128625154495,
SNAP-000382-1,SIH26017-PRJ-000382,Jharkhand,Ranchi,Social Impact Assessment (SIA),0.7107990980148315,
SNAP-000382-2,SIH26017-PRJ-000382,Jharkhand,Ranchi,Survey & Measurement,0.7223321795463562,
SNAP-000383-1,SIH26017-PRJ-000383,Maharashtra,Nashik,Survey & Measurement,0.005447845906019211,
SNAP-000384-1,SIH26017-PRJ-000384,Telangana,Karimnagar,Final Declaration (Sec 19),0.005575984250754118,False
SNAP-000385-1,SIH26017-PRJ-000385,Kerala,Ernakulam,Compensation Disbursement,0.6561167240142822,False
SNAP-000386-1,SIH26017-PRJ-000386,Telangana,Karimnagar,Compensation Disbursement,0.4264686703681946,
SNAP-000387-1,SIH26017-PRJ-000387,Jharkhand,Dhanbad,Award Declaration (Sec 23),0.0047177826054394245,False
SNAP-000388-1,SIH26017-PRJ-000388,Rajasthan,Udaipur,Draft Declaration,0.989159882068634,True
SNAP-000388-2,SIH26017-PRJ-000388,Rajasthan,Udaipur,Compensation Disbursement,0.9809984564781189,True
SNAP-000389-1,SIH26017-PRJ-000389,Odisha,Sundargarh,Social Impact Assessment (SIA),0.715627133846283,
SNAP-000389-2,SIH26017-PRJ-000389,Odisha,Sundargarh,Social Impact Assessment (SIA),0.6232768893241882,
SNAP-000389-3,SIH26017-PRJ-000389,Odisha,Sundargarh,Survey & Measurement,0.757297933101654,
SNAP-000390-1,SIH26017-PRJ-000390,Telangana,Hyderabad,Final Declaration (Sec 19),0.03588101640343666,
SNAP-000391-1,SIH26017-PRJ-000391,Karnataka,Bengaluru Rural,Social Impact Assessment (SIA),0.005417357198894024,
SNAP-000391-2,SIH26017-PRJ-000391,Karnataka,Bengaluru Rural,Draft Declaration,0.00401555560529232,
SNAP-000392-1,SIH26017-PRJ-000392,Jharkhand,Ranchi,Preliminary Notification (Sec 11),0.02600865624845028,
SNAP-000393-1,SIH26017-PRJ-000393,Assam,Kamrup,Compensation Disbursement,0.011876421049237251,False
SNAP-000393-2,SIH26017-PRJ-000393,Assam,Kamrup,Possession,0.014850451610982418,False
SNAP-000394-1,SIH26017-PRJ-000394,Odisha,Kalahandi,Preliminary Notification (Sec 11),0.015505705960094929,
SNAP-000395-1,SIH26017-PRJ-000395,Rajasthan,Udaipur,Compensation Disbursement,0.06423582136631012,False
SNAP-000396-1,SIH26017-PRJ-000396,Gujarat,Ahmedabad,Final Declaration (Sec 19),0.6017226576805115,False
SNAP-000396-2,SIH26017-PRJ-000396,Gujarat,Ahmedabad,Compensation Disbursement,0.2620657682418823,False
SNAP-000397-1,SIH26017-PRJ-000397,Tamil Nadu,Chennai,Survey & Measurement,0.013757710345089436,
SNAP-000398-1,SIH26017-PRJ-000398,Madhya Pradesh,Indore,Final Declaration (Sec 19),0.006653228309005499,False
SNAP-000398-2,SIH26017-PRJ-000398,Madhya Pradesh,Indore,Compensation Disbursement,0.004319709725677967,False
SNAP-000399-1,SIH26017-PRJ-000399,Karnataka,Belagavi,Final Declaration (Sec 19),0.003390748519450426,False
SNAP-000399-2,SIH26017-PRJ-000399,Karnataka,Belagavi,Possession,0.00800895132124424,False
SNAP-000400-1,SIH26017-PRJ-000400,Gujarat,Rajkot,Final Declaration (Sec 19),0.815585196018219,
SNAP-000401-1,SIH26017-PRJ-000401,Kerala,Ernakulam,Social Impact Assessment (SIA),0.012016410008072853,
SNAP-000401-2,SIH26017-PRJ-000401,Kerala,Ernakulam,Final Declaration (Sec 19),0.005954748019576073,
SNAP-000401-3,SIH26017-PRJ-000401,Kerala,Ernakulam,Final Declaration (Sec 19),0.006964593194425106,
SNAP-000402-1,SIH26017-PRJ-000402,Maharashtra,Nashik,Social Impact Assessment (SIA),0.013000840321183205,False
SNAP-000403-1,SIH26017-PRJ-000403,Chhattisgarh,Raipur,Social Impact Assessment (SIA),0.06523925065994263,
SNAP-000403-2,SIH26017-PRJ-000403,Chhattisgarh,Raipur,Survey & Measurement,0.12526729702949524,
SNAP-000404-1,SIH26017-PRJ-000404,Chhattisgarh,Raipur,Mutation & Handover,0.9540071487426758,True
SNAP-000405-1,SIH26017-PRJ-000405,Kerala,Thiruvananthapuram,Social Impact Assessment (SIA),0.2126794457435608,False
SNAP-000406-1,SIH26017-PRJ-000406,Odisha,Kalahandi,Award Declaration (Sec 23),0.8107399344444275,
SNAP-000406-2,SIH26017-PRJ-000406,Odisha,Kalahandi,Compensation Disbursement,0.7706781625747681,
SNAP-000407-1,SIH26017-PRJ-000407,Telangana,Warangal,Draft Declaration,0.0052529978565871716,
SNAP-000408-1,SIH26017-PRJ-000408,Gujarat,Rajkot,Final Declaration (Sec 19),0.14628247916698456,
SNAP-000408-2,SIH26017-PRJ-000408,Gujarat,Rajkot,Compensation Disbursement,0.1045752689242363,
SNAP-000409-1,SIH26017-PRJ-000409,Karnataka,Belagavi,Compensation Disbursement,0.006171064916998148,False
SNAP-000410-1,SIH26017-PRJ-000410,Tamil Nadu,Chennai,Draft Declaration,0.05800921842455864,False
SNAP-000411-1,SIH26017-PRJ-000411,Gujarat,Rajkot,Final Declaration (Sec 19),0.004480738192796707,False
SNAP-000411-2,SIH26017-PRJ-000411,Gujarat,Rajkot,Compensation Disbursement,0.0023657898418605328,False
SNAP-000412-1,SIH26017-PRJ-000412,Madhya Pradesh,Bhopal,Survey & Measurement,0.0044763353653252125,
SNAP-000412-2,SIH26017-PRJ-000412,Madhya Pradesh,Bhopal,Draft Declaration,0.0030901869758963585,
SNAP-000413-1,SIH26017-PRJ-000413,Madhya Pradesh,Jabalpur,Social Impact Assessment (SIA),0.005196418147534132,False
SNAP-000414-1,SIH26017-PRJ-000414,Assam,Kamrup,Survey & Measurement,0.008262602612376213,
SNAP-000415-1,SIH26017-PRJ-000415,Tamil Nadu,Chennai,Social Impact Assessment (SIA),0.7754453420639038,
SNAP-000416-1,SIH26017-PRJ-000416,Telangana,Warangal,Social Impact Assessment (SIA),0.002806079341098666,False
SNAP-000417-1,SIH26017-PRJ-000417,Odisha,Khordha,Survey & Measurement,0.028440507128834724,
SNAP-000418-1,SIH26017-PRJ-000418,Uttar Pradesh,Agra,Social Impact Assessment (SIA),0.009382147341966629,
SNAP-000418-2,SIH26017-PRJ-000418,Uttar Pradesh,Agra,Survey & Measurement,0.003449588781222701,
SNAP-000419-1,SIH26017-PRJ-000419,Maharashtra,Pune,Mutation & Handover,0.014578365720808506,False
SNAP-000420-1,SIH26017-PRJ-000420,Assam,Dibrugarh,Final Declaration (Sec 19),0.034981876611709595,
SNAP-000420-2,SIH26017-PRJ-000420,Assam,Dibrugarh,Compensation Disbursement,0.01580077037215233,
SNAP-000421-1,SIH26017-PRJ-000421,West Bengal,Purulia,Possession,0.04473267123103142,False
SNAP-000422-1,SIH26017-PRJ-000422,Rajasthan,Udaipur,Social Impact Assessment (SIA),0.35323402285575867,
SNAP-000422-2,SIH26017-PRJ-000422,Rajasthan,Udaipur,Social Impact Assessment (SIA),0.3239971697330475,
SNAP-000422-3,SIH26017-PRJ-000422,Rajasthan,Udaipur,Social Impact Assessment (SIA),0.36981257796287537,
SNAP-000423-1,SIH26017-PRJ-000423,Maharashtra,Chhatrapati Sambhajinagar,Survey & Measurement,0.15043579041957855,False
SNAP-000423-2,SIH26017-PRJ-000423,Maharashtra,Chhatrapati Sambhajinagar,Award Declaration (Sec 23),0.17796750366687775,False
SNAP-000424-1,SIH26017-PRJ-000424,Karnataka,Belagavi,Final Declaration (Sec 19),0.01046954095363617,False
SNAP-000424-2,SIH26017-PRJ-000424,Karnataka,Belagavi,Compensation Disbursement,0.01291362103074789,False
SNAP-000425-1,SIH26017-PRJ-000425,Rajasthan,Jaipur,Award Declaration (Sec 23),0.08737563341856003,False
SNAP-000425-2,SIH26017-PRJ-000425,Rajasthan,Jaipur,Compensation Disbursement,0.10027342289686203,False
SNAP-000426-1,SIH26017-PRJ-000426,Odisha,Kalahandi,Social Impact Assessment (SIA),0.06983204185962677,
SNAP-000426-2,SIH26017-PRJ-000426,Odisha,Kalahandi,Final Declaration (Sec 19),0.2752697169780731,
SNAP-000427-1,SIH26017-PRJ-000427,Uttar Pradesh,Lucknow,Preliminary Notification (Sec 11),0.05551544204354286,
SNAP-000427-2,SIH26017-PRJ-000427,Uttar Pradesh,Lucknow,Preliminary Notification (Sec 11),0.06540317088365555,
SNAP-000428-1,SIH26017-PRJ-000428,Odisha,Khordha,Draft Declaration,0.09147106856107712,False
SNAP-000428-2,SIH26017-PRJ-000428,Odisha,Khordha,Compensation Disbursement,0.1079154908657074,False
SNAP-000429-1,SIH26017-PRJ-000429,Uttar Pradesh,Gautam Buddh Nagar,Mutation & Handover,0.9507182240486145,True
SNAP-000430-1,SIH26017-PRJ-000430,Kerala,Thiruvananthapuram,Survey & Measurement,0.007596765179187059,False
SNAP-000431-1,SIH26017-PRJ-000431,Madhya Pradesh,Bhopal,Final Declaration (Sec 19),0.9629923701286316,True
SNAP-000431-2,SIH26017-PRJ-000431,Madhya Pradesh,Bhopal,Compensation Disbursement,0.9749405384063721,True
SNAP-000431-3,SIH26017-PRJ-000431,Madhya Pradesh,Bhopal,Possession,0.9825411438941956,True
SNAP-000432-1,SIH26017-PRJ-000432,Kerala,Thiruvananthapuram,Award Declaration (Sec 23),0.007139449007809162,
SNAP-000433-1,SIH26017-PRJ-000433,Assam,Dibrugarh,Survey & Measurement,0.1229281947016716,False
SNAP-000433-2,SIH26017-PRJ-000433,Assam,Dibrugarh,Final Declaration (Sec 19),0.16619372367858887,False
SNAP-000433-3,SIH26017-PRJ-000433,Assam,Dibrugarh,Compensation Disbursement,0.13160596787929535,False
SNAP-000434-1,SIH26017-PRJ-000434,Jharkhand,Dhanbad,Social Impact Assessment (SIA),0.0491349995136261,
SNAP-000434-2,SIH26017-PRJ-000434,Jharkhand,Dhanbad,Survey & Measurement,0.06766340881586075,
SNAP-000434-3,SIH26017-PRJ-000434,Jharkhand,Dhanbad,Survey & Measurement,0.09542179852724075,
SNAP-000435-1,SIH26017-PRJ-000435,Assam,Kamrup,Mutation & Handover,0.15126900374889374,False
SNAP-000436-1,SIH26017-PRJ-000436,Madhya Pradesh,Jabalpur,Compensation Disbursement,0.0032299950253218412,False
SNAP-000437-1,SIH26017-PRJ-000437,West Bengal,Purulia,Award Declaration (Sec 23),0.06475743651390076,False
SNAP-000438-1,SIH26017-PRJ-000438,Jharkhand,Paschimi Singhbhum,Final Declaration (Sec 19),0.07239244133234024,
SNAP-000438-2,SIH26017-PRJ-000438,Jharkhand,Paschimi Singhbhum,Compensation Disbursement,0.13131991028785706,
SNAP-000439-1,SIH26017-PRJ-000439,Rajasthan,Alwar,Award Declaration (Sec 23),0.3435649871826172,
SNAP-000440-1,SIH26017-PRJ-000440,Uttar Pradesh,Agra,Survey & Measurement,0.465970516204834,
SNAP-000440-2,SIH26017-PRJ-000440,Uttar Pradesh,Agra,Award Declaration (Sec 23),0.4599846601486206,
SNAP-000441-1,SIH26017-PRJ-000441,Assam,Kamrup,Draft Declaration,0.06362401694059372,False
SNAP-000441-2,SIH26017-PRJ-000441,Assam,Kamrup,Compensation Disbursement,0.0797337144613266,False
SNAP-000442-1,SIH26017-PRJ-000442,Uttar Pradesh,Lucknow,Draft Declaration,0.0032749774400144815,False
SNAP-000442-2,SIH26017-PRJ-000442,Uttar Pradesh,Lucknow,Award Declaration (Sec 23),0.0025283631402999163,False
SNAP-000442-3,SIH26017-PRJ-000442,Uttar Pradesh,Lucknow,Compensation Disbursement,0.0019564907997846603,False
SNAP-000443-1,SIH26017-PRJ-000443,West Bengal,Purba Bardhaman,Survey & Measurement,0.009765003807842731,False
SNAP-000443-2,SIH26017-PRJ-000443,West Bengal,Purba Bardhaman,Final Declaration (Sec 19),0.017427919432520866,False
SNAP-000444-1,SIH26017-PRJ-000444,Jharkhand,Dhanbad,Social Impact Assessment (SIA),0.0011725566582754254,
SNAP-000444-2,SIH26017-PRJ-000444,Jharkhand,Dhanbad,Draft Declaration,0.0027205736842006445,
SNAP-000445-1,SIH26017-PRJ-000445,Chhattisgarh,Bastar,Social Impact Assessment (SIA),0.9441735148429871,True
SNAP-000445-2,SIH26017-PRJ-000445,Chhattisgarh,Bastar,Final Declaration (Sec 19),0.962857723236084,True
SNAP-000445-3,SIH26017-PRJ-000445,Chhattisgarh,Bastar,Compensation Disbursement,0.9604408144950867,True
SNAP-000446-1,SIH26017-PRJ-000446,Bihar,Muzaffarpur,Survey & Measurement,0.004385929089039564,False
SNAP-000447-1,SIH26017-PRJ-000447,Tamil Nadu,Coimbatore,Social Impact Assessment (SIA),0.017529074102640152,
SNAP-000448-1,SIH26017-PRJ-000448,Maharashtra,Chhatrapati Sambhajinagar,Award Declaration (Sec 23),0.16926513612270355,
SNAP-000449-1,SIH26017-PRJ-000449,Bihar,Gaya,Survey & Measurement,0.01118484791368246,False
SNAP-000450-1,SIH26017-PRJ-000450,Tamil Nadu,Chennai,Social Impact Assessment (SIA),0.0009267476852983236,
SNAP-000451-1,SIH26017-PRJ-000451,West Bengal,Kolkata,Social Impact Assessment (SIA),0.07104356586933136,
SNAP-000451-2,SIH26017-PRJ-000451,West Bengal,Kolkata,Survey & Measurement,0.06651190668344498,
SNAP-000451-3,SIH26017-PRJ-000451,West Bengal,Kolkata,Draft Declaration,0.08218728750944138,
SNAP-000452-1,SIH26017-PRJ-000452,Karnataka,Ballari,Survey & Measurement,0.0031301425769925117,
SNAP-000452-2,SIH26017-PRJ-000452,Karnataka,Ballari,Award Declaration (Sec 23),0.008009500801563263,
SNAP-000453-1,SIH26017-PRJ-000453,Jharkhand,Dhanbad,Survey & Measurement,0.015806058421730995,False
SNAP-000454-1,SIH26017-PRJ-000454,Bihar,Muzaffarpur,Social Impact Assessment (SIA),0.006912847515195608,
SNAP-000454-2,SIH26017-PRJ-000454,Bihar,Muzaffarpur,Survey & Measurement,0.007449955679476261,
SNAP-000455-1,SIH26017-PRJ-000455,Jharkhand,Paschimi Singhbhum,Draft Declaration,0.08515309542417526,False
SNAP-000455-2,SIH26017-PRJ-000455,Jharkhand,Paschimi Singhbhum,Award Declaration (Sec 23),0.0845661461353302,False
SNAP-000456-1,SIH26017-PRJ-000456,Chhattisgarh,Durg,Award Declaration (Sec 23),0.007524124812334776,False
SNAP-000457-1,SIH26017-PRJ-000457,West Bengal,Purba Bardhaman,Survey & Measurement,0.6421517133712769,
SNAP-000457-2,SIH26017-PRJ-000457,West Bengal,Purba Bardhaman,Draft Declaration,0.9584291577339172,
SNAP-000457-3,SIH26017-PRJ-000457,West Bengal,Purba Bardhaman,Award Declaration (Sec 23),0.9430458545684814,
SNAP-000458-1,SIH26017-PRJ-000458,Jharkhand,Paschimi Singhbhum,Social Impact Assessment (SIA),0.9584859609603882,True
SNAP-000459-1,SIH26017-PRJ-000459,Bihar,Patna,Social Impact Assessment (SIA),0.013418561778962612,
SNAP-000460-1,SIH26017-PRJ-000460,Jharkhand,Paschimi Singhbhum,Survey & Measurement,0.00342175574041903,False
SNAP-000461-1,SIH26017-PRJ-000461,Assam,Kamrup,Social Impact Assessment (SIA),0.2124490588903427,
SNAP-000462-1,SIH26017-PRJ-000462,Odisha,Khordha,Social Impact Assessment (SIA),0.02580631896853447,
SNAP-000462-2,SIH26017-PRJ-000462,Odisha,Khordha,Draft Declaration,0.019527429714798927,
SNAP-000462-3,SIH26017-PRJ-000462,Odisha,Khordha,Final Declaration (Sec 19),0.03229129686951637,
SNAP-000463-1,SIH26017-PRJ-000463,Madhya Pradesh,Bhopal,Final Declaration (Sec 19),0.01217423565685749,False
SNAP-000464-1,SIH26017-PRJ-000464,West Bengal,Howrah,Possession,0.06037243455648422,False
SNAP-000465-1,SIH26017-PRJ-000465,Kerala,Ernakulam,Social Impact Assessment (SIA),0.2700471580028534,
SNAP-000465-2,SIH26017-PRJ-000465,Kerala,Ernakulam,Social Impact Assessment (SIA),0.13697467744350433,
SNAP-000465-3,SIH26017-PRJ-000465,Kerala,Ernakulam,Social Impact Assessment (SIA),0.13274897634983063,
SNAP-000466-1,SIH26017-PRJ-000466,Chhattisgarh,Raipur,Award Declaration (Sec 23),0.039445918053388596,False
SNAP-000466-2,SIH26017-PRJ-000466,Chhattisgarh,Raipur,Compensation Disbursement,0.03739423304796219,False
SNAP-000467-1,SIH26017-PRJ-000467,Jharkhand,Dhanbad,Social Impact Assessment (SIA),0.007077373098582029,
SNAP-000467-2,SIH26017-PRJ-000467,Jharkhand,Dhanbad,Draft Declaration,0.013864012435078621,
SNAP-000468-1,SIH26017-PRJ-000468,Assam,Kamrup,Survey & Measurement,0.058478910475969315,False
SNAP-000469-1,SIH26017-PRJ-000469,Tamil Nadu,Tiruchirappalli,Award Declaration (Sec 23),0.003851591143757105,
SNAP-000470-1,SIH26017-PRJ-000470,Maharashtra,Nashik,Final Declaration (Sec 19),0.011434189975261688,
SNAP-000471-1,SIH26017-PRJ-000471,Kerala,Ernakulam,Social Impact Assessment (SIA),0.005845857784152031,
SNAP-000472-1,SIH26017-PRJ-000472,Uttar Pradesh,Varanasi,Compensation Disbursement,0.01850251480937004,False
SNAP-000473-1,SIH26017-PRJ-000473,Madhya Pradesh,Chhindwara,Final Declaration (Sec 19),0.0032538489904254675,False
SNAP-000473-2,SIH26017-PRJ-000473,Madhya Pradesh,Chhindwara,Compensation Disbursement,0.002245025709271431,False
SNAP-000474-1,SIH26017-PRJ-000474,Madhya Pradesh,Bhopal,Compensation Disbursement,0.0060325441882014275,False
SNAP-000475-1,SIH26017-PRJ-000475,Chhattisgarh,Bastar,Draft Declaration,0.03885727375745773,False
SNAP-000476-1,SIH26017-PRJ-000476,Odisha,Kalahandi,Award Declaration (Sec 23),0.5552720427513123,True
SNAP-000476-2,SIH26017-PRJ-000476,Odisha,Kalahandi,Compensation Disbursement,0.5397729873657227,True
SNAP-000477-1,SIH26017-PRJ-000477,Gujarat,Surat,Award Declaration (Sec 23),0.012492640875279903,False
SNAP-000478-1,SIH26017-PRJ-000478,West Bengal,Kolkata,Survey & Measurement,0.09356612712144852,
SNAP-000479-1,SIH26017-PRJ-000479,Maharashtra,Chhatrapati Sambhajinagar,Final Declaration (Sec 19),0.00794082973152399,
SNAP-000480-1,SIH26017-PRJ-000480,Jharkhand,Ranchi,Social Impact Assessment (SIA),0.005081008188426495,False
SNAP-000480-2,SIH26017-PRJ-000480,Jharkhand,Ranchi,Final Declaration (Sec 19),0.003180669154971838,False
SNAP-000480-3,SIH26017-PRJ-000480,Jharkhand,Ranchi,Compensation Disbursement,0.009053095243871212,False
SNAP-000481-1,SIH26017-PRJ-000481,Telangana,Karimnagar,Social Impact Assessment (SIA),0.011744833551347256,False
SNAP-000482-1,SIH26017-PRJ-000482,Madhya Pradesh,Bhopal,Award Declaration (Sec 23),0.009340032935142517,False
SNAP-000483-1,SIH26017-PRJ-000483,Assam,Dibrugarh,Social Impact Assessment (SIA),0.02387933060526848,
SNAP-000483-2,SIH26017-PRJ-000483,Assam,Dibrugarh,Social Impact Assessment (SIA),0.019164910539984703,
SNAP-000484-1,SIH26017-PRJ-000484,Rajasthan,Alwar,Draft Declaration,0.17640294134616852,False
SNAP-000485-1,SIH26017-PRJ-000485,Bihar,Gaya,Final Declaration (Sec 19),0.010420875623822212,False
SNAP-000485-2,SIH26017-PRJ-000485,Bihar,Gaya,Compensation Disbursement,0.014831244945526123,False
SNAP-000486-1,SIH26017-PRJ-000486,Assam,Kamrup,Final Declaration (Sec 19),0.41704270243644714,
SNAP-000487-1,SIH26017-PRJ-000487,Uttar Pradesh,Varanasi,Final Declaration (Sec 19),0.012659459374845028,False
SNAP-000487-2,SIH26017-PRJ-000487,Uttar Pradesh,Varanasi,Compensation Disbursement,0.013680332340300083,False
SNAP-000488-1,SIH26017-PRJ-000488,Odisha,Khordha,Draft Declaration,0.059305135160684586,False
SNAP-000489-1,SIH26017-PRJ-000489,Tamil Nadu,Chennai,Compensation Disbursement,0.002174471504986286,False
SNAP-000490-1,SIH26017-PRJ-000490,Tamil Nadu,Coimbatore,Preliminary Notification (Sec 11),0.03955651819705963,
SNAP-000491-1,SIH26017-PRJ-000491,Bihar,Patna,Final Declaration (Sec 19),0.023278897628188133,
SNAP-000492-1,SIH26017-PRJ-000492,Odisha,Kalahandi,Social Impact Assessment (SIA),0.0524582713842392,
SNAP-000493-1,SIH26017-PRJ-000493,Tamil Nadu,Tiruchirappalli,Final Declaration (Sec 19),0.028191937133669853,False
SNAP-000493-2,SIH26017-PRJ-000493,Tamil Nadu,Tiruchirappalli,Compensation Disbursement,0.03270522505044937,False
SNAP-000494-1,SIH26017-PRJ-000494,Odisha,Kalahandi,Survey & Measurement,0.03275641053915024,
SNAP-000494-2,SIH26017-PRJ-000494,Odisha,Kalahandi,Award Declaration (Sec 23),0.05285734683275223,
SNAP-000495-1,SIH26017-PRJ-000495,Assam,Kamrup,Compensation Disbursement,0.11799422651529312,False
SNAP-000496-1,SIH26017-PRJ-000496,West Bengal,Purulia,Award Declaration (Sec 23),0.15079466998577118,
SNAP-000496-2,SIH26017-PRJ-000496,West Bengal,Purulia,Compensation Disbursement,0.14993226528167725,
SNAP-000497-1,SIH26017-PRJ-000497,Chhattisgarh,Bastar,Final Declaration (Sec 19),0.32027795910835266,
SNAP-000498-1,SIH26017-PRJ-000498,Uttar Pradesh,Gautam Buddh Nagar,Final Declaration (Sec 19),0.07459504902362823,False
SNAP-000499-1,SIH26017-PRJ-000499,West Bengal,Howrah,Award Declaration (Sec 23),0.007835307158529758,False
SNAP-000500-1,SIH26017-PRJ-000500,Chhattisgarh,Raipur,Survey & Measurement,0.17838028073310852,
SNAP-000500-2,SIH26017-PRJ-000500,Chhattisgarh,Raipur,Final Declaration (Sec 19),0.3467196822166443,
SNAP-000501-1,SIH26017-PRJ-000501,Bihar,Patna,Award Declaration (Sec 23),0.0020472947508096695,
SNAP-000502-1,SIH26017-PRJ-000502,Bihar,Muzaffarpur,Award Declaration (Sec 23),0.002519115572795272,False
SNAP-000503-1,SIH26017-PRJ-000503,Karnataka,Belagavi,Possession,0.0554465726017952,False
SNAP-000504-1,SIH26017-PRJ-000504,Maharashtra,Nagpur,Survey & Measurement,0.0062558772042393684,False
SNAP-000504-2,SIH26017-PRJ-000504,Maharashtra,Nagpur,Final Declaration (Sec 19),0.011201778426766396,False
SNAP-000504-3,SIH26017-PRJ-000504,Maharashtra,Nagpur,Award Declaration (Sec 23),0.010886465199291706,False
SNAP-000505-1,SIH26017-PRJ-000505,Odisha,Sundargarh,Survey & Measurement,0.829054594039917,
SNAP-000506-1,SIH26017-PRJ-000506,Chhattisgarh,Durg,Possession,0.22422555088996887,False
SNAP-000507-1,SIH26017-PRJ-000507,Uttar Pradesh,Agra,Draft Declaration,0.005937141831964254,False
SNAP-000507-2,SIH26017-PRJ-000507,Uttar Pradesh,Agra,Compensation Disbursement,0.0036637764424085617,False
SNAP-000508-1,SIH26017-PRJ-000508,West Bengal,Kolkata,Survey & Measurement,0.01634199172258377,
SNAP-000508-2,SIH26017-PRJ-000508,West Bengal,Kolkata,Final Declaration (Sec 19),0.020374396815896034,
SNAP-000509-1,SIH26017-PRJ-000509,Maharashtra,Nashik,Preliminary Notification (Sec 11),0.0317479707300663,
SNAP-000509-2,SIH26017-PRJ-000509,Maharashtra,Nashik,Preliminary Notification (Sec 11),0.03696659579873085,
SNAP-000510-1,SIH26017-PRJ-000510,Odisha,Cuttack,Draft Declaration,0.0025699243415147066,
SNAP-000511-1,SIH26017-PRJ-000511,Chhattisgarh,Durg,Social Impact Assessment (SIA),0.008578336797654629,
SNAP-000511-2,SIH26017-PRJ-000511,Chhattisgarh,Durg,Social Impact Assessment (SIA),0.015538702718913555,
SNAP-000512-1,SIH26017-PRJ-000512,Jharkhand,Paschimi Singhbhum,Final Declaration (Sec 19),0.14116939902305603,
SNAP-000513-1,SIH26017-PRJ-000513,West Bengal,Purulia,Award Declaration (Sec 23),0.07488956302404404,False
SNAP-000514-1,SIH26017-PRJ-000514,Madhya Pradesh,Bhopal,Survey & Measurement,0.00214323285035789,False
SNAP-000514-2,SIH26017-PRJ-000514,Madhya Pradesh,Bhopal,Award Declaration (Sec 23),0.0019128195708617568,False
SNAP-000514-3,SIH26017-PRJ-000514,Madhya Pradesh,Bhopal,Compensation Disbursement,0.0031315921805799007,False
SNAP-000515-1,SIH26017-PRJ-000515,Jharkhand,Dhanbad,Final Declaration (Sec 19),0.10377691686153412,
SNAP-000516-1,SIH26017-PRJ-000516,Jharkhand,Dhanbad,Survey & Measurement,0.5729699730873108,
SNAP-000517-1,SIH26017-PRJ-000517,Madhya Pradesh,Jabalpur,Award Declaration (Sec 23),0.006211712956428528,False
SNAP-000518-1,SIH26017-PRJ-000518,Maharashtra,Chhatrapati Sambhajinagar,Survey & Measurement,0.4653647840023041,
SNAP-000518-2,SIH26017-PRJ-000518,Maharashtra,Chhatrapati Sambhajinagar,Survey & Measurement,0.5645070672035217,
SNAP-000519-1,SIH26017-PRJ-000519,Chhattisgarh,Raipur,Survey & Measurement,0.020138058811426163,
SNAP-000519-2,SIH26017-PRJ-000519,Chhattisgarh,Raipur,Draft Declaration,0.009167266078293324,
SNAP-000519-3,SIH26017-PRJ-000519,Chhattisgarh,Raipur,Final Declaration (Sec 19),0.033518414944410324,
SNAP-000520-1,SIH26017-PRJ-000520,Jharkhand,Paschimi Singhbhum,Award Declaration (Sec 23),0.018651742488145828,
SNAP-000521-1,SIH26017-PRJ-000521,Uttar Pradesh,Lucknow,Preliminary Notification (Sec 11),0.014677061699330807,
SNAP-000522-1,SIH26017-PRJ-000522,Telangana,Karimnagar,Possession,0.9040443897247314,True
SNAP-000523-1,SIH26017-PRJ-000523,Chhattisgarh,Durg,Draft Declaration,0.002294277772307396,False
SNAP-000523-2,SIH26017-PRJ-000523,Chhattisgarh,Durg,Compensation Disbursement,0.0017675487324595451,False
SNAP-000524-1,SIH26017-PRJ-000524,Tamil Nadu,Chennai,Social Impact Assessment (SIA),0.18215487897396088,
SNAP-000524-2,SIH26017-PRJ-000524,Tamil Nadu,Chennai,Survey & Measurement,0.26383545994758606,
SNAP-000525-1,SIH26017-PRJ-000525,Tamil Nadu,Tiruchirappalli,Award Declaration (Sec 23),0.03178412839770317,False
SNAP-000526-1,SIH26017-PRJ-000526,Kerala,Thiruvananthapuram,Social Impact Assessment (SIA),0.01038292795419693,
SNAP-000527-1,SIH26017-PRJ-000527,West Bengal,Howrah,Award Declaration (Sec 23),0.5864346027374268,False
SNAP-000528-1,SIH26017-PRJ-000528,Gujarat,Vadodara,Social Impact Assessment (SIA),0.8911052346229553,True
SNAP-000529-1,SIH26017-PRJ-000529,Chhattisgarh,Durg,Final Declaration (Sec 19),0.020684251561760902,
SNAP-000530-1,SIH26017-PRJ-000530,Gujarat,Surat,Draft Declaration,0.07159818708896637,False
SNAP-000530-2,SIH26017-PRJ-000530,Gujarat,Surat,Award Declaration (Sec 23),0.04497946798801422,False
SNAP-000531-1,SIH26017-PRJ-000531,Chhattisgarh,Durg,Social Impact Assessment (SIA),0.08069507777690887,True
SNAP-000532-1,SIH26017-PRJ-000532,Chhattisgarh,Durg,Award Declaration (Sec 23),0.13993984460830688,False
SNAP-000533-1,SIH26017-PRJ-000533,Chhattisgarh,Bastar,Compensation Disbursement,0.25167521834373474,False
SNAP-000534-1,SIH26017-PRJ-000534,Rajasthan,Jodhpur,Social Impact Assessment (SIA),0.010857831686735153,
SNAP-000534-2,SIH26017-PRJ-000534,Rajasthan,Jodhpur,Survey & Measurement,0.02768135629594326,
SNAP-000535-1,SIH26017-PRJ-000535,Tamil Nadu,Chennai,Social Impact Assessment (SIA),0.012859787791967392,
SNAP-000536-1,SIH26017-PRJ-000536,West Bengal,Purba Bardhaman,Draft Declaration,0.3798989951610565,
SNAP-000536-2,SIH26017-PRJ-000536,West Bengal,Purba Bardhaman,Award Declaration (Sec 23),0.30697426199913025,
SNAP-000537-1,SIH26017-PRJ-000537,Chhattisgarh,Durg,Award Declaration (Sec 23),0.029637519270181656,False
SNAP-000538-1,SIH26017-PRJ-000538,Rajasthan,Jaipur,Final Declaration (Sec 19),0.8251925706863403,
SNAP-000539-1,SIH26017-PRJ-000539,Maharashtra,Pune,Compensation Disbursement,0.2752242684364319,False
SNAP-000540-1,SIH26017-PRJ-000540,Bihar,Patna,Survey & Measurement,0.008307517506182194,False
SNAP-000540-2,SIH26017-PRJ-000540,Bihar,Patna,Award Declaration (Sec 23),0.01656261831521988,False
SNAP-000541-1,SIH26017-PRJ-000541,Bihar,Gaya,Draft Declaration,0.6164695620536804,False
SNAP-000541-2,SIH26017-PRJ-000541,Bihar,Gaya,Compensation Disbursement,0.6318028569221497,False
SNAP-000542-1,SIH26017-PRJ-000542,Assam,Kamrup,Survey & Measurement,0.3382256031036377,
SNAP-000543-1,SIH26017-PRJ-000543,Maharashtra,Chhatrapati Sambhajinagar,Draft Declaration,0.7119935750961304,
SNAP-000543-2,SIH26017-PRJ-000543,Maharashtra,Chhatrapati Sambhajinagar,Award Declaration (Sec 23),0.8493121862411499,
SNAP-000544-1,SIH26017-PRJ-000544,Chhattisgarh,Durg,Final Declaration (Sec 19),0.004716737195849419,False
SNAP-000544-2,SIH26017-PRJ-000544,Chhattisgarh,Durg,Award Declaration (Sec 23),0.003974913619458675,False
SNAP-000544-3,SIH26017-PRJ-000544,Chhattisgarh,Durg,Compensation Disbursement,0.005459582433104515,False
SNAP-000545-1,SIH26017-PRJ-000545,Gujarat,Rajkot,Draft Declaration,0.5920536518096924,
SNAP-000545-2,SIH26017-PRJ-000545,Gujarat,Rajkot,Award Declaration (Sec 23),0.5222234725952148,
SNAP-000546-1,SIH26017-PRJ-000546,Bihar,Gaya,Social Impact Assessment (SIA),0.0410054475069046,
SNAP-000547-1,SIH26017-PRJ-000547,Gujarat,Surat,Social Impact Assessment (SIA),0.024935465306043625,
SNAP-000547-2,SIH26017-PRJ-000547,Gujarat,Surat,Social Impact Assessment (SIA),0.015541786327958107,
SNAP-000548-1,SIH26017-PRJ-000548,Telangana,Warangal,Final Declaration (Sec 19),0.001602024887688458,False
SNAP-000548-2,SIH26017-PRJ-000548,Telangana,Warangal,Compensation Disbursement,0.002028318354859948,False
SNAP-000549-1,SIH26017-PRJ-000549,Uttar Pradesh,Varanasi,Draft Declaration,0.7047010064125061,
SNAP-000549-2,SIH26017-PRJ-000549,Uttar Pradesh,Varanasi,Award Declaration (Sec 23),0.6768510341644287,
SNAP-000549-3,SIH26017-PRJ-000549,Uttar Pradesh,Varanasi,Compensation Disbursement,0.687827467918396,
SNAP-000550-1,SIH26017-PRJ-000550,Assam,Dibrugarh,Social Impact Assessment (SIA),0.2388780564069748,
SNAP-000551-1,SIH26017-PRJ-000551,Madhya Pradesh,Bhopal,Survey & Measurement,0.15782520174980164,
SNAP-000551-2,SIH26017-PRJ-000551,Madhya Pradesh,Bhopal,Draft Declaration,0.31728702783584595,
SNAP-000551-3,SIH26017-PRJ-000551,Madhya Pradesh,Bhopal,Award Declaration (Sec 23),0.49854347109794617,
SNAP-000552-1,SIH26017-PRJ-000552,Madhya Pradesh,Chhindwara,Compensation Disbursement,0.03981281816959381,False
SNAP-000553-1,SIH26017-PRJ-000553,Gujarat,Ahmedabad,Social Impact Assessment (SIA),0.007389263715595007,False
SNAP-000553-2,SIH26017-PRJ-000553,Gujarat,Ahmedabad,Award Declaration (Sec 23),0.013878733851015568,False
SNAP-000554-1,SIH26017-PRJ-000554,Maharashtra,Chhatrapati Sambhajinagar,Compensation Disbursement,0.2389385849237442,
SNAP-000555-1,SIH26017-PRJ-000555,Uttar Pradesh,Gautam Buddh Nagar,Final Declaration (Sec 19),0.5375875234603882,
SNAP-000556-1,SIH26017-PRJ-000556,Karnataka,Mysuru,Survey & Measurement,0.1711786389350891,
SNAP-000556-2,SIH26017-PRJ-000556,Karnataka,Mysuru,Award Declaration (Sec 23),0.20438556373119354,
SNAP-000556-3,SIH26017-PRJ-000556,Karnataka,Mysuru,Possession,0.13234031200408936,
SNAP-000557-1,SIH26017-PRJ-000557,Karnataka,Ballari,Preliminary Notification (Sec 11),0.10808157920837402,
SNAP-000557-2,SIH26017-PRJ-000557,Karnataka,Ballari,Preliminary Notification (Sec 11),0.11014609783887863,
SNAP-000558-1,SIH26017-PRJ-000558,Madhya Pradesh,Chhindwara,Compensation Disbursement,0.16725343465805054,False
SNAP-000559-1,SIH26017-PRJ-000559,Telangana,Warangal,Social Impact Assessment (SIA),0.5941266417503357,
SNAP-000559-2,SIH26017-PRJ-000559,Telangana,Warangal,Survey & Measurement,0.7110246419906616,
SNAP-000559-3,SIH26017-PRJ-000559,Telangana,Warangal,Draft Declaration,0.4857025742530823,
SNAP-000560-1,SIH26017-PRJ-000560,Rajasthan,Jaipur,Award Declaration (Sec 23),0.9355098009109497,True
SNAP-000561-1,SIH26017-PRJ-000561,Karnataka,Ballari,Survey & Measurement,0.014067052863538265,
SNAP-000562-1,SIH26017-PRJ-000562,Assam,Kamrup,Preliminary Notification (Sec 11),0.025022588670253754,
SNAP-000563-1,SIH26017-PRJ-000563,Maharashtra,Chhatrapati Sambhajinagar,Preliminary Notification (Sec 11),0.044648803770542145,
SNAP-000564-1,SIH26017-PRJ-000564,Maharashtra,Nagpur,Social Impact Assessment (SIA),0.01382953580468893,
SNAP-000565-1,SIH26017-PRJ-000565,Maharashtra,Chhatrapati Sambhajinagar,Survey & Measurement,0.06664911657571793,False
SNAP-000565-2,SIH26017-PRJ-000565,Maharashtra,Chhatrapati Sambhajinagar,Award Declaration (Sec 23),0.04843059927225113,False
SNAP-000566-1,SIH26017-PRJ-000566,Kerala,Thiruvananthapuram,Draft Declaration,0.9865192770957947,True
SNAP-000566-2,SIH26017-PRJ-000566,Kerala,Thiruvananthapuram,Award Declaration (Sec 23),0.982699990272522,True
SNAP-000566-3,SIH26017-PRJ-000566,Kerala,Thiruvananthapuram,Compensation Disbursement,0.9598873257637024,True
SNAP-000567-1,SIH26017-PRJ-000567,Gujarat,Ahmedabad,Survey & Measurement,0.9077466130256653,True
SNAP-000568-1,SIH26017-PRJ-000568,West Bengal,Kolkata,Final Declaration (Sec 19),0.06301769614219666,
SNAP-000569-1,SIH26017-PRJ-000569,Odisha,Sundargarh,Survey & Measurement,0.5703264474868774,
SNAP-000570-1,SIH26017-PRJ-000570,Telangana,Warangal,Social Impact Assessment (SIA),0.03213797137141228,
SNAP-000570-2,SIH26017-PRJ-000570,Telangana,Warangal,Survey & Measurement,0.03159259259700775,
SNAP-000571-1,SIH26017-PRJ-000571,Assam,Dibrugarh,Compensation Disbursement,0.5707405209541321,False
SNAP-000572-1,SIH26017-PRJ-000572,Telangana,Warangal,Draft Declaration,0.0036705813836306334,
SNAP-000573-1,SIH26017-PRJ-000573,Madhya Pradesh,Jabalpur,Draft Declaration,0.009105360135436058,False
SNAP-000573-2,SIH26017-PRJ-000573,Madhya Pradesh,Jabalpur,Compensation Disbursement,0.004966668784618378,False
SNAP-000574-1,SIH26017-PRJ-000574,West Bengal,Purba Bardhaman,Survey & Measurement,0.003251259680837393,False
SNAP-000574-2,SIH26017-PRJ-000574,West Bengal,Purba Bardhaman,Compensation Disbursement,0.005677574779838324,False
SNAP-000575-1,SIH26017-PRJ-000575,Uttar Pradesh,Varanasi,Social Impact Assessment (SIA),0.0016855939757078886,
SNAP-000576-1,SIH26017-PRJ-000576,Bihar,Patna,Compensation Disbursement,0.003367247525602579,False
SNAP-000577-1,SIH26017-PRJ-000577,Kerala,Thiruvananthapuram,Draft Declaration,0.9788989424705505,True
SNAP-000577-2,SIH26017-PRJ-000577,Kerala,Thiruvananthapuram,Compensation Disbursement,0.9612101912498474,True
SNAP-000578-1,SIH26017-PRJ-000578,Odisha,Khordha,Draft Declaration,0.0144343888387084,False
SNAP-000578-2,SIH26017-PRJ-000578,Odisha,Khordha,Award Declaration (Sec 23),0.041640929877758026,False
SNAP-000579-1,SIH26017-PRJ-000579,Chhattisgarh,Durg,Social Impact Assessment (SIA),0.3103316128253937,False
SNAP-000580-1,SIH26017-PRJ-000580,Kerala,Ernakulam,Social Impact Assessment (SIA),0.013504048809409142,
SNAP-000581-1,SIH26017-PRJ-000581,Madhya Pradesh,Chhindwara,Award Declaration (Sec 23),0.05701781436800957,False
SNAP-000582-1,SIH26017-PRJ-000582,Karnataka,Bengaluru Rural,Award Declaration (Sec 23),0.6033328771591187,
SNAP-000583-1,SIH26017-PRJ-000583,Odisha,Cuttack,Final Declaration (Sec 19),0.019604220986366272,False
SNAP-000583-2,SIH26017-PRJ-000583,Odisha,Cuttack,Compensation Disbursement,0.05043408274650574,False
SNAP-000584-1,SIH26017-PRJ-000584,Telangana,Warangal,Compensation Disbursement,0.003906398545950651,False
SNAP-000585-1,SIH26017-PRJ-000585,Chhattisgarh,Bastar,Compensation Disbursement,0.628677248954773,
SNAP-000586-1,SIH26017-PRJ-000586,Rajasthan,Jaipur,Social Impact Assessment (SIA),0.1397818922996521,
SNAP-000586-2,SIH26017-PRJ-000586,Rajasthan,Jaipur,Final Declaration (Sec 19),0.25581660866737366,
SNAP-000587-1,SIH26017-PRJ-000587,Bihar,Muzaffarpur,Award Declaration (Sec 23),0.002640754682943225,False
SNAP-000588-1,SIH26017-PRJ-000588,Karnataka,Belagavi,Draft Declaration,0.000996915390715003,
SNAP-000589-1,SIH26017-PRJ-000589,Madhya Pradesh,Jabalpur,Preliminary Notification (Sec 11),0.022544952109456062,
SNAP-000590-1,SIH26017-PRJ-000590,Gujarat,Vadodara,Final Declaration (Sec 19),0.3545687198638916,
SNAP-000590-2,SIH26017-PRJ-000590,Gujarat,Vadodara,Award Declaration (Sec 23),0.2937588095664978,
SNAP-000591-1,SIH26017-PRJ-000591,Tamil Nadu,Tiruchirappalli,Social Impact Assessment (SIA),0.01726689748466015,
SNAP-000592-1,SIH26017-PRJ-000592,Bihar,Muzaffarpur,Survey & Measurement,0.05801790952682495,
SNAP-000592-2,SIH26017-PRJ-000592,Bihar,Muzaffarpur,Final Declaration (Sec 19),0.0743093341588974,
SNAP-000593-1,SIH26017-PRJ-000593,Madhya Pradesh,Indore,Survey & Measurement,0.00502751674503088,False
SNAP-000594-1,SIH26017-PRJ-000594,Karnataka,Belagavi,Final Declaration (Sec 19),0.9657992720603943,True
SNAP-000594-2,SIH26017-PRJ-000594,Karnataka,Belagavi,Compensation Disbursement,0.9628667831420898,True
SNAP-000594-3,SIH26017-PRJ-000594,Karnataka,Belagavi,Compensation Disbursement,0.9696027040481567,True
SNAP-000595-1,SIH26017-PRJ-000595,Karnataka,Ballari,Social Impact Assessment (SIA),0.023202482610940933,False
SNAP-000596-1,SIH26017-PRJ-000596,Chhattisgarh,Bastar,Compensation Disbursement,0.1960059255361557,False
SNAP-000597-1,SIH26017-PRJ-000597,Karnataka,Bengaluru Rural,Survey & Measurement,0.0031504686921834946,False
SNAP-000598-1,SIH26017-PRJ-000598,Uttar Pradesh,Gautam Buddh Nagar,Mutation & Handover,0.02763504348695278,False
SNAP-000599-1,SIH26017-PRJ-000599,Gujarat,Ahmedabad,Award Declaration (Sec 23),0.9741430878639221,True
SNAP-000599-2,SIH26017-PRJ-000599,Gujarat,Ahmedabad,Compensation Disbursement,0.9794250130653381,True
SNAP-000600-1,SIH26017-PRJ-000600,Karnataka,Ballari,Survey & Measurement,0.005043145269155502,
SNAP-000600-2,SIH26017-PRJ-000600,Karnataka,Ballari,Draft Declaration,0.0035466854460537434,
SNAP-000600-3,SIH26017-PRJ-000600,Karnataka,Ballari,Award Declaration (Sec 23),0.009784065186977386,
