project_id,number_of_implementing_officers,officer_turnover_count_last_year,district_collector_changes_count,inter_departmental_coordination_score,avg_file_processing_days,e_governance_system_used_flag,rti_queries_count,audit_objections_count,budget_utilization_percent,funds_availability_status
SIH26017-PRJ-000001,10,7,2,2,30.1,True,5,5,52.2,Delayed
SIH26017-PRJ-000002,1,10,6,1,23.4,True,7,5,51.7,Delayed
SIH26017-PRJ-000003,3,7,2,4,36.5,False,7,1,80.8,Delayed
SIH26017-PRJ-000004,5,7,3,3,20.4,False,3,3,45.1,Insufficient
SIH26017-PRJ-000005,11,10,5,2,34.4,True,9,3,13.7,Insufficient
SIH26017-PRJ-000006,5,10,2,3,21.9,False,10,0,20.5,Adequate
SIH26017-PRJ-000007,9,3,1,2,38.4,True,5,1,40.0,Delayed
SIH26017-PRJ-000008,1,10,4,3,34.8,True,1,3,21.9,Delayed
SIH26017-PRJ-000009,16,5,0,3,43.4,False,6,1,35.7,Insufficient
SIH26017-PRJ-000010,7,10,6,3,34.2,False,6,10,56.5,Delayed
SIH26017-PRJ-000011,5,5,3,2,33.7,False,15,2,63.7,Insufficient
SIH26017-PRJ-000012,4,10,6,1,28.7,False,1,6,93.6,Insufficient
SIH26017-PRJ-000013,4,8,2,3,39.3,False,5,3,50.5,Delayed
SIH26017-PRJ-000014,3,8,3,2,27.5,True,14,3,95.7,Adequate
SIH26017-PRJ-000015,13,10,0,2,26.0,False,1,2,70.1,Insufficient
SIH26017-PRJ-000016,4,1,2,1,24.3,False,7,2,37.9,Delayed
SIH26017-PRJ-000017,3,2,3,2,33.1,False,2,4,56.7,Delayed
SIH26017-PRJ-000018,2,5,2,3,33.0,True,7,0,80.4,Insufficient
SIH26017-PRJ-000019,5,10,6,2,37.2,False,19,7,64.5,Delayed
SIH26017-PRJ-000020,4,9,5,3,31.1,False,15,6,71.9,Delayed
SIH26017-PRJ-000021,5,10,6,3,35.2,True,9,2,63.6,Delayed
SIH26017-PRJ-000022,7,10,6,4,44.9,True,14,5,88.3,Insufficient
SIH26017-PRJ-000023,2,9,0,2,31.9,False,2,0,55.1,Delayed
SIH26017-PRJ-000024,3,10,3,2,41.8,True,12,5,17.2,Insufficient
SIH26017-PRJ-000025,4,8,3,1,26.1,False,8,2,49.8,Insufficient
SIH26017-PRJ-000026,3,10,3,2,39.7,True,29,5,4.7,Insufficient
SIH26017-PRJ-000027,5,10,6,1,22.6,True,9,5,91.9,Delayed
SIH26017-PRJ-000028,9,10,6,2,32.2,True,7,5,39.8,Delayed
SIH26017-PRJ-000029,7,4,2,3,32.1,True,3,1,66.6,Adequate
SIH26017-PRJ-000030,9,2,2,2,16.9,True,10,0,76.8,Delayed
SIH26017-PRJ-000031,6,10,6,2,22.8,False,2,8,53.5,Delayed
SIH26017-PRJ-000032,4,10,6,3,23.7,True,19,9,77.6,Insufficient
SIH26017-PRJ-000033,5,5,3,3,24.2,True,2,3,87.3,Adequate
SIH26017-PRJ-000034,7,2,1,2,31.6,False,7,6,59.0,Delayed
SIH26017-PRJ-000035,3,7,4,3,19.6,True,1,5,89.0,Delayed
SIH26017-PRJ-000036,6,10,6,3,21.1,True,32,6,71.4,Delayed
SIH26017-PRJ-000037,4,3,2,2,33.6,True,3,2,42.4,Insufficient
SIH26017-PRJ-000038,7,7,5,1,47.5,True,7,4,59.4,Delayed
SIH26017-PRJ-000039,6,0,1,4,27.3,True,2,1,41.7,Insufficient
SIH26017-PRJ-000040,5,10,2,3,30.8,False,15,2,19.2,Insufficient
SIH26017-PRJ-000041,4,9,2,3,24.6,True,13,6,78.1,Insufficient
SIH26017-PRJ-000042,3,4,6,3,23.8,True,7,4,78.3,Adequate
SIH26017-PRJ-000043,5,10,6,3,25.9,True,14,0,62.9,Delayed
SIH26017-PRJ-000044,2,10,4,2,14.7,True,10,2,94.1,Adequate
SIH26017-PRJ-000045,4,9,6,1,28.9,False,14,6,88.9,Adequate
SIH26017-PRJ-000046,5,3,4,2,33.0,True,5,1,72.6,Delayed
SIH26017-PRJ-000047,2,10,5,2,32.0,False,3,4,84.1,Delayed
SIH26017-PRJ-000048,8,4,3,2,34.8,True,10,1,48.1,Delayed
SIH26017-PRJ-000049,3,10,6,1,27.7,False,18,1,75.0,Delayed
SIH26017-PRJ-000050,2,10,6,2,36.3,True,13,4,85.7,Delayed
SIH26017-PRJ-000051,2,5,0,3,44.3,False,7,1,72.0,Adequate
SIH26017-PRJ-000052,2,3,1,3,32.7,True,1,1,69.5,Insufficient
SIH26017-PRJ-000053,3,10,6,1,32.0,True,1,4,77.4,Adequate
SIH26017-PRJ-000054,14,10,6,1,29.7,False,37,9,84.0,Delayed
SIH26017-PRJ-000055,7,5,3,2,43.6,True,3,6,13.9,Delayed
SIH26017-PRJ-000056,2,10,3,2,27.0,True,10,5,64.9,Adequate
SIH26017-PRJ-000057,2,10,6,4,24.4,False,5,3,25.3,Insufficient
SIH26017-PRJ-000058,4,6,1,3,29.4,True,7,1,99.4,Adequate
SIH26017-PRJ-000059,4,10,4,2,19.1,False,6,2,52.7,Adequate
SIH26017-PRJ-000060,2,3,2,3,27.7,False,2,7,64.4,Insufficient
SIH26017-PRJ-000061,7,5,5,2,31.6,True,10,0,46.8,Insufficient
SIH26017-PRJ-000062,1,3,6,2,18.8,True,6,1,87.4,Delayed
SIH26017-PRJ-000063,4,6,3,4,36.0,True,5,2,70.5,Delayed
SIH26017-PRJ-000064,6,10,1,3,39.3,False,7,2,52.8,Insufficient
SIH26017-PRJ-000065,4,4,2,3,28.5,False,7,4,73.9,Delayed
SIH26017-PRJ-000066,3,5,1,4,18.7,True,6,1,84.7,Adequate
SIH26017-PRJ-000067,3,10,3,1,41.4,False,12,5,76.1,Insufficient
SIH26017-PRJ-000068,9,10,5,1,36.4,False,15,3,78.6,Delayed
SIH26017-PRJ-000069,3,10,6,2,39.9,False,9,4,91.7,Insufficient
SIH26017-PRJ-000070,4,0,0,1,28.9,False,3,1,61.5,Delayed
SIH26017-PRJ-000071,3,10,6,2,33.7,False,2,4,81.0,Delayed
SIH26017-PRJ-000072,4,5,2,3,36.2,False,3,1,25.8,Insufficient
SIH26017-PRJ-000073,4,3,2,4,34.2,True,3,1,47.4,Delayed
SIH26017-PRJ-000074,2,9,3,2,34.4,True,13,3,59.4,Delayed
SIH26017-PRJ-000075,3,10,2,3,26.2,False,6,3,99.4,Delayed
SIH26017-PRJ-000076,4,4,6,3,28.3,False,8,2,94.4,Adequate
SIH26017-PRJ-000077,4,10,6,3,24.5,False,25,9,83.4,Delayed
SIH26017-PRJ-000078,7,8,4,1,35.3,False,13,1,46.6,Delayed
SIH26017-PRJ-000079,5,9,4,2,22.8,True,21,4,76.6,Adequate
SIH26017-PRJ-000080,2,10,2,3,30.1,False,7,4,76.4,Insufficient
SIH26017-PRJ-000081,3,10,4,3,41.6,True,25,2,94.4,Insufficient
SIH26017-PRJ-000082,9,1,5,2,24.2,True,4,2,31.7,Delayed
SIH26017-PRJ-000083,3,10,4,1,44.2,False,7,6,73.9,Insufficient
SIH26017-PRJ-000084,6,10,3,4,26.5,False,5,0,98.0,Delayed
SIH26017-PRJ-000085,12,9,4,4,29.5,False,7,0,87.8,Adequate
SIH26017-PRJ-000086,2,10,2,3,19.0,True,7,0,68.4,Delayed
SIH26017-PRJ-000087,2,10,6,2,29.9,False,20,1,61.7,Insufficient
SIH26017-PRJ-000088,6,10,6,2,15.0,False,4,4,94.9,Adequate
SIH26017-PRJ-000089,14,10,6,3,21.3,True,5,1,100.0,Delayed
SIH26017-PRJ-000090,3,0,1,1,17.8,False,4,0,84.8,Adequate
SIH26017-PRJ-000091,5,4,3,3,34.2,False,8,0,24.4,Delayed
SIH26017-PRJ-000092,2,2,1,2,25.5,False,4,3,98.1,Adequate
SIH26017-PRJ-000093,8,7,1,1,44.3,True,10,3,39.7,Insufficient
SIH26017-PRJ-000094,3,3,0,3,30.8,False,7,2,41.8,Delayed
SIH26017-PRJ-000095,5,10,6,3,34.6,True,20,8,30.9,Insufficient
SIH26017-PRJ-000096,3,7,4,2,22.1,False,7,1,90.0,Adequate
SIH26017-PRJ-000097,7,8,0,3,30.4,True,8,2,26.0,Insufficient
SIH26017-PRJ-000098,1,8,2,3,32.2,True,5,2,81.5,Adequate
SIH26017-PRJ-000099,3,8,2,2,17.5,True,6,0,86.8,Adequate
SIH26017-PRJ-000100,4,7,2,3,22.7,True,5,1,17.3,Delayed
SIH26017-PRJ-000101,4,10,6,1,23.3,True,16,4,86.0,Delayed
SIH26017-PRJ-000102,10,10,6,3,29.3,False,11,3,54.9,Delayed
SIH26017-PRJ-000103,5,6,2,2,16.5,False,21,4,6.0,Adequate
SIH26017-PRJ-000104,2,2,0,5,17.4,True,3,4,55.0,Delayed
SIH26017-PRJ-000105,5,5,1,3,30.7,True,4,1,57.3,Delayed
SIH26017-PRJ-000106,5,10,2,2,47.0,True,19,5,79.4,Adequate
SIH26017-PRJ-000107,3,7,6,2,35.4,True,13,5,54.8,Insufficient
SIH26017-PRJ-000108,7,2,0,2,32.5,True,4,0,35.2,Insufficient
SIH26017-PRJ-000109,5,5,2,3,16.8,True,3,0,82.0,Adequate
SIH26017-PRJ-000110,8,9,1,1,38.8,False,10,7,52.3,Insufficient
SIH26017-PRJ-000111,3,5,2,4,26.0,False,2,4,85.6,Delayed
SIH26017-PRJ-000112,4,10,4,2,19.7,False,6,5,87.8,Adequate
SIH26017-PRJ-000113,3,10,5,2,37.0,False,23,3,25.8,Insufficient
SIH26017-PRJ-000114,10,10,6,3,41.8,False,7,0,71.0,Adequate
SIH26017-PRJ-000115,3,10,3,2,27.6,True,24,5,88.6,Delayed
SIH26017-PRJ-000116,2,10,3,4,21.4,True,5,3,97.9,Adequate
SIH26017-PRJ-000117,7,4,2,4,32.6,True,0,4,68.3,Delayed
SIH26017-PRJ-000118,6,8,0,4,18.8,True,11,2,91.4,Delayed
SIH26017-PRJ-000119,3,2,1,5,29.7,False,0,2,71.6,Adequate
SIH26017-PRJ-000120,6,10,6,2,34.0,False,2,8,62.2,Delayed
SIH26017-PRJ-000121,3,10,3,2,31.5,False,29,2,46.8,Insufficient
SIH26017-PRJ-000122,6,10,2,3,31.4,True,0,0,19.6,Insufficient
SIH26017-PRJ-000123,6,5,5,2,22.3,False,6,2,55.5,Insufficient
SIH26017-PRJ-000124,6,10,6,1,34.3,True,25,10,67.9,Insufficient
SIH26017-PRJ-000125,4,10,4,3,26.5,True,16,3,91.3,Adequate
SIH26017-PRJ-000126,5,9,2,2,24.7,False,4,1,98.3,Adequate
SIH26017-PRJ-000127,4,3,0,2,41.6,False,1,2,14.5,Insufficient
SIH26017-PRJ-000128,3,8,6,3,31.6,False,1,4,52.0,Delayed
SIH26017-PRJ-000129,3,8,2,3,35.3,False,13,2,18.0,Insufficient
SIH26017-PRJ-000130,3,10,0,2,30.3,True,13,3,99.2,Adequate
SIH26017-PRJ-000131,5,9,3,3,24.2,True,1,0,64.3,Adequate
SIH26017-PRJ-000132,2,6,4,3,17.5,False,21,2,100.0,Adequate
SIH26017-PRJ-000133,9,10,4,1,17.0,False,11,4,78.6,Insufficient
SIH26017-PRJ-000134,7,6,1,1,36.5,True,10,5,83.6,Delayed
SIH26017-PRJ-000135,6,5,2,1,30.3,True,4,2,44.1,Delayed
SIH26017-PRJ-000136,5,4,6,3,26.2,True,6,0,82.5,Adequate
SIH26017-PRJ-000137,3,2,5,2,23.3,True,10,0,75.4,Delayed
SIH26017-PRJ-000138,2,4,4,2,21.1,False,7,3,94.7,Adequate
SIH26017-PRJ-000139,2,8,0,3,32.5,False,12,6,21.1,Insufficient
SIH26017-PRJ-000140,2,2,1,2,27.1,False,14,2,70.9,Adequate
SIH26017-PRJ-000141,5,10,6,2,43.9,False,12,5,91.0,Delayed
SIH26017-PRJ-000142,8,7,6,2,28.0,False,9,11,63.2,Delayed
SIH26017-PRJ-000143,3,1,1,3,17.8,False,15,0,100.0,Adequate
SIH26017-PRJ-000144,4,6,1,1,24.8,True,1,1,77.8,Adequate
SIH26017-PRJ-000145,7,10,6,3,35.6,True,22,4,64.2,Delayed
SIH26017-PRJ-000146,4,1,4,2,31.5,True,0,3,43.6,Delayed
SIH26017-PRJ-000147,8,5,6,3,26.9,False,9,9,63.4,Adequate
SIH26017-PRJ-000148,2,2,2,3,18.6,False,0,0,85.7,Adequate
SIH26017-PRJ-000149,6,10,1,2,33.2,True,13,1,34.9,Insufficient
SIH26017-PRJ-000150,12,10,1,3,33.8,False,14,6,66.0,Delayed
SIH26017-PRJ-000151,3,10,3,1,44.9,False,23,1,87.9,Insufficient
SIH26017-PRJ-000152,3,10,6,4,29.0,False,7,7,6.2,Insufficient
SIH26017-PRJ-000153,4,10,6,3,36.6,False,29,2,67.5,Insufficient
SIH26017-PRJ-000154,2,6,1,3,32.5,True,2,1,6.2,Insufficient
SIH26017-PRJ-000155,8,10,3,3,25.9,True,9,6,88.6,Delayed
SIH26017-PRJ-000156,4,3,3,2,36.7,False,9,2,89.5,Delayed
SIH26017-PRJ-000157,5,10,6,1,37.5,False,21,12,73.3,Insufficient
SIH26017-PRJ-000158,7,10,5,4,38.2,False,14,0,6.6,Insufficient
SIH26017-PRJ-000159,4,4,2,3,31.0,True,6,2,41.6,Adequate
SIH26017-PRJ-000160,8,10,6,2,23.2,False,20,5,78.5,Delayed
SIH26017-PRJ-000161,4,10,0,4,36.2,False,22,7,84.3,Adequate
SIH26017-PRJ-000162,6,4,2,3,29.5,True,5,1,37.6,Delayed
SIH26017-PRJ-000163,6,3,1,1,23.2,False,12,2,83.6,Adequate
SIH26017-PRJ-000164,3,10,5,1,33.3,False,36,4,11.2,Insufficient
SIH26017-PRJ-000165,14,6,3,2,28.2,True,1,6,82.3,Delayed
SIH26017-PRJ-000166,3,10,3,4,21.0,True,4,0,55.9,Delayed
SIH26017-PRJ-000167,1,3,1,3,37.5,True,2,2,36.1,Insufficient
SIH26017-PRJ-000168,10,10,2,2,26.2,False,21,5,70.2,Adequate
SIH26017-PRJ-000169,5,5,1,3,35.1,False,28,4,39.3,Delayed
SIH26017-PRJ-000170,8,8,5,1,26.3,True,5,1,26.3,Insufficient
SIH26017-PRJ-000171,4,4,5,2,27.3,False,17,1,53.3,Insufficient
SIH26017-PRJ-000172,4,10,4,3,26.6,False,3,3,16.8,Insufficient
SIH26017-PRJ-000173,14,5,0,1,34.0,True,3,2,50.1,Delayed
SIH26017-PRJ-000174,2,6,5,3,32.8,False,5,7,75.6,Delayed
SIH26017-PRJ-000175,3,10,2,2,26.1,True,9,3,80.9,Adequate
SIH26017-PRJ-000176,2,10,2,3,24.5,True,22,8,77.1,Adequate
SIH26017-PRJ-000177,3,2,2,3,34.1,False,3,0,72.1,Insufficient
SIH26017-PRJ-000178,4,10,4,3,46.6,False,3,2,39.2,Insufficient
SIH26017-PRJ-000179,3,8,0,1,34.9,True,8,5,88.8,Insufficient
SIH26017-PRJ-000180,5,10,3,1,33.4,True,24,8,32.9,Delayed
SIH26017-PRJ-000181,2,8,0,2,36.5,False,4,1,30.0,Insufficient
SIH26017-PRJ-000182,3,4,1,4,21.5,True,3,1,76.5,Adequate
SIH26017-PRJ-000183,1,6,1,3,29.4,False,2,0,60.0,Delayed
SIH26017-PRJ-000184,17,8,0,2,36.4,True,12,4,51.6,Insufficient
SIH26017-PRJ-000185,6,10,4,3,41.8,False,13,2,5.4,Insufficient
SIH26017-PRJ-000186,4,10,6,1,37.4,False,6,8,24.0,Insufficient
SIH26017-PRJ-000187,3,10,0,2,27.1,True,2,2,89.1,Adequate
SIH26017-PRJ-000188,12,3,0,3,29.5,True,4,2,72.0,Delayed
SIH26017-PRJ-000189,9,10,2,1,29.9,True,3,5,88.0,Delayed
SIH26017-PRJ-000190,4,10,6,2,29.1,True,25,5,27.7,Insufficient
SIH26017-PRJ-000191,1,3,2,3,20.9,True,5,7,76.5,Delayed
SIH26017-PRJ-000192,7,10,6,1,28.3,False,10,5,92.9,Adequate
SIH26017-PRJ-000193,3,1,0,3,23.6,False,2,4,96.1,Adequate
SIH26017-PRJ-000194,3,1,5,3,22.4,True,12,9,94.3,Delayed
SIH26017-PRJ-000195,1,10,6,2,29.8,True,19,1,79.6,Delayed
SIH26017-PRJ-000196,8,10,2,3,34.4,True,5,2,33.6,Insufficient
SIH26017-PRJ-000197,10,10,6,2,38.4,False,15,6,74.4,Delayed
SIH26017-PRJ-000198,6,9,3,2,41.0,True,5,1,15.7,Delayed
SIH26017-PRJ-000199,16,0,1,2,33.5,True,6,2,23.3,Insufficient
SIH26017-PRJ-000200,2,6,4,2,35.1,False,13,2,76.9,Delayed
SIH26017-PRJ-000201,8,9,2,3,31.1,True,11,2,77.8,Insufficient
SIH26017-PRJ-000202,2,8,1,3,19.6,True,1,1,86.6,Adequate
SIH26017-PRJ-000203,13,2,3,2,34.4,True,6,1,37.1,Insufficient
SIH26017-PRJ-000204,5,8,1,2,31.1,False,14,3,42.4,Delayed
SIH26017-PRJ-000205,5,3,2,1,28.0,False,6,2,4.6,Insufficient
SIH26017-PRJ-000206,4,10,4,2,37.6,True,18,3,41.5,Delayed
SIH26017-PRJ-000207,8,10,6,2,33.3,True,19,3,43.4,Insufficient
SIH26017-PRJ-000208,10,5,2,2,38.6,False,5,5,37.4,Insufficient
SIH26017-PRJ-000209,1,5,5,2,33.4,False,6,0,64.9,Insufficient
SIH26017-PRJ-000210,18,10,5,3,30.1,False,11,7,78.2,Delayed
SIH26017-PRJ-000211,6,2,2,3,26.6,True,31,8,83.3,Adequate
SIH26017-PRJ-000212,4,10,6,2,31.0,False,7,3,54.2,Adequate
SIH26017-PRJ-000213,14,10,6,2,33.2,True,8,2,78.1,Delayed
SIH26017-PRJ-000214,2,10,6,2,30.4,False,15,12,78.0,Delayed
SIH26017-PRJ-000215,9,10,0,3,29.0,True,27,3,44.3,Insufficient
SIH26017-PRJ-000216,3,9,1,2,24.7,False,4,2,55.7,Delayed
SIH26017-PRJ-000217,4,10,2,2,35.2,True,14,4,100.0,Delayed
SIH26017-PRJ-000218,5,10,0,2,34.2,False,11,3,40.6,Insufficient
SIH26017-PRJ-000219,7,10,2,2,45.3,True,5,3,75.9,Delayed
SIH26017-PRJ-000220,10,6,1,1,18.8,False,9,7,82.3,Adequate
SIH26017-PRJ-000221,4,3,0,3,24.2,False,8,2,100.0,Adequate
SIH26017-PRJ-000222,8,10,4,3,33.9,True,11,8,86.7,Adequate
SIH26017-PRJ-000223,4,9,6,4,26.2,True,15,7,28.5,Insufficient
SIH26017-PRJ-000224,2,10,3,2,28.9,True,6,3,69.0,Adequate
SIH26017-PRJ-000225,10,10,5,2,25.3,True,9,2,100.0,Delayed
SIH26017-PRJ-000226,3,6,2,2,8.5,True,2,2,90.5,Adequate
SIH26017-PRJ-000227,4,4,2,1,23.1,True,11,6,69.6,Delayed
SIH26017-PRJ-000228,3,3,0,3,35.8,True,8,0,65.3,Insufficient
SIH26017-PRJ-000229,3,6,3,2,25.1,True,6,1,76.8,Delayed
SIH26017-PRJ-000230,4,7,2,4,31.1,False,13,3,80.0,Delayed
SIH26017-PRJ-000231,2,10,5,1,35.8,False,14,6,58.8,Delayed
SIH26017-PRJ-000232,3,10,5,1,43.9,False,7,1,69.6,Insufficient
SIH26017-PRJ-000233,4,10,6,1,22.8,True,11,3,82.9,Delayed
SIH26017-PRJ-000234,4,10,6,2,21.5,False,3,6,67.2,Insufficient
SIH26017-PRJ-000235,2,10,5,4,38.9,True,22,4,70.2,Delayed
SIH26017-PRJ-000236,4,2,2,1,38.6,False,10,1,60.0,Insufficient
SIH26017-PRJ-000237,4,10,5,2,15.5,True,24,5,80.4,Adequate
SIH26017-PRJ-000238,5,10,5,2,31.5,True,9,3,73.5,Delayed
SIH26017-PRJ-000239,1,10,4,4,30.6,True,14,3,74.1,Delayed
SIH26017-PRJ-000240,4,4,5,2,34.2,False,10,3,100.0,Delayed
SIH26017-PRJ-000241,10,10,4,2,44.7,False,12,2,75.0,Delayed
SIH26017-PRJ-000242,6,5,3,3,43.5,False,4,0,43.8,Delayed
SIH26017-PRJ-000243,16,7,1,3,22.1,True,8,4,41.7,Insufficient
SIH26017-PRJ-000244,2,10,5,3,27.5,True,15,2,82.9,Delayed
SIH26017-PRJ-000245,5,10,5,2,32.0,True,12,3,70.9,Delayed
SIH26017-PRJ-000246,10,10,6,3,31.3,True,16,4,61.9,Insufficient
SIH26017-PRJ-000247,3,8,4,2,23.4,False,18,8,98.5,Delayed
SIH26017-PRJ-000248,5,10,6,2,41.0,True,5,4,81.1,Adequate
SIH26017-PRJ-000249,3,3,1,3,27.5,False,1,5,79.8,Adequate
SIH26017-PRJ-000250,3,10,6,3,43.2,True,2,10,86.6,Delayed
SIH26017-PRJ-000251,3,10,3,3,36.3,False,13,8,71.7,Insufficient
SIH26017-PRJ-000252,2,4,6,3,30.0,True,7,3,83.1,Delayed
SIH26017-PRJ-000253,5,10,6,2,29.0,True,27,4,6.7,Insufficient
SIH26017-PRJ-000254,4,4,4,1,38.1,False,19,5,90.0,Delayed
SIH26017-PRJ-000255,3,10,6,2,27.2,False,12,4,55.1,Insufficient
SIH26017-PRJ-000256,3,10,3,2,30.8,True,15,3,72.4,Delayed
SIH26017-PRJ-000257,4,0,2,3,34.4,True,3,1,100.0,Delayed
SIH26017-PRJ-000258,2,10,3,4,33.4,True,26,2,67.0,Delayed
SIH26017-PRJ-000259,3,10,4,2,20.8,False,35,1,88.2,Delayed
SIH26017-PRJ-000260,10,10,2,3,36.8,True,13,6,65.6,Delayed
SIH26017-PRJ-000261,8,10,6,2,40.9,True,7,3,84.8,Delayed
SIH26017-PRJ-000262,3,10,6,3,26.3,False,26,8,79.0,Delayed
SIH26017-PRJ-000263,5,2,5,5,7.9,True,10,1,100.0,Adequate
SIH26017-PRJ-000264,4,6,1,1,35.3,False,13,2,35.3,Insufficient
SIH26017-PRJ-000265,3,10,6,2,32.1,False,4,0,74.6,Delayed
SIH26017-PRJ-000266,17,1,2,3,38.2,True,2,1,34.9,Insufficient
SIH26017-PRJ-000267,7,5,1,3,43.3,True,2,1,16.6,Insufficient
SIH26017-PRJ-000268,4,10,5,2,26.5,True,11,3,21.2,Delayed
SIH26017-PRJ-000269,3,4,3,3,23.5,True,5,4,47.9,Delayed
SIH26017-PRJ-000270,12,10,1,5,31.2,False,6,1,13.1,Insufficient
SIH26017-PRJ-000271,2,10,5,2,37.6,False,15,3,71.1,Delayed
SIH26017-PRJ-000272,3,10,2,3,32.7,False,16,9,86.0,Delayed
SIH26017-PRJ-000273,5,10,1,1,33.9,False,5,4,75.6,Delayed
SIH26017-PRJ-000274,5,10,6,4,39.9,True,25,4,69.1,Delayed
SIH26017-PRJ-000275,5,10,5,2,27.4,True,13,6,49.8,Delayed
SIH26017-PRJ-000276,3,8,0,4,31.1,True,12,1,63.4,Delayed
SIH26017-PRJ-000277,12,6,4,2,27.2,False,4,0,78.4,Adequate
SIH26017-PRJ-000278,2,10,6,3,18.9,False,11,7,74.7,Insufficient
SIH26017-PRJ-000279,5,9,5,3,35.6,False,27,6,65.0,Insufficient
SIH26017-PRJ-000280,2,8,6,2,30.8,True,12,1,91.8,Adequate
SIH26017-PRJ-000281,11,3,0,2,28.4,True,6,2,23.2,Insufficient
SIH26017-PRJ-000282,8,6,4,3,40.0,False,8,3,13.6,Insufficient
SIH26017-PRJ-000283,4,4,1,2,16.9,False,6,1,14.3,Delayed
SIH26017-PRJ-000284,3,10,6,2,37.9,False,10,2,73.3,Delayed
SIH26017-PRJ-000285,3,5,0,3,16.5,False,3,4,100.0,Delayed
SIH26017-PRJ-000286,1,10,1,3,35.1,False,7,2,91.8,Adequate
SIH26017-PRJ-000287,8,2,4,3,13.7,False,13,8,78.3,Adequate
SIH26017-PRJ-000288,7,10,6,2,33.5,True,11,5,6.6,Insufficient
SIH26017-PRJ-000289,1,10,0,3,29.3,True,8,2,86.9,Delayed
SIH26017-PRJ-000290,9,10,6,3,40.9,False,27,17,61.6,Delayed
SIH26017-PRJ-000291,4,10,6,2,22.2,False,11,0,91.0,Adequate
SIH26017-PRJ-000292,3,9,4,3,34.0,True,7,4,3.9,Delayed
SIH26017-PRJ-000293,4,7,1,3,23.0,True,12,3,95.0,Delayed
SIH26017-PRJ-000294,2,10,6,2,34.6,False,2,13,54.4,Insufficient
SIH26017-PRJ-000295,10,10,3,4,28.4,True,7,1,11.1,Insufficient
SIH26017-PRJ-000296,3,6,1,3,21.1,False,5,4,100.0,Adequate
SIH26017-PRJ-000297,6,6,6,1,21.1,True,10,2,4.9,Delayed
SIH26017-PRJ-000298,10,7,4,2,32.9,False,7,4,80.2,Delayed
SIH26017-PRJ-000299,1,2,0,3,23.3,False,3,2,79.1,Adequate
SIH26017-PRJ-000300,2,10,6,4,22.0,True,5,5,95.9,Adequate
SIH26017-PRJ-000301,3,10,6,2,31.2,True,8,5,72.0,Delayed
SIH26017-PRJ-000302,4,8,6,2,36.6,True,6,2,68.8,Delayed
SIH26017-PRJ-000303,2,6,1,3,29.7,True,3,0,90.5,Delayed
SIH26017-PRJ-000304,3,6,1,3,14.6,True,1,0,85.9,Adequate
SIH26017-PRJ-000305,4,8,1,3,38.0,True,12,0,63.7,Insufficient
SIH26017-PRJ-000306,2,7,3,3,26.5,True,10,1,90.1,Adequate
SIH26017-PRJ-000307,4,8,3,4,23.0,True,8,2,72.1,Adequate
SIH26017-PRJ-000308,4,2,2,2,18.5,False,15,2,100.0,Adequate
SIH26017-PRJ-000309,2,10,1,3,35.2,False,11,5,90.1,Adequate
SIH26017-PRJ-000310,2,10,6,4,25.8,True,19,5,14.3,Delayed
SIH26017-PRJ-000311,6,4,1,4,21.5,False,9,1,17.1,Insufficient
SIH26017-PRJ-000312,6,10,6,1,45.0,False,6,5,33.6,Delayed
SIH26017-PRJ-000313,4,4,1,3,18.8,True,0,4,30.8,Delayed
SIH26017-PRJ-000314,3,2,0,1,21.9,True,6,1,16.2,Delayed
SIH26017-PRJ-000315,4,10,4,2,32.7,False,18,7,89.3,Delayed
SIH26017-PRJ-000316,6,10,0,3,22.2,True,5,7,74.4,Delayed
SIH26017-PRJ-000317,1,10,5,2,24.1,True,14,0,86.1,Adequate
SIH26017-PRJ-000318,3,5,1,3,24.1,True,4,3,71.0,Delayed
SIH26017-PRJ-000319,13,10,6,1,45.9,True,13,4,63.9,Adequate
SIH26017-PRJ-000320,4,10,1,1,36.4,True,22,3,68.0,Adequate
SIH26017-PRJ-000321,7,7,2,2,35.3,False,12,3,51.4,Insufficient
SIH26017-PRJ-000322,1,10,5,2,27.2,False,5,4,64.1,Adequate
SIH26017-PRJ-000323,4,10,4,2,31.4,False,6,4,46.7,Delayed
SIH26017-PRJ-000324,6,8,4,3,28.0,True,9,5,51.3,Delayed
SIH26017-PRJ-000325,9,3,2,2,34.5,True,0,0,48.1,Delayed
SIH26017-PRJ-000326,4,10,5,1,34.8,True,9,7,89.8,Insufficient
SIH26017-PRJ-000327,2,3,0,3,18.6,False,9,1,92.1,Adequate
SIH26017-PRJ-000328,3,10,4,3,24.3,True,5,2,73.7,Delayed
SIH26017-PRJ-000329,11,6,2,3,41.5,False,7,0,44.2,Delayed
SIH26017-PRJ-000330,4,10,3,2,40.4,False,6,1,84.2,Delayed
SIH26017-PRJ-000331,6,10,6,3,32.8,True,21,3,73.1,Delayed
SIH26017-PRJ-000332,4,7,1,2,25.1,False,1,1,75.3,Delayed
SIH26017-PRJ-000333,4,10,5,4,39.5,False,8,5,14.3,Insufficient
SIH26017-PRJ-000334,4,6,2,1,19.2,True,4,1,28.2,Adequate
SIH26017-PRJ-000335,12,9,3,2,43.4,False,12,1,58.6,Insufficient
SIH26017-PRJ-000336,5,6,0,2,28.3,False,15,2,59.1,Adequate
SIH26017-PRJ-000337,4,4,2,3,26.8,True,3,1,66.0,Adequate
SIH26017-PRJ-000338,3,7,3,3,35.6,False,10,6,62.7,Delayed
SIH26017-PRJ-000339,6,10,4,3,41.1,True,18,5,79.2,Insufficient
SIH26017-PRJ-000340,2,5,4,2,35.8,False,10,9,67.4,Delayed
SIH26017-PRJ-000341,2,2,3,5,28.4,True,6,0,58.2,Delayed
SIH26017-PRJ-000342,2,5,4,4,36.3,False,13,3,26.1,Delayed
SIH26017-PRJ-000343,2,2,6,2,36.2,True,6,1,48.2,Insufficient
SIH26017-PRJ-000344,3,7,2,4,21.0,False,14,1,77.5,Adequate
SIH26017-PRJ-000345,3,10,5,4,39.0,True,18,2,72.0,Delayed
SIH26017-PRJ-000346,18,9,3,3,37.4,True,7,0,71.3,Insufficient
SIH26017-PRJ-000347,6,10,2,2,32.6,True,7,5,73.7,Adequate
SIH26017-PRJ-000348,3,8,0,3,33.9,False,6,1,93.8,Delayed
SIH26017-PRJ-000349,4,6,6,4,27.5,False,3,4,64.9,Delayed
SIH26017-PRJ-000350,4,5,4,1,32.8,True,3,3,88.5,Adequate
SIH26017-PRJ-000351,10,6,5,2,24.3,True,0,2,41.7,Insufficient
SIH26017-PRJ-000352,15,1,4,3,30.0,False,8,4,33.9,Delayed
SIH26017-PRJ-000353,7,1,2,1,31.0,False,4,0,44.8,Delayed
SIH26017-PRJ-000354,4,1,0,2,13.0,False,0,0,64.3,Delayed
SIH26017-PRJ-000355,6,4,2,3,38.2,True,9,3,37.7,Insufficient
SIH26017-PRJ-000356,5,10,3,1,42.0,False,3,2,58.1,Insufficient
SIH26017-PRJ-000357,14,10,6,3,37.8,True,17,4,4.5,Insufficient
SIH26017-PRJ-000358,10,7,2,2,30.9,False,11,1,14.0,Insufficient
SIH26017-PRJ-000359,8,10,5,3,30.3,False,9,7,67.7,Delayed
SIH26017-PRJ-000360,2,10,4,1,41.0,False,27,6,71.2,Delayed
SIH26017-PRJ-000361,2,10,6,2,16.6,True,12,7,79.9,Delayed
SIH26017-PRJ-000362,3,9,0,2,26.2,True,18,7,74.0,Delayed
SIH26017-PRJ-000363,7,8,2,3,26.5,False,7,2,84.2,Delayed
SIH26017-PRJ-000364,9,10,4,2,41.3,False,24,9,46.2,Delayed
SIH26017-PRJ-000365,5,5,0,4,16.1,True,20,5,75.6,Adequate
SIH26017-PRJ-000366,5,10,4,2,23.3,False,9,3,17.3,Delayed
SIH26017-PRJ-000367,19,8,2,4,32.5,True,6,4,29.3,Insufficient
SIH26017-PRJ-000368,1,10,5,3,28.6,False,4,2,96.7,Delayed
SIH26017-PRJ-000369,4,10,6,4,22.6,False,12,3,70.6,Adequate
SIH26017-PRJ-000370,3,10,6,3,31.9,False,30,2,83.2,Adequate
SIH26017-PRJ-000371,19,10,6,2,44.6,True,7,5,61.7,Insufficient
SIH26017-PRJ-000372,4,5,1,2,29.6,True,8,1,37.8,Insufficient
SIH26017-PRJ-000373,4,10,6,3,29.8,True,8,2,83.5,Adequate
SIH26017-PRJ-000374,5,8,4,3,18.7,True,3,5,99.8,Delayed
SIH26017-PRJ-000375,3,10,6,3,42.1,True,11,5,53.1,Delayed
SIH26017-PRJ-000376,4,2,2,3,18.1,False,7,0,100.0,Delayed
SIH26017-PRJ-000377,12,3,0,2,32.6,False,2,2,49.2,Insufficient
SIH26017-PRJ-000378,12,10,4,2,41.4,True,11,5,92.9,Delayed
SIH26017-PRJ-000379,3,10,5,1,28.9,False,2,3,71.7,Insufficient
SIH26017-PRJ-000380,8,5,2,3,34.2,True,3,0,65.8,Delayed
SIH26017-PRJ-000381,6,10,4,1,43.6,False,18,9,33.1,Insufficient
SIH26017-PRJ-000382,11,10,0,2,30.6,False,5,1,43.8,Insufficient
SIH26017-PRJ-000383,1,2,2,1,31.2,False,5,2,39.7,Delayed
SIH26017-PRJ-000384,1,4,2,2,11.6,True,3,3,100.0,Adequate
SIH26017-PRJ-000385,10,8,1,4,37.3,False,27,2,91.8,Insufficient
SIH26017-PRJ-000386,5,7,5,2,19.8,False,11,1,67.6,Adequate
SIH26017-PRJ-000387,4,7,0,3,35.9,False,7,2,81.4,Adequate
SIH26017-PRJ-000388,10,10,6,2,29.2,False,6,3,88.2,Delayed
SIH26017-PRJ-000389,17,4,3,4,31.1,False,3,3,18.3,Delayed
SIH26017-PRJ-000390,3,6,0,2,36.6,True,8,3,49.7,Delayed
SIH26017-PRJ-000391,5,10,2,2,27.6,True,7,5,34.1,Delayed
SIH26017-PRJ-000392,8,10,4,2,30.6,False,10,0,5.3,Insufficient
SIH26017-PRJ-000393,3,10,2,3,28.8,False,25,5,87.8,Delayed
SIH26017-PRJ-000394,5,10,6,4,32.4,False,16,4,4.8,Insufficient
SIH26017-PRJ-000395,3,10,2,3,22.6,True,8,7,89.7,Delayed
SIH26017-PRJ-000396,4,10,5,2,27.0,False,25,9,81.9,Delayed
SIH26017-PRJ-000397,3,3,1,3,29.8,False,3,0,24.5,Insufficient
SIH26017-PRJ-000398,6,10,1,4,26.4,False,5,1,79.1,Adequate
SIH26017-PRJ-000399,3,3,3,3,36.2,True,10,2,73.9,Delayed
SIH26017-PRJ-000400,10,10,6,4,38.8,False,0,8,85.3,Delayed
SIH26017-PRJ-000401,3,3,1,3,32.8,False,3,1,45.9,Adequate
SIH26017-PRJ-000402,5,8,5,3,38.1,True,15,1,81.0,Insufficient
SIH26017-PRJ-000403,7,1,2,2,29.0,True,3,0,33.0,Insufficient
SIH26017-PRJ-000404,4,10,1,3,38.3,True,10,8,92.2,Adequate
SIH26017-PRJ-000405,3,10,6,2,31.9,True,3,8,87.3,Insufficient
SIH26017-PRJ-000406,11,7,0,2,32.2,True,9,6,81.3,Delayed
SIH26017-PRJ-000407,8,6,6,2,27.9,False,10,6,31.0,Delayed
SIH26017-PRJ-000408,2,10,4,1,31.5,False,3,2,81.1,Insufficient
SIH26017-PRJ-000409,8,4,1,2,28.3,True,8,0,93.5,Delayed
SIH26017-PRJ-000410,5,7,2,1,30.9,False,10,5,86.6,Delayed
SIH26017-PRJ-000411,4,2,1,3,28.6,True,9,5,96.9,Delayed
SIH26017-PRJ-000412,5,10,6,1,15.8,False,12,2,37.3,Adequate
SIH26017-PRJ-000413,1,6,2,2,23.5,True,5,1,99.6,Adequate
SIH26017-PRJ-000414,9,5,2,1,46.4,True,0,1,29.7,Insufficient
SIH26017-PRJ-000415,18,7,3,3,33.6,True,8,4,56.1,Delayed
SIH26017-PRJ-000416,3,6,2,3,33.7,True,7,2,90.9,Adequate
SIH26017-PRJ-000417,3,10,4,2,26.6,True,7,8,37.4,Delayed
SIH26017-PRJ-000418,5,7,2,2,25.6,True,6,2,24.0,Delayed
SIH26017-PRJ-000419,3,10,4,4,32.2,True,3,3,80.1,Adequate
SIH26017-PRJ-000420,5,2,2,3,35.5,False,6,2,71.9,Delayed
SIH26017-PRJ-000421,5,10,3,4,20.7,False,13,2,93.7,Adequate
SIH26017-PRJ-000422,5,0,1,1,40.7,True,1,2,15.9,Insufficient
SIH26017-PRJ-000423,1,3,0,2,24.4,False,1,3,79.5,Delayed
SIH26017-PRJ-000424,6,10,5,3,25.4,False,5,11,69.2,Adequate
SIH26017-PRJ-000425,4,10,6,2,28.5,True,16,2,73.5,Insufficient
SIH26017-PRJ-000426,2,7,2,1,27.0,True,6,4,79.9,Delayed
SIH26017-PRJ-000427,5,7,3,3,38.5,False,11,4,4.9,Delayed
SIH26017-PRJ-000428,7,10,3,2,44.1,False,8,8,67.2,Delayed
SIH26017-PRJ-000429,10,10,2,1,39.1,False,12,5,82.7,Delayed
SIH26017-PRJ-000430,3,10,6,2,34.1,True,10,4,70.1,Insufficient
SIH26017-PRJ-000431,10,9,6,3,30.0,False,0,5,84.0,Delayed
SIH26017-PRJ-000432,6,10,1,3,35.8,False,9,5,64.0,Insufficient
SIH26017-PRJ-000433,4,10,6,1,31.1,True,13,4,87.0,Insufficient
SIH26017-PRJ-000434,10,10,4,1,27.1,True,25,5,22.4,Insufficient
SIH26017-PRJ-000435,4,10,3,2,35.8,False,19,1,84.2,Insufficient
SIH26017-PRJ-000436,4,6,4,1,23.7,True,4,1,78.6,Adequate
SIH26017-PRJ-000437,4,6,1,2,22.7,False,22,6,88.7,Adequate
SIH26017-PRJ-000438,8,10,4,1,41.4,False,5,5,53.8,Insufficient
SIH26017-PRJ-000439,4,5,4,3,32.7,False,9,2,50.8,Insufficient
SIH26017-PRJ-000440,12,10,2,2,43.2,True,12,6,82.3,Delayed
SIH26017-PRJ-000441,6,10,4,1,20.4,False,13,3,67.9,Insufficient
SIH26017-PRJ-000442,4,3,3,4,22.8,False,1,2,76.8,Adequate
SIH26017-PRJ-000443,3,6,6,3,28.5,True,14,6,92.1,Delayed
SIH26017-PRJ-000444,1,1,1,3,16.7,False,6,3,41.0,Delayed
SIH26017-PRJ-000445,6,10,3,1,35.4,False,11,6,72.0,Delayed
SIH26017-PRJ-000446,3,4,3,2,13.4,True,9,3,96.3,Adequate
SIH26017-PRJ-000447,10,10,2,2,36.0,True,5,3,28.9,Insufficient
SIH26017-PRJ-000448,9,2,1,2,30.1,True,8,2,71.4,Delayed
SIH26017-PRJ-000449,4,10,6,3,12.5,False,4,3,84.5,Adequate
SIH26017-PRJ-000450,3,8,1,2,9.7,False,10,3,14.3,Delayed
SIH26017-PRJ-000451,13,10,6,2,37.8,True,27,6,38.3,Insufficient
SIH26017-PRJ-000452,4,1,0,3,29.8,True,0,0,86.4,Delayed
SIH26017-PRJ-000453,3,10,2,3,34.1,True,14,9,79.3,Delayed
SIH26017-PRJ-000454,4,9,5,3,28.9,False,9,8,24.4,Delayed
SIH26017-PRJ-000455,4,9,5,2,32.9,True,25,3,77.0,Delayed
SIH26017-PRJ-000456,4,10,6,2,31.5,True,11,2,90.9,Delayed
SIH26017-PRJ-000457,5,10,3,3,30.1,True,3,3,55.6,Delayed
SIH26017-PRJ-000458,3,10,6,2,29.8,True,30,1,76.3,Insufficient
SIH26017-PRJ-000459,4,0,2,4,33.2,False,1,2,56.1,Delayed
SIH26017-PRJ-000460,3,10,6,3,24.4,True,1,3,84.1,Adequate
SIH26017-PRJ-000461,3,10,2,2,41.5,True,7,1,32.9,Insufficient
SIH26017-PRJ-000462,5,5,2,1,37.5,True,0,3,40.8,Insufficient
SIH26017-PRJ-000463,4,1,2,3,5.5,False,10,1,93.1,Adequate
SIH26017-PRJ-000464,3,9,3,2,24.9,True,17,10,100.0,Adequate
SIH26017-PRJ-000465,11,9,5,1,25.1,False,23,3,18.7,Insufficient
SIH26017-PRJ-000466,4,0,2,3,26.1,True,4,3,62.3,Adequate
SIH26017-PRJ-000467,5,9,1,1,40.4,True,8,4,47.1,Insufficient
SIH26017-PRJ-000468,4,10,5,2,33.5,False,8,7,56.7,Delayed
SIH26017-PRJ-000469,4,2,0,3,24.8,True,3,3,69.4,Adequate
SIH26017-PRJ-000470,7,10,6,4,38.6,True,19,7,47.0,Delayed
SIH26017-PRJ-000471,4,2,1,2,29.7,True,3,1,19.3,Insufficient
SIH26017-PRJ-000472,3,0,3,2,22.6,False,1,1,91.6,Adequate
SIH26017-PRJ-000473,3,10,2,3,22.7,True,3,3,93.5,Adequate
SIH26017-PRJ-000474,5,10,1,3,23.9,True,11,0,97.2,Adequate
SIH26017-PRJ-000475,13,9,6,3,33.1,False,6,4,90.8,Insufficient
SIH26017-PRJ-000476,4,10,4,2,32.1,True,9,3,80.4,Delayed
SIH26017-PRJ-000477,5,10,6,3,33.7,True,10,3,76.4,Delayed
SIH26017-PRJ-000478,5,10,6,2,24.4,True,23,12,32.3,Insufficient
SIH26017-PRJ-000479,4,2,0,2,28.6,True,2,0,65.9,Delayed
SIH26017-PRJ-000480,2,9,6,3,36.6,True,21,5,79.1,Delayed
SIH26017-PRJ-000481,8,10,0,2,24.0,True,14,3,81.4,Delayed
SIH26017-PRJ-000482,6,8,6,3,26.2,False,10,4,66.3,Adequate
SIH26017-PRJ-000483,2,7,4,2,35.1,True,22,2,15.8,Delayed
SIH26017-PRJ-000484,4,10,6,1,22.8,False,17,4,78.3,Delayed
SIH26017-PRJ-000485,4,10,1,3,28.9,False,5,3,83.9,Adequate
SIH26017-PRJ-000486,3,6,2,2,31.4,True,2,1,50.0,Delayed
SIH26017-PRJ-000487,10,10,5,1,30.6,False,8,6,88.1,Delayed
SIH26017-PRJ-000488,4,8,4,3,36.9,True,4,1,66.8,Delayed
SIH26017-PRJ-000489,4,8,2,2,17.3,True,12,4,94.3,Delayed
SIH26017-PRJ-000490,4,10,5,1,26.9,False,13,6,4.9,Insufficient
SIH26017-PRJ-000491,3,3,2,4,28.7,True,3,3,56.0,Delayed
SIH26017-PRJ-000492,4,10,5,1,37.3,True,15,15,13.0,Insufficient
SIH26017-PRJ-000493,3,10,3,4,40.8,False,23,8,90.0,Delayed
SIH26017-PRJ-000494,6,5,0,3,22.9,False,2,1,73.7,Delayed
SIH26017-PRJ-000495,2,10,5,2,46.2,True,10,4,72.2,Insufficient
SIH26017-PRJ-000496,10,10,6,3,31.0,True,19,6,80.4,Adequate
SIH26017-PRJ-000497,7,1,4,3,33.7,False,4,3,64.4,Insufficient
SIH26017-PRJ-000498,4,6,3,3,30.9,True,7,2,81.0,Delayed
SIH26017-PRJ-000499,2,9,6,3,23.9,False,9,5,73.5,Adequate
SIH26017-PRJ-000500,5,4,0,2,22.9,False,3,2,59.3,Delayed
SIH26017-PRJ-000501,4,4,0,2,26.6,True,2,0,95.3,Adequate
SIH26017-PRJ-000502,6,0,1,4,19.4,False,6,2,90.5,Adequate
SIH26017-PRJ-000503,3,6,6,3,17.6,True,6,1,75.6,Adequate
SIH26017-PRJ-000504,4,10,6,2,20.2,True,8,2,65.2,Delayed
SIH26017-PRJ-000505,9,10,3,1,44.5,True,29,11,54.1,Insufficient
SIH26017-PRJ-000506,5,10,6,2,28.1,True,2,9,65.1,Delayed
SIH26017-PRJ-000507,5,7,1,3,29.6,True,2,4,71.4,Delayed
SIH26017-PRJ-000508,4,2,0,3,29.0,True,9,1,68.7,Delayed
SIH26017-PRJ-000509,4,10,1,1,41.7,False,7,5,4.5,Insufficient
SIH26017-PRJ-000510,4,9,2,2,35.7,True,2,4,70.9,Delayed
SIH26017-PRJ-000511,2,10,6,1,29.4,False,7,3,15.9,Insufficient
SIH26017-PRJ-000512,4,5,0,2,37.1,False,4,2,38.3,Delayed
SIH26017-PRJ-000513,6,9,1,1,25.1,True,15,2,80.2,Delayed
SIH26017-PRJ-000514,6,0,2,2,25.6,False,6,0,97.0,Adequate
SIH26017-PRJ-000515,7,7,4,2,34.9,False,0,0,56.5,Delayed
SIH26017-PRJ-000516,13,10,2,2,34.2,False,12,1,53.9,Insufficient
SIH26017-PRJ-000517,5,8,4,3,28.7,True,0,2,91.5,Adequate
SIH26017-PRJ-000518,8,7,2,1,30.6,True,4,0,34.2,Insufficient
SIH26017-PRJ-000519,6,7,5,2,38.0,True,0,3,44.8,Delayed
SIH26017-PRJ-000520,5,10,6,3,32.1,True,15,6,59.1,Delayed
SIH26017-PRJ-000521,3,2,0,4,24.2,False,7,2,5.0,Delayed
SIH26017-PRJ-000522,4,6,4,2,29.3,True,1,2,94.4,Adequate
SIH26017-PRJ-000523,4,10,3,3,28.1,True,7,1,71.9,Delayed
SIH26017-PRJ-000524,6,4,2,2,32.1,False,6,4,32.5,Insufficient
SIH26017-PRJ-000525,3,6,1,1,32.1,False,3,0,92.4,Delayed
SIH26017-PRJ-000526,5,10,3,1,28.3,True,10,6,11.7,Delayed
SIH26017-PRJ-000527,6,8,5,2,27.6,False,7,4,96.7,Delayed
SIH26017-PRJ-000528,19,10,6,2,37.5,True,21,3,67.2,Delayed
SIH26017-PRJ-000529,2,2,1,3,34.9,True,5,1,30.8,Delayed
SIH26017-PRJ-000530,5,10,5,2,36.1,False,10,5,60.8,Delayed
SIH26017-PRJ-000531,8,6,3,3,42.4,True,6,4,68.0,Delayed
SIH26017-PRJ-000532,6,10,4,3,31.5,True,17,15,85.5,Delayed
SIH26017-PRJ-000533,5,9,3,3,22.9,True,11,4,94.2,Insufficient
SIH26017-PRJ-000534,2,4,0,3,36.0,True,4,1,43.0,Delayed
SIH26017-PRJ-000535,2,3,5,3,43.3,True,4,0,19.6,Insufficient
SIH26017-PRJ-000536,7,8,2,1,23.7,False,7,4,71.8,Delayed
SIH26017-PRJ-000537,5,10,6,2,25.4,False,9,2,77.2,Delayed
SIH26017-PRJ-000538,13,4,1,2,36.2,True,5,0,45.1,Insufficient
SIH26017-PRJ-000539,6,10,6,2,26.6,False,19,3,86.2,Insufficient
SIH26017-PRJ-000540,3,8,5,3,26.4,False,16,2,89.8,Delayed
SIH26017-PRJ-000541,4,10,5,2,39.6,False,3,1,92.8,Delayed
SIH26017-PRJ-000542,7,10,6,2,48.7,True,10,3,38.5,Insufficient
SIH26017-PRJ-000543,1,9,1,2,37.6,True,11,4,52.7,Delayed
SIH26017-PRJ-000544,3,7,5,5,28.0,False,6,1,88.2,Adequate
SIH26017-PRJ-000545,10,9,6,1,37.7,True,24,9,60.4,Delayed
SIH26017-PRJ-000546,3,3,0,2,18.7,True,8,5,77.4,Adequate
SIH26017-PRJ-000547,6,10,6,3,37.8,True,2,2,15.0,Insufficient
SIH26017-PRJ-000548,3,6,4,5,19.7,True,9,3,100.0,Adequate
SIH26017-PRJ-000549,13,8,6,1,32.2,True,14,4,57.8,Insufficient
SIH26017-PRJ-000550,3,5,0,4,30.8,True,13,2,25.0,Delayed
SIH26017-PRJ-000551,5,3,1,2,21.6,True,6,2,48.1,Delayed
SIH26017-PRJ-000552,1,1,0,2,17.8,True,4,5,85.5,Adequate
SIH26017-PRJ-000553,3,7,3,3,31.4,False,10,0,69.6,Delayed
SIH26017-PRJ-000554,3,10,6,3,33.9,True,0,3,70.9,Delayed
SIH26017-PRJ-000555,1,3,2,1,25.8,True,1,3,39.6,Insufficient
SIH26017-PRJ-000556,16,6,2,2,27.1,False,8,3,61.7,Delayed
SIH26017-PRJ-000557,11,10,4,3,23.9,True,8,5,4.8,Insufficient
SIH26017-PRJ-000558,6,10,6,2,22.4,False,9,3,80.4,Adequate
SIH26017-PRJ-000559,14,4,1,4,32.6,False,3,0,36.0,Delayed
SIH26017-PRJ-000560,4,10,4,3,32.3,True,25,9,55.7,Delayed
SIH26017-PRJ-000561,6,1,0,1,37.9,False,2,5,26.9,Insufficient
SIH26017-PRJ-000562,13,10,2,3,37.6,True,1,0,4.6,Insufficient
SIH26017-PRJ-000563,13,9,0,1,32.4,False,6,3,4.4,Insufficient
SIH26017-PRJ-000564,7,10,0,3,26.5,True,17,6,14.3,Delayed
SIH26017-PRJ-000565,5,9,5,1,33.2,True,32,7,83.1,Delayed
SIH26017-PRJ-000566,8,10,4,3,27.6,True,23,5,75.7,Delayed
SIH26017-PRJ-000567,2,10,4,2,33.5,True,12,6,59.1,Delayed
SIH26017-PRJ-000568,9,5,3,1,31.6,False,8,6,39.6,Insufficient
SIH26017-PRJ-000569,9,8,3,2,34.6,True,13,2,64.1,Delayed
SIH26017-PRJ-000570,14,6,0,2,36.2,False,12,3,17.8,Insufficient
SIH26017-PRJ-000571,9,10,6,3,29.3,False,12,4,91.8,Delayed
SIH26017-PRJ-000572,3,2,2,3,19.8,False,6,0,39.7,Delayed
SIH26017-PRJ-000573,2,6,5,4,13.8,True,17,0,87.1,Adequate
SIH26017-PRJ-000574,3,9,4,4,21.6,True,5,7,95.6,Delayed
SIH26017-PRJ-000575,4,2,3,3,31.0,True,2,0,17.1,Adequate
SIH26017-PRJ-000576,4,10,5,3,16.8,False,0,2,100.0,Delayed
SIH26017-PRJ-000577,3,10,6,2,29.2,False,28,4,77.1,Delayed
SIH26017-PRJ-000578,2,8,5,1,16.0,False,8,3,81.6,Adequate
SIH26017-PRJ-000579,3,7,4,2,22.3,True,17,11,67.8,Delayed
SIH26017-PRJ-000580,2,4,1,2,28.8,False,2,1,23.6,Insufficient
SIH26017-PRJ-000581,4,2,3,5,7.1,True,3,0,96.0,Adequate
SIH26017-PRJ-000582,7,10,0,4,27.2,True,15,4,60.7,Adequate
SIH26017-PRJ-000583,2,10,2,1,22.3,True,9,8,87.3,Adequate
SIH26017-PRJ-000584,5,6,1,2,36.2,True,2,4,91.7,Adequate
SIH26017-PRJ-000585,4,10,6,2,39.4,False,27,8,62.0,Insufficient
SIH26017-PRJ-000586,3,2,1,1,32.3,False,6,2,69.6,Delayed
SIH26017-PRJ-000587,5,8,1,3,28.3,True,12,1,81.7,Delayed
SIH26017-PRJ-000588,1,3,4,2,35.6,True,6,5,31.1,Insufficient
SIH26017-PRJ-000589,11,2,2,2,33.7,False,9,1,5.9,Insufficient
SIH26017-PRJ-000590,3,7,6,1,46.4,True,20,1,63.5,Delayed
SIH26017-PRJ-000591,4,8,2,1,31.3,False,11,5,17.6,Insufficient
SIH26017-PRJ-000592,9,4,0,2,30.4,False,0,2,48.6,Delayed
SIH26017-PRJ-000593,3,9,0,2,15.6,True,6,2,83.6,Adequate
SIH26017-PRJ-000594,12,10,3,1,35.9,False,14,4,93.5,Delayed
SIH26017-PRJ-000595,4,7,1,3,19.5,False,9,2,88.7,Delayed
SIH26017-PRJ-000596,4,7,2,3,43.9,True,18,1,75.9,Insufficient
SIH26017-PRJ-000597,4,7,2,3,31.8,True,15,1,79.9,Delayed
SIH26017-PRJ-000598,3,10,2,2,35.1,True,0,2,85.1,Adequate
SIH26017-PRJ-000599,5,10,4,3,33.6,False,5,10,82.0,Delayed
SIH26017-PRJ-000600,4,1,2,2,26.8,True,6,2,63.6,Adequate
