project_id,total_compensation_assessed_inr,compensation_disbursed_inr,percent_disbursed,number_of_beneficiaries,number_paid,disbursement_start_date,last_disbursement_date,solatium_percent,market_value_multiplier,compensation_dispute_flag,mode_of_payment,pending_compensation_inr
SIH26017-PRJ-000001,5582461445.33,1434692591.45,25.7,2313,573,2025-12-14,2025-02-28,100.0,1.47,False,Direct Bank Transfer,4147768853.88
SIH26017-PRJ-000002,1289286508.74,620146810.7,48.1,69,33,2017-05-11,2024-03-22,100.0,1.77,False,Direct Bank Transfer,669139698.04
SIH26017-PRJ-000003,841648727.37,538655185.52,64.0,117,77,2024-01-27,2026-02-21,100.0,2.0,False,Mixed,302993541.85
SIH26017-PRJ-000004,1559604869.86,845305839.46,54.2,551,307,2025-02-23,2025-10-12,100.0,1.0,False,Direct Bank Transfer,714299030.4
SIH26017-PRJ-000005,5985848383.04,0.0,0.0,2086,0,,,100.0,1.34,False,Direct Bank Transfer,5985848383.04
SIH26017-PRJ-000006,1820502026.97,0.0,0.0,318,0,,,100.0,1.0,False,Direct Bank Transfer,1820502026.97
SIH26017-PRJ-000007,1675398993.57,105550136.59,6.3,1752,108,,2025-08-15,100.0,1.0,False,Direct Bank Transfer,1569848856.98
SIH26017-PRJ-000008,7937977.72,0.0,0.0,14,0,,,100.0,1.89,True,Direct Bank Transfer,7937977.72
SIH26017-PRJ-000009,13368149058.23,1203133415.24,9.0,4500,408,2026-07-17,2025-08-09,100.0,1.14,False,Land-for-Land,12165015642.99
SIH26017-PRJ-000010,10784698475.41,7063977501.39,65.5,1566,1048,2019-06-19,2026-08-15,100.0,1.44,False,Direct Bank Transfer,3720720974.02
SIH26017-PRJ-000011,362333587.14,150368438.66,41.5,35,15,2022-07-04,2024-10-28,100.0,2.0,True,Direct Bank Transfer,211965148.48
SIH26017-PRJ-000012,202287348.2,156570407.51,77.4,16,12,2017-12-10,2026-08-15,100.0,1.12,False,Direct Bank Transfer,45716940.69
SIH26017-PRJ-000013,8129747330.41,569082313.13,7.0,863,58,,2024-11-01,100.0,1.05,False,Direct Bank Transfer,7560665017.28
SIH26017-PRJ-000014,2475103208.61,1512288060.46,61.1,259,153,2023-05-16,2026-08-15,100.0,1.56,False,Mixed,962815148.15
SIH26017-PRJ-000015,44574519767.13,20548853612.65,46.1,3435,1562,2025-04-23,2025-03-24,100.0,1.8,False,Direct Bank Transfer,24025666154.48
SIH26017-PRJ-000016,574886919.18,0.0,0.0,118,0,,,100.0,1.53,False,Direct Bank Transfer,574886919.18
SIH26017-PRJ-000017,11545842.42,2724818.81,23.6,4,1,2025-08-18,2025-05-01,100.0,1.72,True,Direct Bank Transfer,8821023.61
SIH26017-PRJ-000018,2794172668.58,2310780796.92,82.7,218,189,2022-12-17,2026-08-15,100.0,1.71,False,Direct Bank Transfer,483391871.66
SIH26017-PRJ-000019,379063319.0,267997766.53,70.7,39,28,2019-01-18,2026-08-15,100.0,1.49,False,Direct Bank Transfer,111065552.47
SIH26017-PRJ-000020,933851472.13,730271851.21,78.2,55,44,2019-11-08,2026-08-15,100.0,1.4,False,Direct Bank Transfer,203579620.92
SIH26017-PRJ-000021,1024275314.28,599201058.85,58.5,101,61,2021-04-19,2025-09-03,100.0,1.55,True,Mixed,425074255.43
SIH26017-PRJ-000022,14556211013.23,7627454570.93,52.4,1468,784,2017-06-13,2026-08-15,100.0,1.77,False,Direct Bank Transfer,6928756442.3
SIH26017-PRJ-000023,27014180.68,2620375.53,9.7,21,2,2026-07-22,2025-07-22,100.0,1.53,False,Direct Bank Transfer,24393805.15
SIH26017-PRJ-000024,266849538.32,0.0,0.0,24,0,,,100.0,1.11,False,Cheque,266849538.32
SIH26017-PRJ-000025,3625484915.07,841112500.3,23.2,294,68,2026-06-14,2024-12-30,100.0,1.07,False,Direct Bank Transfer,2784372414.77
SIH26017-PRJ-000026,487570720.12,0.0,0.0,39,0,,,100.0,1.84,False,Mixed,487570720.12
SIH26017-PRJ-000027,727118055.18,427545416.45,58.8,131,77,2020-02-10,2026-08-15,100.0,1.61,False,Direct Bank Transfer,299572638.73
SIH26017-PRJ-000028,44601040364.56,0.0,0.0,2840,0,,,100.0,1.21,False,Direct Bank Transfer,44601040364.56
SIH26017-PRJ-000029,23863789915.8,10333021033.54,43.3,1651,715,2025-03-18,2025-08-16,100.0,1.14,False,Cheque,13530768882.26
SIH26017-PRJ-000030,21588363581.01,15111854506.71,70.0,1720,1255,2024-09-19,2026-08-15,100.0,1.47,False,Direct Bank Transfer,6476509074.3
SIH26017-PRJ-000031,15291027074.62,3333443902.27,21.8,1252,271,2023-02-04,2024-01-16,100.0,1.29,False,Mixed,11957583172.35
SIH26017-PRJ-000032,287457652.45,256699683.64,89.3,64,56,2016-10-03,2025-05-14,100.0,2.0,False,Direct Bank Transfer,30757968.81
SIH26017-PRJ-000033,516938703.25,368060356.71,71.2,43,29,2023-07-06,2026-08-15,100.0,1.33,False,Direct Bank Transfer,148878346.54
SIH26017-PRJ-000034,3006053579.01,1518057057.4,50.5,1629,864,2024-02-17,2025-07-09,100.0,1.38,False,Land-for-Land,1487996521.61
SIH26017-PRJ-000035,190971495.32,168818801.86,88.4,15,14,2019-01-20,2026-08-15,100.0,2.0,False,Cheque,22152693.46
SIH26017-PRJ-000036,5088124080.75,3454836250.83,67.9,575,389,2019-06-06,2026-08-15,100.0,1.45,False,Direct Bank Transfer,1633287829.92
SIH26017-PRJ-000037,3033024617.24,679397514.26,22.4,297,65,2026-05-21,2025-05-03,100.0,1.21,False,Direct Bank Transfer,2353627102.98
SIH26017-PRJ-000038,23866175773.62,6372268931.56,26.7,1645,437,2025-06-20,2025-01-16,100.0,1.68,False,Direct Bank Transfer,17493906842.06
SIH26017-PRJ-000039,10170783038.75,772979510.95,7.6,615,49,,2025-10-11,100.0,1.26,False,Direct Bank Transfer,9397803527.8
SIH26017-PRJ-000040,1763998817.48,0.0,0.0,516,0,,,100.0,1.84,False,Mixed,1763998817.48
SIH26017-PRJ-000041,1610479050.71,1370517672.15,85.1,105,90,2022-04-25,2026-08-15,100.0,1.44,False,Direct Bank Transfer,239961378.56
SIH26017-PRJ-000042,431723556.18,226654866.99,52.5,70,36,2019-11-10,2026-08-15,100.0,1.45,False,Direct Bank Transfer,205068689.19
SIH26017-PRJ-000043,6405144386.08,2030430770.39,31.7,448,140,2021-04-20,2024-03-22,100.0,1.34,False,Direct Bank Transfer,4374713615.69
SIH26017-PRJ-000044,250702011.73,207831967.72,82.9,57,47,2019-08-13,2026-08-15,100.0,1.1,False,Direct Bank Transfer,42870044.01
SIH26017-PRJ-000045,9359409876.59,7216105014.85,77.1,558,433,2018-11-26,2026-08-15,100.0,1.34,False,Mixed,2143304861.74
SIH26017-PRJ-000046,985482314.98,474016993.51,48.1,287,143,2025-02-18,2025-11-27,100.0,1.63,False,Direct Bank Transfer,511465321.47
SIH26017-PRJ-000047,626622715.87,407304765.32,65.0,70,48,2021-03-06,2026-08-15,100.0,1.46,False,Cheque,219317950.55
SIH26017-PRJ-000048,16279500350.46,5079204109.34,31.2,1864,578,2026-04-19,2025-02-27,100.0,1.2,False,Direct Bank Transfer,11200296241.12
SIH26017-PRJ-000049,438453169.91,295517436.52,67.4,123,83,2016-01-14,2026-08-15,100.0,1.14,False,Direct Bank Transfer,142935733.39
SIH26017-PRJ-000050,1653131013.75,1124129089.35,68.0,256,172,2019-05-24,2026-08-15,100.0,1.49,False,Mixed,529001924.4
SIH26017-PRJ-000051,592923132.72,464851736.05,78.4,74,59,2024-04-08,2026-03-01,100.0,1.41,False,Direct Bank Transfer,128071396.67
SIH26017-PRJ-000052,103723763.45,61819363.02,59.6,36,21,2024-03-07,2025-10-25,100.0,1.2,False,Direct Bank Transfer,41904400.43
SIH26017-PRJ-000053,1083164138.24,682393407.09,63.0,320,201,2019-10-06,2026-08-15,100.0,1.04,True,Direct Bank Transfer,400770731.15
SIH26017-PRJ-000054,15054979335.02,11878378695.33,78.9,3090,2409,2019-06-09,2026-08-15,100.0,2.0,False,Mixed,3176600639.69
SIH26017-PRJ-000055,14758007447.85,0.0,0.0,799,0,,,100.0,1.58,True,Direct Bank Transfer,14758007447.85
SIH26017-PRJ-000056,949742254.63,722753855.77,76.1,52,40,2021-05-01,2026-08-15,100.0,1.62,False,Mixed,226988398.86
SIH26017-PRJ-000057,1827764870.72,0.0,0.0,80,0,,,100.0,2.0,False,Cheque,1827764870.72
SIH26017-PRJ-000058,796130089.86,644865372.79,81.0,99,81,2024-06-24,2026-04-03,100.0,1.3,False,Direct Bank Transfer,151264717.07
SIH26017-PRJ-000059,1487480363.08,107098586.14,7.2,90,6,,2023-02-12,100.0,1.36,False,Direct Bank Transfer,1380381776.94
SIH26017-PRJ-000060,809339830.6,244420628.84,30.2,73,22,2026-04-08,2025-11-16,100.0,1.23,False,Direct Bank Transfer,564919201.76
SIH26017-PRJ-000061,2415530505.02,248799642.02,10.3,2059,216,2026-08-06,2024-11-07,100.0,1.35,False,Direct Bank Transfer,2166730863.0
SIH26017-PRJ-000062,1903842414.05,1288901314.31,67.7,159,104,2024-03-31,2026-08-15,100.0,1.28,False,Mixed,614941099.74
SIH26017-PRJ-000063,32068020.94,21357301.95,66.6,8,5,2023-01-11,2025-12-28,100.0,1.33,False,Direct Bank Transfer,10710718.99
SIH26017-PRJ-000064,11430830434.55,6058340130.31,53.0,1604,851,2023-01-06,2024-12-17,100.0,1.3,False,Direct Bank Transfer,5372490304.24
SIH26017-PRJ-000065,340119244.07,316310896.99,93.0,196,189,2024-05-03,2026-01-08,100.0,1.26,False,Direct Bank Transfer,23808347.08
SIH26017-PRJ-000066,2497828082.02,2497828082.02,100.0,161,161,2024-05-11,2026-08-15,100.0,1.38,False,Land-for-Land,0.0
SIH26017-PRJ-000067,620004111.98,447022964.74,72.1,112,76,2018-01-21,2026-08-15,100.0,1.42,False,Mixed,172981147.24
SIH26017-PRJ-000068,4539197924.97,3222830526.73,71.0,2248,1586,2021-07-25,2026-08-15,100.0,1.41,False,Direct Bank Transfer,1316367398.24
SIH26017-PRJ-000069,2415932559.45,1751551105.6,72.5,195,142,2019-06-11,2026-08-15,100.0,1.49,False,Cheque,664381453.85
SIH26017-PRJ-000070,800615113.57,379491563.83,47.4,239,108,2025-09-22,2025-11-28,100.0,1.89,False,Direct Bank Transfer,421123549.74
SIH26017-PRJ-000071,3684758986.5,2682504542.17,72.8,668,487,2020-03-12,2026-08-15,100.0,1.28,False,Direct Bank Transfer,1002254444.33
SIH26017-PRJ-000072,138796798.23,0.0,0.0,51,0,,,100.0,1.32,False,Direct Bank Transfer,138796798.23
SIH26017-PRJ-000073,12712983079.4,3674052109.95,28.9,948,264,2025-08-10,2025-06-15,100.0,1.1,False,Direct Bank Transfer,9038930969.45
SIH26017-PRJ-000074,213954163.54,149340006.15,69.8,33,23,2018-11-15,2026-08-15,100.0,1.3,False,Direct Bank Transfer,64614157.39
SIH26017-PRJ-000075,642815013.21,566320026.64,88.1,66,57,2020-12-20,2026-08-15,100.0,1.22,False,Land-for-Land,76494986.57
SIH26017-PRJ-000076,5251948484.27,3665860042.02,69.8,396,284,2021-06-02,2026-08-15,100.0,1.46,False,Mixed,1586088442.25
SIH26017-PRJ-000077,693331797.74,408372428.87,58.9,41,23,2017-03-08,2026-08-15,100.0,1.0,False,Direct Bank Transfer,284959368.87
SIH26017-PRJ-000078,11376373464.77,2900975233.52,25.5,864,223,2025-09-25,2025-04-20,100.0,1.33,False,Cheque,8475398231.25
SIH26017-PRJ-000079,7185736378.2,6244404912.66,86.9,1424,1162,2020-12-17,2026-08-15,100.0,1.69,True,Direct Bank Transfer,941331465.54
SIH26017-PRJ-000080,1059766017.59,748194808.42,70.6,47,33,2022-01-01,2025-10-16,100.0,1.96,False,Direct Bank Transfer,311571209.17
SIH26017-PRJ-000081,4341288873.1,2695940390.2,62.1,364,234,2021-12-12,2026-08-15,100.0,1.49,False,Direct Bank Transfer,1645348482.9
SIH26017-PRJ-000082,20345090497.08,0.0,0.0,1599,0,,,100.0,1.46,False,Direct Bank Transfer,20345090497.08
SIH26017-PRJ-000083,3907070172.93,3106120787.48,79.5,287,223,2021-06-10,2026-08-15,100.0,1.77,False,Direct Bank Transfer,800949385.45
SIH26017-PRJ-000084,2807759352.77,1945777231.47,69.3,501,341,2021-12-21,2026-08-15,100.0,1.83,False,Cheque,861982121.3
SIH26017-PRJ-000085,39079922039.82,29857060438.42,76.4,2893,2321,2025-03-27,2026-08-15,100.0,1.53,False,Direct Bank Transfer,9222861601.4
SIH26017-PRJ-000086,191724004.72,138233007.4,72.1,140,98,2024-04-05,2026-08-15,100.0,2.0,False,Direct Bank Transfer,53490997.32
SIH26017-PRJ-000087,132099918.29,53368366.99,40.4,232,92,2023-06-23,2024-11-02,100.0,1.49,True,Mixed,78731551.3
SIH26017-PRJ-000088,2165743790.2,1972992592.87,91.1,166,154,2021-02-20,2026-08-15,100.0,1.7,False,Mixed,192751197.33
SIH26017-PRJ-000089,21598102068.86,11231013075.81,52.0,2853,1502,2019-11-15,2026-08-15,100.0,1.51,True,Direct Bank Transfer,10367088993.05
SIH26017-PRJ-000090,413521319.67,331644098.38,80.2,36,29,2023-11-30,2026-08-15,100.0,2.0,False,Direct Bank Transfer,81877221.29
SIH26017-PRJ-000091,5976691824.55,0.0,0.0,376,0,,,100.0,1.77,False,Land-for-Land,5976691824.55
SIH26017-PRJ-000092,889903526.22,889903526.22,100.0,110,110,2023-05-29,2026-08-15,100.0,1.73,False,Direct Bank Transfer,0.0
SIH26017-PRJ-000093,25127404916.81,1482516890.09,5.9,1479,83,,2024-08-12,100.0,1.58,False,Direct Bank Transfer,23644888026.72
SIH26017-PRJ-000094,1710465625.44,359197781.34,21.0,121,25,2026-06-12,2024-11-21,100.0,1.14,False,Cheque,1351267844.1
SIH26017-PRJ-000095,18235619080.72,0.0,0.0,1089,0,,,100.0,1.05,False,Direct Bank Transfer,18235619080.72
SIH26017-PRJ-000096,355908428.91,245220907.52,68.9,104,69,2018-12-16,2026-08-15,100.0,1.23,False,Direct Bank Transfer,110687521.39
SIH26017-PRJ-000097,973845620.95,0.0,0.0,1001,0,,,100.0,1.6,False,Direct Bank Transfer,973845620.95
SIH26017-PRJ-000098,3348905774.23,2099763920.44,62.7,230,149,2024-01-29,2026-08-15,100.0,1.21,False,Direct Bank Transfer,1249141853.79
SIH26017-PRJ-000099,4076387850.18,2759714574.57,67.7,230,150,2021-01-14,2026-08-15,100.0,1.24,False,Direct Bank Transfer,1316673275.61
SIH26017-PRJ-000100,7935533445.0,0.0,0.0,427,0,,,100.0,1.45,False,Direct Bank Transfer,7935533445.0
SIH26017-PRJ-000101,3020970007.57,1700806114.26,56.3,210,124,2019-04-25,2026-08-15,100.0,1.2,False,Direct Bank Transfer,1320163893.31
SIH26017-PRJ-000102,13500769322.56,8100461593.54,60.0,1202,708,2024-09-19,2025-08-23,100.0,1.49,False,Direct Bank Transfer,5400307729.02
SIH26017-PRJ-000103,112830162.05,0.0,0.0,17,0,,,100.0,1.5,False,Direct Bank Transfer,112830162.05
SIH26017-PRJ-000104,232371835.75,14407053.82,6.2,62,4,,2025-05-31,100.0,1.66,False,Direct Bank Transfer,217964781.93
SIH26017-PRJ-000105,65191493.83,34747066.21,53.3,26,14,2025-04-10,2025-09-22,100.0,1.05,True,Direct Bank Transfer,30444427.62
SIH26017-PRJ-000106,1454573400.9,1153476706.91,79.3,101,77,2019-07-12,2026-08-15,100.0,2.0,False,Land-for-Land,301096693.99
SIH26017-PRJ-000107,284924343.75,71800934.62,25.2,51,13,2022-02-10,2024-07-26,100.0,1.28,False,Direct Bank Transfer,213123409.13
SIH26017-PRJ-000108,20720504023.5,0.0,0.0,1367,0,,,100.0,1.84,False,Direct Bank Transfer,20720504023.5
SIH26017-PRJ-000109,4041848287.72,2809084559.97,69.5,559,371,2023-06-20,2026-08-15,100.0,1.23,False,Cheque,1232763727.75
SIH26017-PRJ-000110,26378668918.48,13743286506.53,52.1,1892,1001,2023-05-02,2025-06-18,100.0,1.3,False,Direct Bank Transfer,12635382411.95
SIH26017-PRJ-000111,50406511.76,41837404.76,83.0,41,32,2023-08-23,2026-08-15,100.0,1.18,False,Direct Bank Transfer,8569107.0
SIH26017-PRJ-000112,126657971.17,106899327.67,84.4,43,37,2017-01-13,2026-08-15,100.0,1.48,False,Mixed,19758643.5
SIH26017-PRJ-000113,6033952296.56,0.0,0.0,517,0,,,100.0,1.11,False,Direct Bank Transfer,6033952296.56
SIH26017-PRJ-000114,2442279156.55,1646096151.51,67.4,2123,1475,2020-08-29,2026-08-15,100.0,1.2,False,Direct Bank Transfer,796183005.04
SIH26017-PRJ-000115,38587137.98,30290903.31,78.5,12,9,2018-11-16,2026-08-15,100.0,1.06,False,Mixed,8296234.67
SIH26017-PRJ-000116,267991580.46,166690763.05,62.2,39,25,2019-07-17,2026-08-15,100.0,1.31,False,Direct Bank Transfer,101300817.41
SIH26017-PRJ-000117,8593842906.08,5078961157.49,59.1,1024,593,2021-01-21,2025-11-04,100.0,1.5,False,Direct Bank Transfer,3514881748.59
SIH26017-PRJ-000118,2167426049.09,1352473854.63,62.4,364,229,2020-03-18,2026-08-15,100.0,1.12,False,Land-for-Land,814952194.46
SIH26017-PRJ-000119,125146930.55,101869601.47,81.4,147,121,2025-01-28,2026-08-15,100.0,2.0,False,Direct Bank Transfer,23277329.08
SIH26017-PRJ-000120,3791161919.03,1702231701.64,44.9,950,443,2023-04-19,2025-03-29,100.0,1.44,True,Direct Bank Transfer,2088930217.39
SIH26017-PRJ-000121,572066559.7,42904991.98,7.5,572,42,,2021-10-06,100.0,1.16,False,Direct Bank Transfer,529161567.72
SIH26017-PRJ-000122,11661806765.65,0.0,0.0,1426,0,,,100.0,2.0,True,Direct Bank Transfer,11661806765.65
SIH26017-PRJ-000123,16674170065.9,3668317414.5,22.0,1237,279,2024-12-24,2025-01-23,100.0,1.42,False,Direct Bank Transfer,13005852651.4
SIH26017-PRJ-000124,23817973901.32,10527544464.38,44.2,1527,680,2018-10-17,2024-05-17,100.0,1.48,False,Direct Bank Transfer,13290429436.94
SIH26017-PRJ-000125,11919578447.55,9321110345.98,78.2,721,542,2019-02-04,2025-07-21,100.0,1.36,False,Land-for-Land,2598468101.57
SIH26017-PRJ-000126,5766985103.44,4550151246.61,78.9,543,449,2020-12-01,2026-08-15,100.0,1.09,False,Direct Bank Transfer,1216833856.83
SIH26017-PRJ-000127,3871986397.57,0.0,0.0,416,0,,,100.0,1.8,False,Mixed,3871986397.57
SIH26017-PRJ-000128,89130279.76,6328249.86,7.1,14,1,,2022-04-20,100.0,1.87,False,Direct Bank Transfer,82802029.9
SIH26017-PRJ-000129,276196518.42,0.0,0.0,82,0,,,100.0,1.18,False,Land-for-Land,276196518.42
SIH26017-PRJ-000130,1695549755.39,1392046349.18,82.1,215,174,2020-08-24,2026-08-15,100.0,1.48,False,Direct Bank Transfer,303503406.21
SIH26017-PRJ-000131,10878355107.94,6233297476.85,57.3,648,376,2025-01-30,2025-12-28,100.0,1.55,False,Direct Bank Transfer,4645057631.09
SIH26017-PRJ-000132,150164007.4,87095124.29,58.0,46,25,2017-09-19,2026-08-15,100.0,1.72,False,Land-for-Land,63068883.11
SIH26017-PRJ-000133,31290345671.44,24500340660.74,78.3,2465,1947,2021-05-31,2026-08-15,100.0,1.6,True,Direct Bank Transfer,6790005010.7
SIH26017-PRJ-000134,19092195327.84,14338238691.21,75.1,2104,1535,2020-12-08,2026-08-15,100.0,1.4,True,Direct Bank Transfer,4753956636.63
SIH26017-PRJ-000135,694039992.03,62463599.28,9.0,302,26,2026-08-05,2025-09-07,100.0,1.22,False,Direct Bank Transfer,631576392.75
SIH26017-PRJ-000136,235197974.01,205327831.31,87.3,269,229,2021-01-31,2026-08-15,100.0,1.7,False,Mixed,29870142.7
SIH26017-PRJ-000137,469102941.64,315237176.78,67.2,103,67,2024-08-15,2026-08-15,100.0,1.61,False,Direct Bank Transfer,153865764.86
SIH26017-PRJ-000138,735305348.14,612509355.0,83.3,68,59,2020-03-06,2026-08-15,100.0,1.53,False,Direct Bank Transfer,122795993.14
SIH26017-PRJ-000139,83873030.85,0.0,0.0,6,0,,,100.0,1.81,False,Direct Bank Transfer,83873030.85
SIH26017-PRJ-000140,684490128.13,454501445.08,66.4,66,44,2023-11-04,2026-02-17,100.0,1.61,False,Direct Bank Transfer,229988683.05
SIH26017-PRJ-000141,4161917281.0,2905018262.14,69.8,1098,775,2019-12-23,2026-08-15,100.0,1.81,True,Land-for-Land,1256899018.86
SIH26017-PRJ-000142,17829745159.69,13621925302.0,76.4,1858,1385,2023-06-06,2026-08-15,100.0,1.68,False,Direct Bank Transfer,4207819857.69
SIH26017-PRJ-000143,2129892267.03,1838097026.45,86.3,214,182,2018-03-21,2026-08-15,100.0,1.25,False,Land-for-Land,291795240.58
SIH26017-PRJ-000144,2574267435.46,2188127320.14,85.0,241,202,2024-03-14,2026-08-15,100.0,1.32,True,Direct Bank Transfer,386140115.32
SIH26017-PRJ-000145,5108333319.13,1624449995.48,31.8,1362,449,2022-04-14,2024-03-15,100.0,1.53,False,Direct Bank Transfer,3483883323.65
SIH26017-PRJ-000146,4815061313.98,351499475.92,7.3,471,35,,2025-06-02,100.0,1.0,False,Land-for-Land,4463561838.06
SIH26017-PRJ-000147,5200577155.46,4399688273.52,84.6,1053,866,2021-10-03,2026-08-15,100.0,1.39,False,Direct Bank Transfer,800888881.94
SIH26017-PRJ-000148,634134473.03,556135932.85,87.7,63,57,2024-08-20,2026-08-15,100.0,1.92,False,Direct Bank Transfer,77998540.18
SIH26017-PRJ-000149,12880342003.58,0.0,0.0,1136,0,,,100.0,1.97,True,Mixed,12880342003.58
SIH26017-PRJ-000150,35270583538.06,20139503200.23,57.1,3128,1705,2024-03-01,2025-04-09,100.0,1.52,False,Cheque,15131080337.83
SIH26017-PRJ-000151,73408583.02,50138062.2,68.3,63,42,2020-06-11,2025-09-04,100.0,1.38,False,Mixed,23270520.82
SIH26017-PRJ-000152,1428769131.72,0.0,0.0,294,0,,,100.0,1.11,False,Cheque,1428769131.72
SIH26017-PRJ-000153,3078223930.86,1425217679.99,46.3,1390,650,2021-12-08,2024-09-01,100.0,1.75,False,Mixed,1653006250.87
SIH26017-PRJ-000154,30137316.89,0.0,0.0,9,0,,,100.0,1.3,False,Direct Bank Transfer,30137316.89
SIH26017-PRJ-000155,11338539749.59,7041233184.5,62.1,2157,1361,2018-07-01,2026-08-15,100.0,1.32,False,Direct Bank Transfer,4297306565.09
SIH26017-PRJ-000156,621722365.71,507325450.42,81.6,96,77,2025-01-20,2026-08-15,100.0,1.64,True,Direct Bank Transfer,114396915.29
SIH26017-PRJ-000157,880783055.0,524946700.78,59.6,128,75,2020-01-27,2026-08-15,100.0,1.04,False,Mixed,355836354.22
SIH26017-PRJ-000158,19380777095.85,0.0,0.0,1254,0,,,100.0,1.9,False,Direct Bank Transfer,19380777095.85
SIH26017-PRJ-000159,46052012.85,2947328.82,6.4,7,0,,2025-06-01,100.0,1.36,True,Mixed,43104684.03
SIH26017-PRJ-000160,19211395864.84,11315512164.39,58.9,1611,996,2019-06-18,2026-08-15,100.0,2.0,False,Mixed,7895883700.45
SIH26017-PRJ-000161,502819080.09,350967717.9,69.8,43,32,2016-06-26,2026-08-15,100.0,2.0,False,Direct Bank Transfer,151851362.19
SIH26017-PRJ-000162,19766117419.91,0.0,0.0,1282,0,,,100.0,1.29,False,Mixed,19766117419.91
SIH26017-PRJ-000163,11527955717.47,10594191304.35,91.9,641,581,2023-03-06,2026-08-15,100.0,1.04,False,Cheque,933764413.12
SIH26017-PRJ-000164,7484173858.57,0.0,0.0,610,0,,,100.0,1.67,False,Mixed,7484173858.57
SIH26017-PRJ-000165,51932706813.6,24823833856.9,47.8,3470,1594,2023-05-30,2026-08-15,100.0,1.71,False,Direct Bank Transfer,27108872956.7
SIH26017-PRJ-000166,338196333.28,29761277.33,8.8,25,2,,2023-09-29,100.0,1.01,False,Direct Bank Transfer,308435055.95
SIH26017-PRJ-000167,617149262.66,0.0,0.0,123,0,,,100.0,1.65,False,Direct Bank Transfer,617149262.66
SIH26017-PRJ-000168,3170182695.81,1841876146.27,58.1,2214,1297,2021-04-24,2025-01-30,100.0,1.32,False,Mixed,1328306549.54
SIH26017-PRJ-000169,2293830653.34,146805161.81,6.4,459,29,,2022-10-30,100.0,1.29,False,Direct Bank Transfer,2147025491.53
SIH26017-PRJ-000170,39261403407.85,2434207011.29,6.2,2381,138,,2025-03-17,100.0,1.78,False,Direct Bank Transfer,36827196396.56
SIH26017-PRJ-000171,1190596566.9,319079879.93,26.8,315,83,2025-01-01,2025-04-17,100.0,1.56,False,Mixed,871516686.97
SIH26017-PRJ-000172,4989117816.6,0.0,0.0,430,0,,,100.0,1.37,False,Direct Bank Transfer,4989117816.6
SIH26017-PRJ-000173,34261666301.81,8942294904.77,26.1,3307,850,2026-02-11,2025-09-20,100.0,1.11,False,Direct Bank Transfer,25319371397.04
SIH26017-PRJ-000174,336930815.06,217320375.71,64.5,43,28,2021-08-03,2026-08-15,100.0,1.55,True,Direct Bank Transfer,119610439.35
SIH26017-PRJ-000175,81789623.45,50791356.16,62.1,128,79,2020-12-28,2026-08-15,100.0,1.49,False,Cheque,30998267.29
SIH26017-PRJ-000176,333194358.32,260557988.21,78.2,21,16,2017-12-12,2026-08-15,100.0,1.65,False,Direct Bank Transfer,72636370.11
SIH26017-PRJ-000177,295724429.94,135737513.34,45.9,17,8,2025-02-01,2025-10-22,100.0,2.0,False,Direct Bank Transfer,159986916.6
SIH26017-PRJ-000178,1445052874.42,0.0,0.0,115,0,,,100.0,2.0,True,Direct Bank Transfer,1445052874.42
SIH26017-PRJ-000179,2189907424.59,1491326956.15,68.1,107,73,2021-04-09,2026-08-15,100.0,1.45,False,Mixed,698580468.44
SIH26017-PRJ-000180,216111203.16,0.0,0.0,32,0,,,100.0,1.8,False,Direct Bank Transfer,216111203.16
SIH26017-PRJ-000181,2548549871.5,0.0,0.0,142,0,,,100.0,1.27,True,Cheque,2548549871.5
SIH26017-PRJ-000182,435082453.43,372430580.14,85.6,176,150,2021-03-08,2026-08-15,100.0,1.61,False,Land-for-Land,62651873.29
SIH26017-PRJ-000183,1205013051.15,766388300.53,63.6,155,98,2025-10-11,2026-02-17,100.0,1.62,False,Direct Bank Transfer,438624750.62
SIH26017-PRJ-000184,32186865220.12,7274231539.75,22.6,4500,1038,2025-10-23,2025-04-12,100.0,1.0,True,Cheque,24912633680.37
SIH26017-PRJ-000185,17417659485.85,0.0,0.0,1626,0,,,100.0,1.88,False,Cheque,17417659485.85
SIH26017-PRJ-000186,99962038.48,0.0,0.0,10,0,,,100.0,1.58,True,Land-for-Land,99962038.48
SIH26017-PRJ-000187,296093256.55,225326968.23,76.1,73,54,2023-11-12,2026-08-15,100.0,1.38,False,Direct Bank Transfer,70766288.32
SIH26017-PRJ-000188,29579340366.73,25881922820.89,87.5,3447,3062,2023-11-06,2026-08-15,100.0,1.37,False,Land-for-Land,3697417545.84
SIH26017-PRJ-000189,23666922073.62,19217540723.78,81.2,1846,1550,2020-03-05,2026-08-15,100.0,1.83,False,Direct Bank Transfer,4449381349.84
SIH26017-PRJ-000190,8287822654.55,0.0,0.0,479,0,,,100.0,1.08,False,Direct Bank Transfer,8287822654.55
SIH26017-PRJ-000191,76568116.83,56507270.22,73.8,49,37,2022-09-15,2026-08-15,100.0,1.34,False,Land-for-Land,20060846.61
SIH26017-PRJ-000192,15789292046.71,10863032928.14,68.8,975,665,2018-02-22,2026-08-15,100.0,1.93,False,Mixed,4926259118.57
SIH26017-PRJ-000193,635544347.67,464582918.15,73.1,46,33,2024-11-19,2026-08-15,100.0,1.61,False,Direct Bank Transfer,170961429.52
SIH26017-PRJ-000194,311514880.05,240177972.52,77.1,36,28,2019-06-21,2026-08-15,100.0,1.0,False,Direct Bank Transfer,71336907.53
SIH26017-PRJ-000195,183995346.41,131004686.64,71.2,28,21,2020-01-18,2026-08-15,100.0,1.34,False,Mixed,52990659.77
SIH26017-PRJ-000196,1866535717.13,0.0,0.0,1769,0,,,100.0,1.97,False,Direct Bank Transfer,1866535717.13
SIH26017-PRJ-000197,18320223122.79,12347830384.76,67.4,2140,1468,2019-07-07,2026-08-15,100.0,1.36,False,Land-for-Land,5972392738.03
SIH26017-PRJ-000198,1688389436.56,0.0,0.0,116,0,,,100.0,1.22,True,Cheque,1688389436.56
SIH26017-PRJ-000199,51719625031.47,0.0,0.0,3883,0,,,100.0,1.37,False,Mixed,51719625031.47
SIH26017-PRJ-000200,148847474.79,103002452.55,69.2,122,84,2024-09-02,2025-12-09,100.0,1.26,True,Direct Bank Transfer,45845022.24
SIH26017-PRJ-000201,18487075523.91,8892283327.0,48.1,1277,610,2024-09-03,2025-07-30,100.0,1.0,False,Direct Bank Transfer,9594792196.91
SIH26017-PRJ-000202,177634720.86,111021700.54,62.5,19,12,2024-02-28,2026-08-15,100.0,1.75,False,Direct Bank Transfer,66613020.32
SIH26017-PRJ-000203,17533415135.46,596136114.61,3.4,3556,124,,2025-04-10,100.0,1.3,False,Direct Bank Transfer,16937279020.85
SIH26017-PRJ-000204,7499614981.38,644966888.4,8.6,462,40,,2023-12-23,100.0,1.66,False,Direct Bank Transfer,6854648092.98
SIH26017-PRJ-000205,4483796963.43,0.0,0.0,726,0,,,100.0,2.0,False,Mixed,4483796963.43
SIH26017-PRJ-000206,29584004.9,2366720.39,8.0,6,0,,2023-05-03,100.0,1.69,False,Cheque,27217284.51
SIH26017-PRJ-000207,12076341597.95,0.0,0.0,2131,0,,,100.0,1.25,False,Direct Bank Transfer,12076341597.95
SIH26017-PRJ-000208,26971424165.59,1483428329.11,5.5,2505,144,,2024-11-05,100.0,1.77,False,Direct Bank Transfer,25487995836.48
SIH26017-PRJ-000209,1404732759.3,1067596897.07,76.0,65,48,2024-09-22,2026-08-15,100.0,1.19,False,Direct Bank Transfer,337135862.23
SIH26017-PRJ-000210,81519351180.0,48667052654.46,59.7,4500,2772,2020-06-06,2026-08-15,100.0,1.32,False,Direct Bank Transfer,32852298525.54
SIH26017-PRJ-000211,3817676313.08,3264113247.68,85.5,450,404,2017-02-07,2026-08-15,100.0,1.3,False,Direct Bank Transfer,553563065.4
SIH26017-PRJ-000212,1158527192.22,338289940.13,29.2,153,45,2017-09-29,2023-04-03,100.0,1.46,False,Cheque,820237252.09
SIH26017-PRJ-000213,50553850313.51,32657787302.53,64.6,3405,2132,2022-08-03,2026-08-15,100.0,1.35,False,Direct Bank Transfer,17896063010.98
SIH26017-PRJ-000214,833226199.67,518266696.19,62.2,156,102,2018-01-02,2026-08-15,100.0,1.51,False,Direct Bank Transfer,314959503.48
SIH26017-PRJ-000215,11838300174.17,733974610.8,6.2,1983,121,,2023-03-20,100.0,1.3,True,Mixed,11104325563.37
SIH26017-PRJ-000216,2947632328.82,1205581622.49,40.9,181,73,2024-10-13,2025-06-06,100.0,1.28,False,Cheque,1742050706.33
SIH26017-PRJ-000217,7242283858.3,5402743758.29,74.6,838,622,2021-02-05,2026-08-15,100.0,1.69,False,Direct Bank Transfer,1839540100.01
SIH26017-PRJ-000218,1631915108.28,96282991.39,5.9,957,56,,2023-02-07,100.0,1.39,False,Land-for-Land,1535632116.89
SIH26017-PRJ-000219,1438910837.87,1021626694.89,71.0,1612,1202,2022-10-30,2026-08-15,100.0,1.29,True,Direct Bank Transfer,417284142.98
SIH26017-PRJ-000220,25473920445.58,21321671412.95,83.7,1824,1468,2021-04-24,2026-08-15,100.0,1.77,False,Direct Bank Transfer,4152249032.63
SIH26017-PRJ-000221,230631240.63,210566322.7,91.3,30,28,2024-05-03,2026-08-15,100.0,1.62,False,Cheque,20064917.93
SIH26017-PRJ-000222,23666964358.36,14555183080.39,61.5,1580,948,2019-12-21,2026-08-15,100.0,1.85,False,Land-for-Land,9111781277.97
SIH26017-PRJ-000223,1931358923.51,0.0,0.0,660,0,,,100.0,1.6,False,Direct Bank Transfer,1931358923.51
SIH26017-PRJ-000224,2140210478.97,1478885440.97,69.1,165,114,2019-08-15,2026-08-15,100.0,1.47,False,Direct Bank Transfer,661325038.0
SIH26017-PRJ-000225,15715210632.05,11142084338.12,70.9,1937,1286,2017-08-22,2026-08-15,100.0,1.63,False,Mixed,4573126293.93
SIH26017-PRJ-000226,608505312.73,518446526.45,85.2,355,300,2021-12-19,2026-08-15,100.0,1.69,False,Direct Bank Transfer,90058786.28
SIH26017-PRJ-000227,91668227.68,47392473.71,51.7,16,8,2024-10-08,2025-06-03,100.0,1.49,False,Mixed,44275753.97
SIH26017-PRJ-000228,2312511081.27,1010567342.51,43.7,132,56,2026-01-08,2026-01-17,100.0,1.16,False,Direct Bank Transfer,1301943738.76
SIH26017-PRJ-000229,6308219796.99,3299198953.83,52.3,394,211,2022-11-16,2025-05-20,100.0,1.62,False,Direct Bank Transfer,3009020843.16
SIH26017-PRJ-000230,1497732790.73,760848257.69,50.8,198,99,2018-12-20,2024-08-12,100.0,1.47,False,Direct Bank Transfer,736884533.04
SIH26017-PRJ-000231,5278921606.48,3193747571.92,60.5,301,176,2021-05-13,2026-08-15,100.0,1.38,False,Direct Bank Transfer,2085174034.56
SIH26017-PRJ-000232,82040370.07,36672045.42,44.7,98,43,2024-08-31,2025-06-03,100.0,1.87,False,Direct Bank Transfer,45368324.65
SIH26017-PRJ-000233,800337345.49,601853683.81,75.2,202,159,2023-11-22,2025-10-18,100.0,1.83,False,Cheque,198483661.68
SIH26017-PRJ-000234,46270378.67,23320270.85,50.4,15,8,2020-07-09,2026-08-15,100.0,1.56,False,Direct Bank Transfer,22950107.82
SIH26017-PRJ-000235,95360659.26,69422559.94,72.8,114,82,2019-10-10,2025-08-31,100.0,1.14,False,Land-for-Land,25938099.32
SIH26017-PRJ-000236,10196248743.41,3079267120.51,30.2,514,154,2024-09-02,2025-05-04,100.0,1.12,False,Direct Bank Transfer,7116981622.9
SIH26017-PRJ-000237,142298830.3,108716306.35,76.4,9,7,2016-09-04,2026-08-15,100.0,1.66,True,Direct Bank Transfer,33582523.95
SIH26017-PRJ-000238,8029277372.19,5845313926.95,72.8,1029,766,2022-02-06,2025-09-11,100.0,1.71,False,Mixed,2183963445.24
SIH26017-PRJ-000239,339479509.14,258004426.95,76.0,69,52,2022-10-08,2026-08-15,100.0,1.23,False,Cheque,81475082.19
SIH26017-PRJ-000240,439570452.81,290116498.85,66.0,55,38,2021-02-02,2026-08-15,100.0,1.24,True,Direct Bank Transfer,149453953.96
SIH26017-PRJ-000241,13220928253.67,9902475262.0,74.9,2154,1586,2024-12-31,2025-10-18,100.0,1.68,False,Direct Bank Transfer,3318452991.67
SIH26017-PRJ-000242,619781060.04,42145112.08,6.8,170,11,,2025-05-01,100.0,1.35,False,Direct Bank Transfer,577635947.96
SIH26017-PRJ-000243,52929736524.56,3705081556.72,7.0,4500,321,,2025-01-24,100.0,1.8,False,Mixed,49224654967.84
SIH26017-PRJ-000244,380068269.83,300634001.44,79.1,53,44,2019-12-24,2026-08-15,100.0,1.29,False,Direct Bank Transfer,79434268.39
SIH26017-PRJ-000245,17920050330.69,11773473067.26,65.7,955,655,2022-08-01,2026-08-15,100.0,1.29,False,Mixed,6146577263.43
SIH26017-PRJ-000246,3034540435.3,1623479132.89,53.5,2514,1321,2021-03-26,2025-09-29,100.0,1.29,False,Cheque,1411061302.41
SIH26017-PRJ-000247,1625498814.35,1072829217.47,66.0,173,112,2017-02-10,2026-08-15,100.0,1.16,False,Direct Bank Transfer,552669596.88
SIH26017-PRJ-000248,1379169663.09,924043674.27,67.0,130,88,2018-12-18,2026-08-15,100.0,1.93,False,Land-for-Land,455125988.82
SIH26017-PRJ-000249,1661096118.83,1139511937.52,68.6,119,81,2021-04-28,2026-08-15,100.0,1.2,False,Direct Bank Transfer,521584181.31
SIH26017-PRJ-000250,481243124.16,292595819.49,60.8,46,27,2021-01-11,2026-08-15,100.0,2.0,False,Land-for-Land,188647304.67
SIH26017-PRJ-000251,695166097.81,563084539.23,81.0,91,73,2017-06-05,2026-08-15,100.0,1.32,False,Direct Bank Transfer,132081558.58
SIH26017-PRJ-000252,863512032.68,674402897.52,78.1,44,35,2020-02-28,2026-08-15,100.0,1.38,False,Direct Bank Transfer,189109135.16
SIH26017-PRJ-000253,2307295319.96,0.0,0.0,910,0,,,100.0,1.58,False,Cheque,2307295319.96
SIH26017-PRJ-000254,4432084813.86,3266446507.81,73.7,230,177,2021-03-16,2026-08-15,100.0,1.43,False,Mixed,1165638306.05
SIH26017-PRJ-000255,2779062986.54,1406205871.19,50.6,157,80,2021-08-31,2025-02-09,100.0,1.21,False,Direct Bank Transfer,1372857115.35
SIH26017-PRJ-000256,84481118.01,53392066.58,63.2,67,42,2022-05-28,2026-08-15,100.0,1.31,False,Direct Bank Transfer,31089051.43
SIH26017-PRJ-000257,1520835316.46,1047855533.04,68.9,87,60,2025-09-01,2026-08-15,100.0,1.33,False,Direct Bank Transfer,472979783.42
SIH26017-PRJ-000258,2393166159.74,1634532487.1,68.3,424,293,2017-09-03,2026-08-15,100.0,1.19,False,Direct Bank Transfer,758633672.64
SIH26017-PRJ-000259,19885556.65,15232336.39,76.6,5,4,2018-12-26,2026-08-15,100.0,1.52,False,Mixed,4653220.26
SIH26017-PRJ-000260,39031347827.26,21662398044.13,55.5,2047,1121,2023-02-17,2025-02-21,100.0,1.92,True,Direct Bank Transfer,17368949783.13
SIH26017-PRJ-000261,8443076538.44,4964529004.6,58.8,1992,1208,2019-07-30,2026-08-15,100.0,1.65,False,Land-for-Land,3478547533.84
SIH26017-PRJ-000262,64151162.64,53758674.29,83.8,15,12,2016-11-23,2026-08-15,100.0,1.99,False,Direct Bank Transfer,10392488.35
SIH26017-PRJ-000263,1768551453.89,1729643321.9,97.8,116,115,2022-03-09,2026-08-15,100.0,1.42,True,Direct Bank Transfer,38908131.99
SIH26017-PRJ-000264,1196266515.4,0.0,0.0,410,0,,,100.0,1.33,False,Land-for-Land,1196266515.4
SIH26017-PRJ-000265,786261757.04,582619961.97,74.1,138,99,2020-11-28,2026-08-15,100.0,1.35,True,Direct Bank Transfer,203641795.07
SIH26017-PRJ-000266,45582287731.6,0.0,0.0,4500,0,,,100.0,1.73,False,Land-for-Land,45582287731.6
SIH26017-PRJ-000267,1799417581.85,0.0,0.0,1057,0,,,100.0,1.27,False,Direct Bank Transfer,1799417581.85
SIH26017-PRJ-000268,1746336290.22,0.0,0.0,95,0,,,100.0,1.71,False,Land-for-Land,1746336290.22
SIH26017-PRJ-000269,938327937.2,53484692.42,5.7,76,4,,2024-12-03,100.0,1.47,False,Mixed,884843244.78
SIH26017-PRJ-000270,22188799538.95,0.0,0.0,3885,0,,,100.0,1.24,False,Direct Bank Transfer,22188799538.95
SIH26017-PRJ-000271,121328749.9,86992713.68,71.7,75,53,2019-05-24,2026-08-15,100.0,1.76,False,Land-for-Land,34336036.22
SIH26017-PRJ-000272,694019681.14,417799848.05,60.2,75,47,2019-10-24,2026-08-15,100.0,2.0,False,Land-for-Land,276219833.09
SIH26017-PRJ-000273,543365987.99,342320572.43,63.0,50,31,2024-02-21,2026-08-15,100.0,1.77,False,Direct Bank Transfer,201045415.56
SIH26017-PRJ-000274,9452819568.06,4045806775.13,42.8,1289,563,2022-05-21,2024-07-13,100.0,1.75,True,Direct Bank Transfer,5407012792.93
SIH26017-PRJ-000275,10763383372.62,581222702.12,5.4,988,53,,2022-01-23,100.0,1.42,False,Direct Bank Transfer,10182160670.5
SIH26017-PRJ-000276,4071588544.67,1217404974.86,29.9,362,107,2025-06-24,2024-11-02,100.0,1.44,False,Direct Bank Transfer,2854183569.81
SIH26017-PRJ-000277,45074033423.28,30064380293.33,66.7,2938,2017,2024-02-17,2026-08-15,100.0,1.0,False,Direct Bank Transfer,15009653129.95
SIH26017-PRJ-000278,648000707.01,471096514.0,72.7,133,93,2018-12-20,2026-08-15,100.0,1.0,False,Cheque,176904193.01
SIH26017-PRJ-000279,7459548316.45,3267282162.61,43.8,885,391,2020-02-17,2024-07-29,100.0,1.45,False,Mixed,4192266153.84
SIH26017-PRJ-000280,53584221.73,41099098.07,76.7,9,7,2022-07-19,2026-08-15,100.0,1.93,False,Land-for-Land,12485123.66
SIH26017-PRJ-000281,51915161804.97,0.0,0.0,3371,0,,,100.0,1.8,False,Mixed,51915161804.97
SIH26017-PRJ-000282,24651589856.82,0.0,0.0,1710,0,,,100.0,1.83,False,Direct Bank Transfer,24651589856.82
SIH26017-PRJ-000283,2185399544.08,0.0,0.0,128,0,,,100.0,1.72,False,Direct Bank Transfer,2185399544.08
SIH26017-PRJ-000284,950113627.28,615673630.48,64.8,143,86,2020-03-16,2026-08-15,100.0,1.58,False,Direct Bank Transfer,334439996.8
SIH26017-PRJ-000285,534781615.61,485046925.36,90.7,231,220,2024-04-12,2026-08-15,100.0,1.45,False,Direct Bank Transfer,49734690.25
SIH26017-PRJ-000286,1253957794.14,951753965.75,75.9,92,68,2016-02-14,2026-08-15,100.0,1.77,False,Direct Bank Transfer,302203828.39
SIH26017-PRJ-000287,22043528385.41,16246080420.05,73.7,1704,1284,2020-03-26,2026-08-15,100.0,1.47,False,Direct Bank Transfer,5797447965.36
SIH26017-PRJ-000288,34126778735.54,0.0,0.0,1684,0,,,100.0,1.44,True,Direct Bank Transfer,34126778735.54
SIH26017-PRJ-000289,94881004.35,66606465.05,70.2,120,83,2021-04-06,2026-08-15,100.0,1.99,False,Direct Bank Transfer,28274539.3
SIH26017-PRJ-000290,24307037904.81,6514286158.49,26.8,2181,611,2018-12-24,2024-04-24,100.0,1.57,False,Direct Bank Transfer,17792751746.32
SIH26017-PRJ-000291,912156477.79,699624018.46,76.7,69,52,2019-01-06,2026-08-15,100.0,1.36,False,Direct Bank Transfer,212532459.33
SIH26017-PRJ-000292,608847654.63,0.0,0.0,170,0,,,100.0,1.17,False,Direct Bank Transfer,608847654.63
SIH26017-PRJ-000293,5770128333.94,3992928807.09,69.2,326,217,2023-03-07,2026-08-15,100.0,1.21,False,Direct Bank Transfer,1777199526.85
SIH26017-PRJ-000294,398942579.95,115693348.19,29.0,160,46,2020-03-20,2023-06-10,100.0,1.94,False,Direct Bank Transfer,283249231.76
SIH26017-PRJ-000295,29255787662.91,0.0,0.0,2965,0,,,100.0,1.28,False,Direct Bank Transfer,29255787662.91
SIH26017-PRJ-000296,418248620.84,293610531.83,70.2,27,19,2019-11-12,2026-08-15,100.0,1.0,False,Direct Bank Transfer,124638089.01
SIH26017-PRJ-000297,17162788413.04,0.0,0.0,1476,0,,,100.0,1.51,False,Cheque,17162788413.04
SIH26017-PRJ-000298,7876459611.89,6214526633.78,78.9,2922,2324,2023-09-10,2026-08-15,100.0,1.42,False,Direct Bank Transfer,1661932978.11
SIH26017-PRJ-000299,1781949043.38,1389920253.84,78.0,97,77,2022-05-12,2026-08-15,100.0,1.36,False,Direct Bank Transfer,392028789.54
SIH26017-PRJ-000300,692495879.39,650253630.75,93.9,56,51,2017-05-30,2026-08-15,100.0,1.43,False,Mixed,42242248.64
SIH26017-PRJ-000301,1405613264.48,1033125749.39,73.5,142,104,2019-11-12,2026-08-15,100.0,1.14,False,Direct Bank Transfer,372487515.09
SIH26017-PRJ-000302,2842167994.68,1602982749.0,56.4,401,227,2022-02-09,2024-12-02,100.0,1.29,True,Direct Bank Transfer,1239185245.68
SIH26017-PRJ-000303,100297370.97,60980801.55,60.8,25,15,2023-12-09,2026-08-15,100.0,1.69,False,Land-for-Land,39316569.42
SIH26017-PRJ-000304,2375023994.67,2215897387.03,93.3,148,144,2022-07-27,2026-08-15,100.0,1.67,False,Direct Bank Transfer,159126607.64
SIH26017-PRJ-000305,981940523.85,397685912.16,40.5,337,138,2024-05-30,2025-04-10,100.0,1.62,False,Land-for-Land,584254611.69
SIH26017-PRJ-000306,115721705.61,97090511.01,83.9,9,8,2020-09-27,2026-08-15,100.0,1.85,False,Mixed,18631194.6
SIH26017-PRJ-000307,28789141.43,25967805.57,90.2,15,14,2019-03-18,2026-08-15,100.0,1.6,False,Direct Bank Transfer,2821335.86
SIH26017-PRJ-000308,927486739.06,797638595.59,86.0,411,347,2021-10-22,2026-08-15,100.0,1.28,False,Mixed,129848143.47
SIH26017-PRJ-000309,513205384.54,372587109.18,72.6,45,32,2021-01-20,2026-08-15,100.0,1.23,False,Direct Bank Transfer,140618275.36
SIH26017-PRJ-000310,1745516991.64,0.0,0.0,275,0,,,100.0,1.38,False,Cheque,1745516991.64
SIH26017-PRJ-000311,22100540144.85,0.0,0.0,1112,0,,,100.0,1.14,False,Mixed,22100540144.85
SIH26017-PRJ-000312,19842961505.95,1131048805.84,5.7,1269,70,,2023-06-10,100.0,1.04,False,Direct Bank Transfer,18711912700.11
SIH26017-PRJ-000313,287539883.88,0.0,0.0,47,0,,,100.0,1.39,False,Direct Bank Transfer,287539883.88
SIH26017-PRJ-000314,223554744.95,0.0,0.0,225,0,,,100.0,2.0,False,Land-for-Land,223554744.95
SIH26017-PRJ-000315,190521089.62,137365705.62,72.1,112,82,2020-09-19,2026-08-15,100.0,1.33,False,Direct Bank Transfer,53155384.0
SIH26017-PRJ-000316,28419388888.97,19012571166.72,66.9,2392,1552,2022-03-27,2026-08-15,100.0,1.17,False,Direct Bank Transfer,9406817722.25
SIH26017-PRJ-000317,311285789.24,273620208.74,87.9,69,59,2017-01-28,2026-08-15,100.0,1.41,False,Direct Bank Transfer,37665580.5
SIH26017-PRJ-000318,400511265.84,312799298.62,78.1,163,134,2025-06-21,2026-04-04,100.0,1.26,False,Land-for-Land,87711967.22
SIH26017-PRJ-000319,24307250984.38,11084106448.88,45.6,3363,1514,2023-02-10,2024-12-17,100.0,1.51,False,Direct Bank Transfer,13223144535.5
SIH26017-PRJ-000320,3119998779.85,1397759453.37,44.8,416,196,2023-07-11,2025-01-10,100.0,2.0,True,Direct Bank Transfer,1722239326.48
SIH26017-PRJ-000321,16023669777.39,4118083132.79,25.7,1162,306,2026-04-22,2025-03-12,100.0,1.27,True,Direct Bank Transfer,11905586644.6
SIH26017-PRJ-000322,2291051523.61,1491474541.87,65.1,216,145,2022-07-15,2026-08-15,100.0,1.66,False,Direct Bank Transfer,799576981.74
SIH26017-PRJ-000323,1962753389.87,143280997.46,7.3,173,13,,2023-04-22,100.0,2.0,False,Direct Bank Transfer,1819472392.41
SIH26017-PRJ-000324,10377541403.41,2874578968.74,27.7,515,146,2024-02-16,2025-01-03,100.0,1.46,False,Direct Bank Transfer,7502962434.67
SIH26017-PRJ-000325,35936291332.53,8049729258.49,22.4,1852,406,2026-04-29,2025-12-24,100.0,1.67,False,Direct Bank Transfer,27886562074.04
SIH26017-PRJ-000326,10363388733.34,6591115234.4,63.6,798,514,2019-11-25,2026-08-15,100.0,1.0,False,Direct Bank Transfer,3772273498.94
SIH26017-PRJ-000327,4546977139.59,4342363168.31,95.5,351,331,2025-01-23,2026-08-15,100.0,1.43,True,Direct Bank Transfer,204613971.28
SIH26017-PRJ-000328,68512514.23,49466035.27,72.2,71,52,2021-07-17,2026-08-15,100.0,1.45,False,Direct Bank Transfer,19046478.96
SIH26017-PRJ-000329,54541852920.47,25361961608.02,46.5,2817,1354,2024-02-16,2025-03-29,100.0,1.0,False,Cheque,29179891312.45
SIH26017-PRJ-000330,256378897.73,144854077.22,56.5,30,18,2022-07-17,2026-08-15,100.0,1.71,False,Direct Bank Transfer,111524820.51
SIH26017-PRJ-000331,6869255624.34,4739786380.79,69.0,394,272,2018-08-04,2026-08-15,100.0,1.41,False,Direct Bank Transfer,2129469243.55
SIH26017-PRJ-000332,555034352.4,431261691.81,77.7,101,81,2024-07-18,2026-08-15,100.0,1.32,False,Direct Bank Transfer,123772660.59
SIH26017-PRJ-000333,2862060272.34,0.0,0.0,423,0,,,100.0,1.51,False,Direct Bank Transfer,2862060272.34
SIH26017-PRJ-000334,2396401975.77,0.0,0.0,443,0,,,100.0,1.38,False,Direct Bank Transfer,2396401975.77
SIH26017-PRJ-000335,42710444228.78,13880894374.35,32.5,2338,742,2025-05-10,2025-06-30,100.0,2.0,False,Direct Bank Transfer,28829549854.43
SIH26017-PRJ-000336,2833855548.84,1280902708.08,45.2,233,104,2020-06-02,2025-01-24,100.0,1.51,False,Land-for-Land,1552952840.76
SIH26017-PRJ-000337,139399139.98,71232960.53,51.1,7,4,2025-06-08,2025-10-19,100.0,1.41,False,Land-for-Land,68166179.45
SIH26017-PRJ-000338,3574300767.78,2441247424.39,68.3,189,131,2017-01-17,2026-08-15,100.0,1.1,False,Direct Bank Transfer,1133053343.39
SIH26017-PRJ-000339,18975450253.33,12751502570.24,67.2,1523,1031,2020-01-11,2026-08-15,100.0,1.23,False,Direct Bank Transfer,6223947683.09
SIH26017-PRJ-000340,1997451166.87,1422185230.81,71.2,351,259,2017-12-13,2026-08-15,100.0,1.83,False,Direct Bank Transfer,575265936.06
SIH26017-PRJ-000341,2635523571.37,848638589.98,32.2,312,99,2026-05-16,2025-08-23,100.0,1.0,False,Direct Bank Transfer,1786884981.39
SIH26017-PRJ-000342,743767033.95,0.0,0.0,65,0,,,100.0,1.55,False,Cheque,743767033.95
SIH26017-PRJ-000343,1100276679.0,84721304.28,7.7,85,6,,2025-03-16,100.0,1.0,True,Direct Bank Transfer,1015555374.72
SIH26017-PRJ-000344,1901156768.47,1796593146.2,94.5,181,170,2020-07-03,2026-08-15,100.0,1.99,False,Mixed,104563622.27
SIH26017-PRJ-000345,830825461.78,456954003.98,55.0,279,157,2022-08-23,2026-08-15,100.0,1.82,False,Direct Bank Transfer,373871457.8
SIH26017-PRJ-000346,94747354607.2,47278929948.99,49.9,4500,2259,2024-02-08,2025-04-22,100.0,1.54,False,Direct Bank Transfer,47468424658.21
SIH26017-PRJ-000347,3300903759.73,2026754908.47,61.4,1179,738,2021-04-28,2026-08-15,100.0,1.67,False,Direct Bank Transfer,1274148851.26
SIH26017-PRJ-000348,925869859.89,753658065.95,81.4,77,63,2025-04-05,2026-07-11,100.0,1.48,False,Mixed,172211793.94
SIH26017-PRJ-000349,203743398.14,138138023.94,67.8,105,73,2021-10-05,2026-08-15,100.0,1.34,False,Land-for-Land,65605374.2
SIH26017-PRJ-000350,1455084800.57,955990713.97,65.7,116,75,2020-07-20,2026-08-15,100.0,1.75,False,Mixed,499094086.6
SIH26017-PRJ-000351,5390021287.73,1142684513.0,21.2,2084,431,2025-06-06,2024-12-10,100.0,1.7,False,Mixed,4247336774.73
SIH26017-PRJ-000352,16997869612.82,0.0,0.0,3047,0,,,100.0,1.37,False,Direct Bank Transfer,16997869612.82
SIH26017-PRJ-000353,14492684727.14,695648866.9,4.8,1370,66,,2025-08-16,100.0,1.55,False,Direct Bank Transfer,13797035860.24
SIH26017-PRJ-000354,575048005.58,155838009.51,27.1,56,15,2026-03-18,2025-12-17,100.0,1.11,False,Direct Bank Transfer,419209996.07
SIH26017-PRJ-000355,23636096392.9,0.0,0.0,1554,0,,,100.0,1.26,False,Land-for-Land,23636096392.9
SIH26017-PRJ-000356,1407890263.26,1046062465.6,74.3,96,70,2025-01-03,2026-03-03,100.0,1.82,False,Direct Bank Transfer,361827797.66
SIH26017-PRJ-000357,65629980416.57,0.0,0.0,4370,0,,,100.0,1.19,False,Mixed,65629980416.57
SIH26017-PRJ-000358,6500006711.18,0.0,0.0,1542,0,,,100.0,1.75,False,Direct Bank Transfer,6500006711.18
SIH26017-PRJ-000359,5282201197.45,3338351156.79,63.2,2120,1344,2021-03-30,2026-08-15,100.0,1.36,True,Direct Bank Transfer,1943850040.66
SIH26017-PRJ-000360,3565202320.35,2313816305.91,64.9,427,284,2019-04-03,2026-08-15,100.0,1.42,False,Mixed,1251386014.44
SIH26017-PRJ-000361,197348679.99,130842174.83,66.3,38,26,2016-08-05,2026-08-15,100.0,1.19,False,Direct Bank Transfer,66506505.16
SIH26017-PRJ-000362,3489343481.01,2787985441.33,79.9,331,253,2020-03-05,2026-08-15,100.0,1.0,True,Direct Bank Transfer,701358039.68
SIH26017-PRJ-000363,7980150549.78,7772666635.49,97.4,610,583,2019-09-03,2026-08-15,100.0,1.51,False,Direct Bank Transfer,207483914.29
SIH26017-PRJ-000364,28964583538.53,17900112626.81,61.8,2461,1575,2022-09-16,2025-06-08,100.0,1.45,False,Land-for-Land,11064470911.72
SIH26017-PRJ-000365,7509201646.88,6450404214.67,85.9,733,645,2022-08-27,2026-08-15,100.0,1.51,False,Mixed,1058797432.21
SIH26017-PRJ-000366,1345657835.02,0.0,0.0,82,0,,,100.0,1.48,False,Mixed,1345657835.02
SIH26017-PRJ-000367,74077888890.68,0.0,0.0,4500,0,,,100.0,1.37,True,Land-for-Land,74077888890.68
SIH26017-PRJ-000368,3627524715.65,2804076605.2,77.3,376,299,2017-07-10,2026-08-15,100.0,1.31,False,Direct Bank Transfer,823448110.45
SIH26017-PRJ-000369,4963767507.58,3017970644.61,60.8,717,429,2017-11-13,2026-08-15,100.0,1.19,False,Land-for-Land,1945796862.97
SIH26017-PRJ-000370,1405923325.7,736703822.67,52.4,82,42,2016-10-26,2026-08-15,100.0,1.34,False,Direct Bank Transfer,669219503.03
SIH26017-PRJ-000371,74839921808.47,46251071677.63,61.8,4500,2870,2022-10-07,2026-08-15,100.0,1.17,False,Mixed,28588850130.84
SIH26017-PRJ-000372,2298796000.02,0.0,0.0,245,0,,,100.0,1.5,False,Direct Bank Transfer,2298796000.02
SIH26017-PRJ-000373,558838355.86,352627002.55,63.1,95,62,2018-11-11,2026-08-15,100.0,1.17,False,Direct Bank Transfer,206211353.31
SIH26017-PRJ-000374,11471510082.57,8683933132.51,75.7,692,524,2021-03-23,2026-08-15,100.0,1.47,False,Direct Bank Transfer,2787576950.06
SIH26017-PRJ-000375,614981082.99,402812609.36,65.5,66,42,2019-08-29,2026-08-15,100.0,1.76,False,Direct Bank Transfer,212168473.63
SIH26017-PRJ-000376,1904103737.64,1639433318.11,86.1,255,225,2025-07-06,2026-08-15,100.0,1.0,False,Direct Bank Transfer,264670419.53
SIH26017-PRJ-000377,43902751818.75,2326845846.39,5.3,3499,178,,2025-09-15,100.0,1.85,False,Direct Bank Transfer,41575905972.36
SIH26017-PRJ-000378,56290746391.0,53251046085.89,94.6,3299,3236,2020-10-25,2026-08-15,100.0,1.62,False,Direct Bank Transfer,3039700305.11
SIH26017-PRJ-000379,2162995927.62,1338894479.2,61.9,121,74,2022-01-13,2026-08-15,100.0,1.42,False,Mixed,824101448.42
SIH26017-PRJ-000380,1435224140.53,882662846.43,61.5,1735,1060,2024-10-20,2026-03-14,100.0,1.47,False,Direct Bank Transfer,552561294.1
SIH26017-PRJ-000381,24417574133.22,0.0,0.0,1434,0,,,100.0,1.57,False,Direct Bank Transfer,24417574133.22
SIH26017-PRJ-000382,43349661759.26,0.0,0.0,2346,0,,,100.0,1.35,False,Direct Bank Transfer,43349661759.26
SIH26017-PRJ-000383,684224869.61,0.0,0.0,80,0,,,100.0,1.69,False,Direct Bank Transfer,684224869.61
SIH26017-PRJ-000384,74911136.44,68169134.16,91.0,52,48,2021-12-02,2026-08-15,100.0,1.23,False,Direct Bank Transfer,6742002.28
SIH26017-PRJ-000385,33231911060.19,20337929568.84,61.2,2797,1666,2018-06-23,2026-08-15,100.0,1.25,True,Direct Bank Transfer,12893981491.35
SIH26017-PRJ-000386,1927661088.07,1227920113.1,63.7,144,96,2024-01-17,2025-07-11,100.0,1.0,False,Direct Bank Transfer,699740974.97
SIH26017-PRJ-000387,537372762.13,342306449.48,63.7,68,42,2024-03-30,2026-08-15,100.0,1.62,False,Direct Bank Transfer,195066312.65
SIH26017-PRJ-000388,2122746255.94,1696074258.5,79.9,2808,2195,2020-05-03,2026-08-15,100.0,1.0,False,Direct Bank Transfer,426671997.44
SIH26017-PRJ-000389,77581973947.53,0.0,0.0,4500,0,,,100.0,1.37,False,Direct Bank Transfer,77581973947.53
SIH26017-PRJ-000390,3430082086.74,1409763737.65,41.1,256,107,2024-07-10,2025-09-18,100.0,2.0,False,Mixed,2020318349.09
SIH26017-PRJ-000391,13433186297.74,0.0,0.0,919,0,,,100.0,1.81,False,Land-for-Land,13433186297.74
SIH26017-PRJ-000392,19728868194.49,0.0,0.0,1879,0,,,100.0,1.15,False,Mixed,19728868194.49
SIH26017-PRJ-000393,1112983727.17,701179748.12,63.0,201,133,2019-09-17,2026-08-15,100.0,1.04,False,Mixed,411803979.05
SIH26017-PRJ-000394,7200125710.55,0.0,0.0,437,0,,,100.0,2.0,False,Cheque,7200125710.55
SIH26017-PRJ-000395,883255594.88,550268235.61,62.3,63,38,2019-05-09,2026-08-15,100.0,1.98,False,Land-for-Land,332987359.27
SIH26017-PRJ-000396,1077393239.0,808044929.25,75.0,159,120,2019-01-02,2026-08-15,100.0,1.78,False,Direct Bank Transfer,269348309.75
SIH26017-PRJ-000397,2420632828.6,0.0,0.0,222,0,,,100.0,1.06,False,Mixed,2420632828.6
SIH26017-PRJ-000398,834347113.16,679992897.23,81.5,172,139,2017-12-20,2026-08-15,100.0,1.3,False,Direct Bank Transfer,154354215.93
SIH26017-PRJ-000399,370560350.29,241605348.39,65.2,41,28,2023-06-24,2026-08-15,100.0,1.4,False,Direct Bank Transfer,128955001.9
SIH26017-PRJ-000400,15947692315.63,10732796928.42,67.3,2406,1598,2019-01-10,2025-06-01,100.0,1.55,False,Mixed,5214895387.21
SIH26017-PRJ-000401,391220398.98,138883241.64,35.5,50,18,2026-03-02,2026-01-01,100.0,1.25,False,Direct Bank Transfer,252337157.34
SIH26017-PRJ-000402,192360069.47,115800761.82,60.2,137,82,2021-02-04,2026-08-15,100.0,1.59,True,Direct Bank Transfer,76559307.65
SIH26017-PRJ-000403,12911836595.77,0.0,0.0,1015,0,,,100.0,1.64,False,Direct Bank Transfer,12911836595.77
SIH26017-PRJ-000404,1664156510.02,986844810.44,59.3,138,81,2020-11-30,2026-08-15,100.0,1.74,False,Mixed,677311699.58
SIH26017-PRJ-000405,559862460.4,377347298.31,67.4,110,76,2021-02-27,2026-08-15,100.0,1.52,False,Cheque,182515162.09
SIH26017-PRJ-000406,41256193842.2,34943996184.34,84.7,2863,2510,2020-12-17,2026-08-15,100.0,1.83,False,Mixed,6312197657.86
SIH26017-PRJ-000407,27612167648.42,0.0,0.0,1867,0,,,100.0,1.62,False,Land-for-Land,27612167648.42
SIH26017-PRJ-000408,72096230.54,53134921.91,73.7,26,20,2023-02-26,2026-08-15,100.0,1.55,True,Direct Bank Transfer,18961308.63
SIH26017-PRJ-000409,4698984217.56,3411462541.95,72.6,1778,1303,2023-06-16,2026-08-15,100.0,1.29,False,Direct Bank Transfer,1287521675.61
SIH26017-PRJ-000410,1107685134.72,665718765.97,60.1,125,70,2022-05-07,2026-08-15,100.0,1.38,False,Mixed,441966368.75
SIH26017-PRJ-000411,226520638.82,137498027.76,60.7,228,145,2023-02-04,2026-08-15,100.0,1.66,True,Direct Bank Transfer,89022611.06
SIH26017-PRJ-000412,110540643.74,0.0,0.0,24,0,,,100.0,1.48,False,Mixed,110540643.74
SIH26017-PRJ-000413,2339195479.35,1735683045.68,74.2,193,139,2024-10-28,2026-08-15,100.0,1.95,False,Mixed,603512433.67
SIH26017-PRJ-000414,10378680217.26,0.0,0.0,1612,0,,,100.0,1.19,False,Land-for-Land,10378680217.26
SIH26017-PRJ-000415,40841283489.98,16213989545.52,39.7,4500,1700,2022-12-06,2025-03-06,100.0,1.47,False,Direct Bank Transfer,24627293944.46
SIH26017-PRJ-000416,668524971.32,596992799.39,89.3,66,61,2024-02-07,2026-08-15,100.0,1.58,False,Direct Bank Transfer,71532171.93
SIH26017-PRJ-000417,261163585.11,18281450.96,7.0,11,1,,2022-01-17,100.0,1.19,False,Land-for-Land,242882134.15
SIH26017-PRJ-000418,4764238755.26,0.0,0.0,377,0,,,100.0,1.11,False,Cheque,4764238755.26
SIH26017-PRJ-000419,289556406.04,229328673.58,79.2,48,38,2022-10-10,2026-08-15,100.0,1.12,False,Land-for-Land,60227732.46
SIH26017-PRJ-000420,119032695.86,57849890.19,48.6,44,22,2024-01-05,2025-10-16,100.0,1.11,False,Direct Bank Transfer,61182805.67
SIH26017-PRJ-000421,1088275320.12,982712614.07,90.3,118,103,2016-09-27,2026-08-15,100.0,1.3,False,Land-for-Land,105562706.05
SIH26017-PRJ-000422,12535168198.84,0.0,0.0,1090,0,,,100.0,1.33,False,Cheque,12535168198.84
SIH26017-PRJ-000423,2954993463.71,1994620588.0,67.5,176,118,2020-11-10,2026-08-15,100.0,1.6,False,Direct Bank Transfer,960372875.71
SIH26017-PRJ-000424,3689274418.19,3394132464.73,92.0,297,269,2016-11-04,2026-08-15,100.0,1.09,True,Land-for-Land,295141953.46
SIH26017-PRJ-000425,238189231.31,145533620.33,61.1,93,57,2018-04-11,2026-08-15,100.0,1.26,False,Mixed,92655610.98
SIH26017-PRJ-000426,312489406.11,199680730.5,63.9,53,32,2025-08-09,2025-12-15,100.0,2.0,False,Direct Bank Transfer,112808675.61
SIH26017-PRJ-000427,12487266875.68,0.0,0.0,985,0,,,100.0,1.77,False,Mixed,12487266875.68
SIH26017-PRJ-000428,16162291249.81,11362090748.62,70.3,2073,1454,2018-02-22,2026-08-15,100.0,1.22,False,Mixed,4800200501.19
SIH26017-PRJ-000429,17215180839.88,12618727555.63,73.3,2283,1729,2021-09-21,2026-08-15,100.0,1.69,True,Direct Bank Transfer,4596453284.25
SIH26017-PRJ-000430,720300349.26,438662912.7,60.9,92,57,2021-09-07,2026-08-15,100.0,1.2,False,Direct Bank Transfer,281637436.56
SIH26017-PRJ-000431,21977092889.36,14922446071.88,67.9,2268,1523,2021-10-24,2026-08-15,100.0,1.1,False,Direct Bank Transfer,7054646817.48
SIH26017-PRJ-000432,1650010052.47,311851899.92,18.9,1528,290,2021-11-25,2024-07-05,100.0,1.02,False,Direct Bank Transfer,1338158152.55
SIH26017-PRJ-000433,8206914605.65,5244218433.01,63.9,737,492,2023-10-31,2026-08-15,100.0,1.38,False,Direct Bank Transfer,2962696172.64
SIH26017-PRJ-000434,34964564408.9,0.0,0.0,2730,0,,,100.0,1.39,False,Cheque,34964564408.9
SIH26017-PRJ-000435,5867748456.0,4541637304.94,77.4,394,308,2021-01-28,2026-08-15,100.0,1.75,False,Direct Bank Transfer,1326111151.06
SIH26017-PRJ-000436,720233321.51,556740357.53,77.3,32,25,2019-06-18,2026-08-15,100.0,1.61,False,Direct Bank Transfer,163492963.98
SIH26017-PRJ-000437,861285006.72,698502140.45,81.1,282,234,2018-10-19,2026-08-15,100.0,1.07,False,Mixed,162782866.27
SIH26017-PRJ-000438,28604183705.54,18106448285.61,63.3,1844,1209,2023-12-16,2026-08-15,100.0,1.84,False,Land-for-Land,10497735419.93
SIH26017-PRJ-000439,2933612254.14,827278655.67,28.2,641,179,2024-04-26,2025-02-09,100.0,1.05,False,Land-for-Land,2106333598.47
SIH26017-PRJ-000440,27070499849.65,18543292397.01,68.5,2678,1918,2024-09-13,2026-08-01,100.0,1.09,False,Land-for-Land,8527207452.64
SIH26017-PRJ-000441,9203622171.2,4841105262.05,52.6,923,467,2021-11-18,2026-08-15,100.0,1.12,False,Land-for-Land,4362516909.15
SIH26017-PRJ-000442,1695272634.55,1695272634.55,100.0,137,137,2020-01-26,2026-08-15,100.0,1.33,False,Direct Bank Transfer,0.0
SIH26017-PRJ-000443,2185654854.43,1440346549.07,65.9,202,124,2019-06-22,2026-08-15,100.0,1.35,False,Direct Bank Transfer,745308305.36
SIH26017-PRJ-000444,575909625.66,0.0,0.0,44,0,,,100.0,1.12,False,Direct Bank Transfer,575909625.66
SIH26017-PRJ-000445,4456168377.96,3114861696.19,69.9,308,221,2022-11-21,2026-08-15,100.0,1.01,False,Direct Bank Transfer,1341306681.77
SIH26017-PRJ-000446,168056731.98,149570491.46,89.0,64,59,2022-05-08,2026-08-15,100.0,1.77,False,Cheque,18486240.52
SIH26017-PRJ-000447,9265847394.18,0.0,0.0,2526,0,,,100.0,1.61,False,Direct Bank Transfer,9265847394.18
SIH26017-PRJ-000448,14136433250.76,5965574831.82,42.2,1514,635,2024-02-15,2025-05-07,100.0,1.64,False,Direct Bank Transfer,8170858418.94
SIH26017-PRJ-000449,1655696184.75,1539797451.82,93.0,174,162,2019-09-29,2026-08-15,100.0,1.43,False,Direct Bank Transfer,115898732.93
SIH26017-PRJ-000450,1245216261.75,0.0,0.0,67,0,,,100.0,1.83,False,Mixed,1245216261.75
SIH26017-PRJ-000451,57951391886.36,0.0,0.0,3556,0,,,100.0,1.36,False,Land-for-Land,57951391886.36
SIH26017-PRJ-000452,1329647853.4,929423849.53,69.9,115,79,2025-11-30,2026-04-21,100.0,1.52,False,Direct Bank Transfer,400224003.87
SIH26017-PRJ-000453,639249284.0,405923295.34,63.5,42,26,2017-09-17,2026-08-15,100.0,1.52,False,Cheque,233325988.66
SIH26017-PRJ-000454,793855151.07,0.0,0.0,739,0,,,100.0,1.15,False,Mixed,793855151.07
SIH26017-PRJ-000455,8642879415.09,6464873802.49,74.8,589,460,2022-06-25,2026-08-15,100.0,1.3,False,Direct Bank Transfer,2178005612.6
SIH26017-PRJ-000456,48859772.17,31954291.0,65.4,6,4,2018-08-03,2026-08-15,100.0,1.32,False,Direct Bank Transfer,16905481.17
SIH26017-PRJ-000457,13026992660.87,3608476967.06,27.7,869,241,2025-01-04,2024-10-06,100.0,1.44,False,Direct Bank Transfer,9418515693.81
SIH26017-PRJ-000458,950649452.01,816607879.28,85.9,123,102,2019-05-16,2026-08-15,100.0,1.0,False,Direct Bank Transfer,134041572.73
SIH26017-PRJ-000459,4806053301.33,3027813579.84,63.0,449,290,2025-11-02,2026-02-15,100.0,1.69,False,Direct Bank Transfer,1778239721.49
SIH26017-PRJ-000460,27166519.92,23200208.01,85.4,3,3,2018-01-02,2026-08-15,100.0,1.84,False,Cheque,3966311.91
SIH26017-PRJ-000461,1010625616.05,0.0,0.0,185,0,,,100.0,1.84,False,Direct Bank Transfer,1010625616.05
SIH26017-PRJ-000462,1266725899.46,76003553.97,6.0,687,42,,2025-01-11,100.0,1.4,False,Direct Bank Transfer,1190722345.49
SIH26017-PRJ-000463,359288098.22,294975528.64,82.1,101,85,2024-01-23,2026-08-15,100.0,1.43,True,Land-for-Land,64312569.58
SIH26017-PRJ-000464,1533901914.93,1435732192.37,93.6,154,141,2019-08-17,2026-08-15,100.0,1.71,False,Cheque,98169722.56
SIH26017-PRJ-000465,20687337423.72,0.0,0.0,2484,0,,,100.0,1.54,False,Land-for-Land,20687337423.72
SIH26017-PRJ-000466,3163071781.99,2173030314.23,68.7,217,157,2023-04-24,2026-08-15,100.0,1.55,True,Direct Bank Transfer,990041467.76
SIH26017-PRJ-000467,7129478785.3,0.0,0.0,627,0,,,100.0,1.63,False,Mixed,7129478785.3
SIH26017-PRJ-000468,1210717004.15,757908844.6,62.6,72,44,2022-10-16,2026-08-15,100.0,1.42,True,Cheque,452808159.55
SIH26017-PRJ-000469,864620685.69,568920411.18,65.8,52,35,2024-10-23,2026-04-16,100.0,1.82,True,Cheque,295700274.51
SIH26017-PRJ-000470,10180262862.24,906043394.74,8.9,1540,137,,2023-03-15,100.0,1.62,False,Land-for-Land,9274219467.5
SIH26017-PRJ-000471,633688574.18,0.0,0.0,131,0,,,100.0,1.58,False,Mixed,633688574.18
SIH26017-PRJ-000472,2191229514.98,2040034678.45,93.1,154,147,2024-12-09,2026-08-15,100.0,1.31,False,Direct Bank Transfer,151194836.53
SIH26017-PRJ-000473,719825127.28,601773806.41,83.6,96,80,2021-01-31,2026-08-15,100.0,1.37,False,Direct Bank Transfer,118051320.87
SIH26017-PRJ-000474,11714344.63,10132908.1,86.5,6,5,2017-01-05,2026-08-15,100.0,1.53,False,Direct Bank Transfer,1581436.53
SIH26017-PRJ-000475,34209006367.59,25212037692.91,73.7,3457,2535,2020-03-24,2026-08-15,100.0,1.54,True,Direct Bank Transfer,8996968674.68
SIH26017-PRJ-000476,5848747957.52,5240478169.94,89.6,711,652,2021-12-14,2026-08-15,100.0,1.5,False,Land-for-Land,608269787.58
SIH26017-PRJ-000477,1005673321.68,830686163.71,82.6,96,79,2018-09-15,2026-08-15,100.0,1.49,False,Mixed,174987157.97
SIH26017-PRJ-000478,15023971415.34,0.0,0.0,1346,0,,,100.0,1.1,False,Cheque,15023971415.34
SIH26017-PRJ-000479,409226476.15,251674282.83,61.5,68,41,2025-06-22,2026-02-16,100.0,1.64,False,Mixed,157552193.32
SIH26017-PRJ-000480,165108409.51,142158340.59,86.1,47,42,2018-01-30,2026-08-15,100.0,1.86,False,Direct Bank Transfer,22950068.92
SIH26017-PRJ-000481,22372422166.18,12797025479.05,57.2,1496,871,2021-01-25,2026-08-15,100.0,1.54,False,Direct Bank Transfer,9575396687.13
SIH26017-PRJ-000482,17058037817.1,15676336753.91,91.9,1690,1569,2021-02-25,2026-08-15,100.0,1.82,False,Direct Bank Transfer,1381701063.19
SIH26017-PRJ-000483,1840376845.06,0.0,0.0,104,0,,,100.0,1.37,False,Land-for-Land,1840376845.06
SIH26017-PRJ-000484,563832993.74,272895168.97,48.4,247,117,2020-10-24,2026-08-15,100.0,1.41,False,Direct Bank Transfer,290937824.77
SIH26017-PRJ-000485,5267385848.25,3550218061.72,67.4,311,203,2022-04-10,2026-08-15,100.0,2.0,False,Direct Bank Transfer,1717167786.53
SIH26017-PRJ-000486,1935140034.94,317362965.73,16.4,227,36,2026-07-02,2025-05-03,100.0,1.49,False,Direct Bank Transfer,1617777069.21
SIH26017-PRJ-000487,5351432433.94,3317888109.04,62.0,1468,904,2019-11-13,2026-08-15,100.0,1.75,False,Direct Bank Transfer,2033544324.9
SIH26017-PRJ-000488,1518937794.56,1098192025.47,72.3,169,128,2020-11-08,2026-08-15,100.0,1.43,True,Direct Bank Transfer,420745769.09
SIH26017-PRJ-000489,9092737442.18,6592234645.58,72.5,654,453,2023-09-29,2026-08-15,100.0,1.95,True,Land-for-Land,2500502796.6
SIH26017-PRJ-000490,1572427383.38,0.0,0.0,135,0,,,100.0,1.37,False,Direct Bank Transfer,1572427383.38
SIH26017-PRJ-000491,6074271195.16,1949841053.65,32.1,382,121,2025-08-25,2025-08-24,100.0,1.24,False,Mixed,4124430141.51
SIH26017-PRJ-000492,2721591056.68,0.0,0.0,241,0,,,100.0,1.38,False,Mixed,2721591056.68
SIH26017-PRJ-000493,3851865180.41,3035269762.16,78.8,380,303,2020-05-31,2026-08-15,100.0,1.77,False,Direct Bank Transfer,816595418.25
SIH26017-PRJ-000494,2993953918.3,1320333677.97,44.1,435,186,2025-09-09,2025-12-30,100.0,1.73,False,Direct Bank Transfer,1673620240.33
SIH26017-PRJ-000495,577210113.24,294954367.87,51.1,28,14,2018-07-03,2026-08-15,100.0,1.41,False,Direct Bank Transfer,282255745.37
SIH26017-PRJ-000496,28252301843.19,17007885709.6,60.2,1911,1116,2020-12-23,2025-09-28,100.0,1.31,False,Direct Bank Transfer,11244416133.59
SIH26017-PRJ-000497,22731163128.18,5500941477.02,24.2,1306,311,2026-01-04,2025-04-13,100.0,1.8,False,Cheque,17230221651.16
SIH26017-PRJ-000498,2320036410.39,1730747162.15,74.6,176,130,2020-03-21,2026-08-15,100.0,1.57,False,Direct Bank Transfer,589289248.24
SIH26017-PRJ-000499,788950856.08,689543048.21,87.4,59,54,2019-01-03,2026-08-15,100.0,1.42,False,Direct Bank Transfer,99407807.87
SIH26017-PRJ-000500,1183077832.5,392781840.39,33.2,1333,447,2025-07-29,2025-08-16,100.0,1.47,False,Mixed,790295992.11
SIH26017-PRJ-000501,14708894813.49,9560781628.77,65.0,1111,736,2025-05-23,2026-07-15,100.0,1.03,False,Land-for-Land,5148113184.72
SIH26017-PRJ-000502,302248294.15,262956015.91,87.0,35,31,2024-02-16,2026-08-15,100.0,1.3,False,Mixed,39292278.24
SIH26017-PRJ-000503,256800298.57,210576244.83,82.0,148,123,2020-03-17,2026-08-15,100.0,1.39,False,Direct Bank Transfer,46224053.74
SIH26017-PRJ-000504,299633359.49,194462050.31,64.9,16,11,2017-08-19,2026-08-15,100.0,1.36,False,Direct Bank Transfer,105171309.18
SIH26017-PRJ-000505,2338275096.31,633672551.1,27.1,1973,538,2020-03-11,2023-02-11,100.0,1.11,False,Direct Bank Transfer,1704602545.21
SIH26017-PRJ-000506,15382589174.56,13090583387.55,85.1,924,742,2018-11-01,2026-08-15,100.0,1.38,False,Mixed,2292005787.01
SIH26017-PRJ-000507,5337037395.61,4605863272.41,86.3,545,487,2019-07-01,2026-08-15,100.0,1.58,False,Direct Bank Transfer,731174123.2
SIH26017-PRJ-000508,2520125515.78,839201796.75,33.3,189,64,2026-01-07,2025-11-10,100.0,1.05,False,Direct Bank Transfer,1680923719.03
SIH26017-PRJ-000509,11032746183.12,0.0,0.0,1024,0,,,100.0,1.4,False,Direct Bank Transfer,11032746183.12
SIH26017-PRJ-000510,870838141.65,547757191.1,62.9,57,36,2024-05-06,2026-08-15,100.0,1.57,False,Land-for-Land,323080950.55
SIH26017-PRJ-000511,2115109988.22,0.0,0.0,148,0,,,100.0,1.85,False,Land-for-Land,2115109988.22
SIH26017-PRJ-000512,4515691431.09,266425794.43,5.9,309,19,,2025-03-04,100.0,2.0,False,Land-for-Land,4249265636.66
SIH26017-PRJ-000513,17578724927.37,11092175429.17,63.1,1066,667,2021-10-11,2026-08-15,100.0,1.12,True,Direct Bank Transfer,6486549498.2
SIH26017-PRJ-000514,19034414570.1,14808774535.54,77.8,1126,834,2021-12-02,2026-08-15,100.0,1.5,False,Mixed,4225640034.56
SIH26017-PRJ-000515,19828021446.59,3945776267.87,19.9,1562,303,2026-01-04,2025-01-18,100.0,1.73,False,Direct Bank Transfer,15882245178.72
SIH26017-PRJ-000516,41091125576.89,13765527068.26,33.5,3102,1026,2024-04-29,2024-09-09,100.0,1.86,False,Direct Bank Transfer,27325598508.63
SIH26017-PRJ-000517,1923860655.91,1854601672.3,96.4,177,172,2022-02-11,2026-08-15,100.0,1.0,False,Direct Bank Transfer,69258983.61
SIH26017-PRJ-000518,12571649247.04,0.0,0.0,1085,0,,,100.0,1.7,False,Direct Bank Transfer,12571649247.04
SIH26017-PRJ-000519,6012853122.5,469002543.56,7.8,372,29,,2023-03-23,100.0,1.28,False,Direct Bank Transfer,5543850578.94
SIH26017-PRJ-000520,2592218688.46,756927857.03,29.2,161,47,2016-09-06,2022-09-30,100.0,1.36,False,Direct Bank Transfer,1835290831.43
SIH26017-PRJ-000521,1016608169.39,0.0,0.0,110,0,,,100.0,1.0,False,Direct Bank Transfer,1016608169.39
SIH26017-PRJ-000522,1178344762.25,908503811.69,77.1,169,129,2019-01-17,2026-08-15,100.0,1.0,False,Direct Bank Transfer,269840950.56
SIH26017-PRJ-000523,2372641237.76,1508999827.22,63.6,185,116,2024-04-17,2026-08-15,100.0,1.38,False,Direct Bank Transfer,863641410.54
SIH26017-PRJ-000524,21332266578.95,0.0,0.0,1384,0,,,100.0,1.57,False,Mixed,21332266578.95
SIH26017-PRJ-000525,247429376.9,140292456.7,56.7,27,15,2023-05-17,2026-08-15,100.0,1.55,False,Direct Bank Transfer,107136920.2
SIH26017-PRJ-000526,405675000.19,0.0,0.0,71,0,,,100.0,1.56,False,Cheque,405675000.19
SIH26017-PRJ-000527,6022708299.93,4878393722.94,81.0,461,353,2021-07-19,2026-08-15,100.0,1.2,True,Direct Bank Transfer,1144314576.99
SIH26017-PRJ-000528,101890387360.13,73055407737.21,71.7,4500,3281,2019-07-09,2026-08-15,100.0,1.64,False,Mixed,28834979622.92
SIH26017-PRJ-000529,178821216.69,30220785.62,16.9,89,15,2026-06-19,2025-10-24,100.0,1.22,False,Direct Bank Transfer,148600431.07
SIH26017-PRJ-000530,721734700.33,482840514.52,66.9,134,87,2019-12-22,2026-08-15,100.0,1.34,False,Direct Bank Transfer,238894185.81
SIH26017-PRJ-000531,4751101445.75,3054958229.62,64.3,1705,1028,2022-07-12,2026-08-15,100.0,1.81,False,Cheque,1696143216.13
SIH26017-PRJ-000532,19566004445.21,14576673311.68,74.5,1363,1008,2019-01-04,2026-08-15,100.0,1.49,False,Mixed,4989331133.53
SIH26017-PRJ-000533,1191390243.01,692197731.19,58.1,543,302,2021-02-10,2026-08-15,100.0,1.39,True,Land-for-Land,499192511.82
SIH26017-PRJ-000534,139994118.75,0.0,0.0,54,0,,,100.0,2.0,False,Direct Bank Transfer,139994118.75
SIH26017-PRJ-000535,230731853.57,0.0,0.0,27,0,,,100.0,1.7,False,Direct Bank Transfer,230731853.57
SIH26017-PRJ-000536,27253538005.61,22347901164.6,82.0,1621,1311,2024-04-25,2026-05-11,100.0,1.5,True,Mixed,4905636841.01
SIH26017-PRJ-000537,8133497346.03,4668627476.62,57.4,625,372,2022-02-13,2026-08-15,100.0,1.16,False,Land-for-Land,3464869869.41
SIH26017-PRJ-000538,4640498770.53,232024938.53,5.0,3150,163,,2024-12-31,100.0,1.21,False,Mixed,4408473832.0
SIH26017-PRJ-000539,1861148144.99,1291636812.62,69.4,696,465,2020-11-22,2026-08-15,100.0,1.57,False,Cheque,569511332.37
SIH26017-PRJ-000540,310534060.48,264885553.59,85.3,14,12,2019-03-24,2026-08-15,100.0,1.5,False,Direct Bank Transfer,45648506.89
SIH26017-PRJ-000541,729740677.53,340788896.41,46.7,195,93,2020-12-19,2026-08-15,100.0,1.06,False,Direct Bank Transfer,388951781.12
SIH26017-PRJ-000542,3559210083.44,270499966.34,7.6,1439,108,,2022-10-11,100.0,1.74,False,Mixed,3288710117.1
SIH26017-PRJ-000543,179325687.83,84283073.28,47.0,103,47,2023-12-06,2025-05-04,100.0,1.07,False,Direct Bank Transfer,95042614.55
SIH26017-PRJ-000544,3628368097.64,3457834797.05,95.3,319,304,2023-01-28,2026-08-15,100.0,1.59,False,Direct Bank Transfer,170533300.59
SIH26017-PRJ-000545,18921230502.53,6092636221.81,32.2,2683,865,2018-04-05,2024-02-24,100.0,1.35,False,Cheque,12828594280.72
SIH26017-PRJ-000546,42884333.1,29933264.5,69.8,11,8,2024-01-11,2026-02-19,100.0,1.42,False,Direct Bank Transfer,12951068.6
SIH26017-PRJ-000547,1633897810.14,0.0,0.0,131,0,,,100.0,1.3,False,Direct Bank Transfer,1633897810.14
SIH26017-PRJ-000548,73239664.46,66355136.0,90.6,8,7,2018-09-10,2026-08-15,100.0,2.0,False,Direct Bank Transfer,6884528.46
SIH26017-PRJ-000549,18537664848.64,6506720361.87,35.1,3264,1142,2022-02-13,2025-01-12,100.0,2.0,False,Direct Bank Transfer,12030944486.77
SIH26017-PRJ-000550,697776982.78,0.0,0.0,231,0,,,100.0,1.21,False,Direct Bank Transfer,697776982.78
SIH26017-PRJ-000551,4526756776.11,1281072167.64,28.3,318,89,2025-10-26,2025-07-02,100.0,1.0,False,Direct Bank Transfer,3245684608.47
SIH26017-PRJ-000552,166009886.93,159701511.23,96.2,144,130,2018-06-07,2026-08-15,100.0,1.22,False,Land-for-Land,6308375.7
SIH26017-PRJ-000553,3655508997.84,3165670792.13,86.6,328,298,2022-12-19,2026-08-15,100.0,1.71,False,Mixed,489838205.71
SIH26017-PRJ-000554,1584512004.43,732044546.05,46.2,141,67,2018-10-07,2024-03-08,100.0,1.58,False,Mixed,852467458.38
SIH26017-PRJ-000555,769507871.79,76181279.31,9.9,86,9,2026-08-03,2025-08-15,100.0,1.71,False,Direct Bank Transfer,693326592.48
SIH26017-PRJ-000556,24760450649.36,15376239853.25,62.1,4500,2871,2023-10-17,2026-02-08,100.0,1.55,False,Direct Bank Transfer,9384210796.11
SIH26017-PRJ-000557,10296238553.57,0.0,0.0,2547,0,,,100.0,1.02,False,Direct Bank Transfer,10296238553.57
SIH26017-PRJ-000558,3402242289.08,2623128804.88,77.1,877,673,2021-09-17,2026-08-15,100.0,1.43,False,Direct Bank Transfer,779113484.2
SIH26017-PRJ-000559,62984335316.22,0.0,0.0,3743,0,,,100.0,1.8,False,Direct Bank Transfer,62984335316.22
SIH26017-PRJ-000560,1493931313.37,851540848.62,57.0,360,202,2018-09-24,2026-08-15,100.0,1.27,False,Direct Bank Transfer,642390464.75
SIH26017-PRJ-000561,2877743852.3,0.0,0.0,1534,0,,,100.0,1.55,False,Direct Bank Transfer,2877743852.3
SIH26017-PRJ-000562,55459812920.49,0.0,0.0,3627,0,,,100.0,1.67,False,Direct Bank Transfer,55459812920.49
SIH26017-PRJ-000563,75740533486.94,0.0,0.0,3963,0,,,100.0,1.93,False,Land-for-Land,75740533486.94
SIH26017-PRJ-000564,11786658631.61,0.0,0.0,704,0,,,100.0,1.0,False,Direct Bank Transfer,11786658631.61
SIH26017-PRJ-000565,1996898843.74,1954963968.02,97.9,669,634,2018-06-11,2026-08-15,100.0,1.77,False,Cheque,41934875.72
SIH26017-PRJ-000566,35880924013.65,22569101204.59,62.9,2041,1269,2019-01-12,2026-08-15,100.0,1.77,False,Direct Bank Transfer,13311822809.06
SIH26017-PRJ-000567,285317249.6,169193129.01,59.3,26,15,2021-09-30,2026-08-15,100.0,1.74,False,Mixed,116124120.59
SIH26017-PRJ-000568,23710670638.93,1683457615.36,7.1,1730,129,,2022-07-23,100.0,2.0,True,Mixed,22027213023.57
SIH26017-PRJ-000569,6375065021.54,2664777179.0,41.8,1349,563,2024-09-22,2025-08-14,100.0,1.31,False,Cheque,3710287842.54
SIH26017-PRJ-000570,14112379974.96,0.0,0.0,3387,0,,,100.0,1.19,False,Direct Bank Transfer,14112379974.96
SIH26017-PRJ-000571,31901457136.27,25361658423.33,79.5,2438,1976,2020-08-13,2026-08-15,100.0,1.74,True,Direct Bank Transfer,6539798712.94
SIH26017-PRJ-000572,996045651.56,0.0,0.0,149,0,,,100.0,1.22,False,Cheque,996045651.56
SIH26017-PRJ-000573,425380989.54,387096700.48,91.0,18,17,2018-01-24,2026-08-15,100.0,1.0,False,Mixed,38284289.06
SIH26017-PRJ-000574,267292200.63,212497299.5,79.5,51,40,2019-01-24,2026-08-15,100.0,1.32,False,Direct Bank Transfer,54794901.13
SIH26017-PRJ-000575,495184630.15,0.0,0.0,31,0,,,100.0,1.78,True,Direct Bank Transfer,495184630.15
SIH26017-PRJ-000576,431304952.04,245843822.66,57.0,199,114,2019-08-07,2026-08-15,100.0,1.68,False,Direct Bank Transfer,185461129.38
SIH26017-PRJ-000577,769026587.41,530628345.31,69.0,309,212,2020-05-04,2026-08-15,100.0,1.4,False,Direct Bank Transfer,238398242.1
SIH26017-PRJ-000578,1041751478.29,889655762.46,85.4,129,114,2017-10-13,2026-08-15,100.0,1.63,True,Land-for-Land,152095715.83
SIH26017-PRJ-000579,587429428.89,394752576.21,67.2,211,144,2017-05-04,2026-08-15,100.0,1.45,False,Direct Bank Transfer,192676852.68
SIH26017-PRJ-000580,6341772695.98,0.0,0.0,363,0,,,100.0,1.34,False,Direct Bank Transfer,6341772695.98
SIH26017-PRJ-000581,2588663069.09,2513591840.09,97.1,227,216,2024-01-26,2026-08-15,100.0,1.44,False,Direct Bank Transfer,75071229.0
SIH26017-PRJ-000582,21611628519.38,10481639831.9,48.5,1496,723,2021-10-02,2024-12-11,100.0,1.04,False,Direct Bank Transfer,11129988687.48
SIH26017-PRJ-000583,360310304.28,245011006.91,68.0,104,68,2020-07-20,2026-08-15,100.0,1.3,False,Direct Bank Transfer,115299297.37
SIH26017-PRJ-000584,1920296778.38,1472867629.02,76.7,1285,986,2019-11-09,2026-08-15,100.0,1.03,False,Direct Bank Transfer,447429149.36
SIH26017-PRJ-000585,2068306746.87,1195481299.69,57.8,133,78,2022-11-14,2024-12-21,100.0,1.4,True,Direct Bank Transfer,872825447.18
SIH26017-PRJ-000586,1355747012.64,736170627.86,54.3,332,184,2025-06-21,2025-07-05,100.0,1.54,False,Cheque,619576384.78
SIH26017-PRJ-000587,3836600844.87,3510489773.06,91.5,676,613,2022-08-09,2026-08-15,100.0,1.51,False,Direct Bank Transfer,326111071.81
SIH26017-PRJ-000588,220630694.66,0.0,0.0,21,0,,,100.0,1.56,False,Direct Bank Transfer,220630694.66
SIH26017-PRJ-000589,16470038334.73,0.0,0.0,2356,0,,,100.0,1.51,False,Direct Bank Transfer,16470038334.73
SIH26017-PRJ-000590,438070023.79,311029716.89,71.0,101,74,2024-04-12,2026-08-15,100.0,1.28,False,Mixed,127040306.9
SIH26017-PRJ-000591,289107636.67,0.0,0.0,216,0,,,100.0,1.68,False,Direct Bank Transfer,289107636.67
SIH26017-PRJ-000592,17129012044.26,2586480818.68,15.1,1769,280,2026-06-20,2025-10-21,100.0,1.08,False,Land-for-Land,14542531225.58
SIH26017-PRJ-000593,447849861.42,382911631.51,85.5,36,31,2021-02-23,2026-08-15,100.0,1.34,False,Direct Bank Transfer,64938229.91
SIH26017-PRJ-000594,35323262902.24,24514344454.15,69.4,3266,2320,2020-03-12,2026-08-15,100.0,1.64,False,Land-for-Land,10808918448.09
SIH26017-PRJ-000595,2366372083.71,1864701201.96,78.8,147,116,2018-04-09,2026-08-15,100.0,1.37,False,Cheque,501670881.75
SIH26017-PRJ-000596,2343335307.66,1715321445.21,73.2,529,371,2023-01-16,2026-08-15,100.0,1.93,False,Direct Bank Transfer,628013862.45
SIH26017-PRJ-000597,12139950924.54,10367518089.56,85.4,959,772,2019-03-08,2026-08-15,100.0,1.42,False,Direct Bank Transfer,1772432834.98
SIH26017-PRJ-000598,336736425.42,282185124.5,83.8,47,36,2020-10-16,2026-08-15,100.0,1.63,False,Land-for-Land,54551300.92
SIH26017-PRJ-000599,286886177.68,253033608.71,88.2,62,53,2022-05-24,2026-08-15,100.0,1.88,False,Mixed,33852568.97
SIH26017-PRJ-000600,1344074444.57,802412443.41,59.7,152,90,2026-01-17,2026-03-22,100.0,1.38,False,Direct Bank Transfer,541662001.16
