project_id,number_of_khasra_parcels,number_of_landowners,percent_land_clear_title,percent_land_disputed_ownership,percent_absentee_landowners,land_record_digitization_status,mutation_pending_percent,encumbrance_certificate_status,consent_percent_obtained,gazette_notification_status,document_completeness_percent,record_last_updated_date
SIH26017-PRJ-000001,3018,2313,69.9,33.2,14.2,Partially Digitized,27.4,Pending,60.2,Final Issued,46.5,2025-02-28
SIH26017-PRJ-000002,106,69,83.9,16.5,21.3,Fully Digitized,26.3,Clear,,Final Issued,72.1,2024-03-22
SIH26017-PRJ-000003,126,117,78.2,27.9,20.6,Not Digitized,10.1,Clear,,Final Issued,73.6,2026-02-21
SIH26017-PRJ-000004,746,551,56.3,39.4,19.0,Not Digitized,23.6,Pending,,Final Issued,56.8,2025-10-12
SIH26017-PRJ-000005,2449,2086,67.7,31.9,5.3,Fully Digitized,70.1,Pending,,Not Issued,11.1,2021-09-27
SIH26017-PRJ-000006,483,318,74.7,25.3,9.4,Partially Digitized,66.4,Pending,41.1,Not Issued,13.0,2021-04-30
SIH26017-PRJ-000007,2151,1752,64.6,31.2,16.5,Fully Digitized,36.7,Pending,,Final Issued,46.5,2025-08-15
SIH26017-PRJ-000008,18,14,81.1,22.2,15.2,Fully Digitized,54.5,Clear,,Not Issued,28.6,2022-03-16
SIH26017-PRJ-000009,5412,4500,58.5,40.4,15.6,Not Digitized,39.8,Pending,49.4,Final Issued,42.0,2025-08-09
SIH26017-PRJ-000010,2702,1566,74.1,24.9,21.0,Partially Digitized,5.0,Pending,,Final Issued,71.5,2026-08-15
SIH26017-PRJ-000011,57,35,76.7,30.8,10.0,Not Digitized,23.4,Clear,,Final Issued,66.3,2024-10-28
SIH26017-PRJ-000012,28,16,74.8,27.3,18.5,Not Digitized,5.0,Pending,,Final Issued,68.1,2026-08-15
SIH26017-PRJ-000013,1059,863,80.9,17.3,17.8,Not Digitized,43.0,Clear,,Final Issued,49.8,2024-11-01
SIH26017-PRJ-000014,294,259,80.6,21.6,13.6,Fully Digitized,5.0,Clear,,Final Issued,63.9,2026-08-15
SIH26017-PRJ-000015,6000,3435,47.7,47.9,15.2,Not Digitized,23.4,Pending,40.2,Final Issued,57.7,2025-03-24
SIH26017-PRJ-000016,188,118,63.7,39.9,13.2,Partially Digitized,44.3,Pending,,Not Issued,36.5,2025-07-19
SIH26017-PRJ-000017,6,4,52.0,55.4,18.9,Partially Digitized,35.8,Pending,,Final Issued,47.9,2025-05-01
SIH26017-PRJ-000018,279,218,48.0,53.8,14.2,Fully Digitized,5.0,Pending,,Final Issued,74.7,2026-08-15
SIH26017-PRJ-000019,63,39,70.7,36.2,19.3,Not Digitized,5.0,Pending,,Final Issued,68.4,2026-08-15
SIH26017-PRJ-000020,74,55,75.2,24.2,15.8,Not Digitized,5.0,Clear,,Final Issued,70.6,2026-08-15
SIH26017-PRJ-000021,108,101,76.9,27.8,11.1,Fully Digitized,11.4,Clear,,Final Issued,73.5,2025-09-03
SIH26017-PRJ-000022,2363,1468,64.1,35.5,34.4,Fully Digitized,5.0,Pending,,Final Issued,77.4,2026-08-15
SIH26017-PRJ-000023,22,21,76.0,35.0,13.7,Not Digitized,47.6,Clear,,Final Issued,45.0,2025-07-22
SIH26017-PRJ-000024,31,24,64.8,34.5,19.6,Fully Digitized,79.6,Pending,,Not Issued,13.8,2019-06-24
SIH26017-PRJ-000025,399,294,74.4,30.9,16.0,Not Digitized,24.7,Pending,,Final Issued,52.8,2024-12-30
SIH26017-PRJ-000026,53,39,59.7,38.9,26.0,Fully Digitized,78.5,Pending,,Not Issued,1.2,2019-05-09
SIH26017-PRJ-000027,144,131,61.4,36.9,23.6,Partially Digitized,5.0,Pending,,Final Issued,77.5,2026-08-15
SIH26017-PRJ-000028,3344,2840,82.7,14.8,28.9,Partially Digitized,52.4,Clear,58.2,Draft Issued,36.3,2020-08-05
SIH26017-PRJ-000029,2164,1651,62.5,38.9,18.1,Fully Digitized,26.7,Pending,68.4,Final Issued,71.9,2025-08-16
SIH26017-PRJ-000030,2552,1720,76.9,17.8,19.8,Partially Digitized,5.0,Clear,67.1,Final Issued,78.3,2026-08-15
SIH26017-PRJ-000031,1782,1252,71.6,31.2,10.7,Not Digitized,36.2,Pending,55.3,Final Issued,61.3,2024-01-16
SIH26017-PRJ-000032,92,64,49.6,55.3,6.4,Partially Digitized,12.3,Pending,,Final Issued,80.2,2025-05-14
SIH26017-PRJ-000033,64,43,74.7,36.3,16.0,Partially Digitized,5.0,Pending,,Final Issued,77.8,2026-08-15
SIH26017-PRJ-000034,2516,1629,62.3,34.4,9.5,Not Digitized,28.8,Pending,,Final Issued,75.9,2025-07-09
SIH26017-PRJ-000035,15,15,60.1,36.0,24.3,Fully Digitized,5.0,Pending,,Final Issued,93.3,2026-08-15
SIH26017-PRJ-000036,835,575,70.9,28.9,20.6,Fully Digitized,5.0,Pending,57.3,Final Issued,79.8,2026-08-15
SIH26017-PRJ-000037,410,297,58.0,38.1,16.8,Fully Digitized,34.4,Pending,,Final Issued,55.8,2025-05-03
SIH26017-PRJ-000038,2257,1645,75.4,25.3,8.8,Fully Digitized,28.9,Clear,,Final Issued,53.8,2025-01-16
SIH26017-PRJ-000039,981,615,69.3,32.9,10.6,Partially Digitized,41.6,Pending,37.6,Draft Issued,43.3,2025-10-11
SIH26017-PRJ-000040,584,516,68.7,30.6,13.1,Not Digitized,78.7,Pending,,Not Issued,23.9,2021-03-17
SIH26017-PRJ-000041,187,105,68.9,26.5,10.6,Fully Digitized,5.0,Pending,,Final Issued,77.5,2026-08-15
SIH26017-PRJ-000042,73,70,99.1,2.8,13.4,Partially Digitized,5.0,Clear,,Final Issued,95.5,2026-08-15
SIH26017-PRJ-000043,629,448,63.5,34.5,15.7,Fully Digitized,35.4,Pending,,Final Issued,61.0,2024-03-22
SIH26017-PRJ-000044,57,57,66.7,27.5,16.4,Fully Digitized,5.0,Pending,,Final Issued,81.2,2026-08-15
SIH26017-PRJ-000045,760,558,76.3,28.7,15.5,Not Digitized,5.0,Clear,,Final Issued,91.5,2026-08-15
SIH26017-PRJ-000046,288,287,62.6,38.0,10.1,Fully Digitized,20.3,Pending,,Final Issued,65.4,2025-11-27
SIH26017-PRJ-000047,75,70,85.8,16.4,25.8,Partially Digitized,5.0,Clear,,Final Issued,66.0,2026-08-15
SIH26017-PRJ-000048,2164,1864,75.0,21.9,16.5,Fully Digitized,32.1,Pending,,Final Issued,69.0,2025-02-27
SIH26017-PRJ-000049,153,123,78.2,23.4,20.4,Partially Digitized,5.0,Clear,,Final Issued,79.1,2026-08-15
SIH26017-PRJ-000050,439,256,58.3,40.5,18.5,Fully Digitized,5.0,Pending,,Final Issued,61.7,2026-08-15
SIH26017-PRJ-000051,95,74,77.9,18.0,12.5,Partially Digitized,10.2,Clear,,Final Issued,64.2,2026-03-01
SIH26017-PRJ-000052,44,36,70.4,23.9,11.8,Fully Digitized,27.0,Pending,,Final Issued,74.1,2025-10-25
SIH26017-PRJ-000053,555,320,64.3,35.7,17.8,Fully Digitized,5.0,Pending,,Final Issued,73.7,2026-08-15
SIH26017-PRJ-000054,4810,3090,71.9,30.9,9.1,Partially Digitized,5.0,Pending,59.1,Final Issued,64.2,2026-08-15
SIH26017-PRJ-000055,1183,799,82.1,18.7,0.8,Partially Digitized,94.0,Clear,69.1,Not Issued,13.6,2022-12-28
SIH26017-PRJ-000056,57,52,58.3,40.5,18.8,Partially Digitized,5.0,Pending,,Final Issued,72.7,2026-08-15
SIH26017-PRJ-000057,85,80,60.1,37.9,14.7,Not Digitized,60.2,Pending,,Not Issued,20.3,2022-08-13
SIH26017-PRJ-000058,177,99,75.5,23.1,15.5,Partially Digitized,10.6,Clear,,Final Issued,86.0,2026-04-03
SIH26017-PRJ-000059,93,90,88.7,16.8,17.4,Not Digitized,37.1,Clear,,Final Issued,53.4,2023-02-12
SIH26017-PRJ-000060,79,73,66.8,38.8,22.6,Partially Digitized,32.8,Pending,,Final Issued,54.6,2025-11-16
SIH26017-PRJ-000061,2061,2059,52.3,43.3,10.0,Fully Digitized,57.7,Pending,58.3,Final Issued,49.1,2024-11-07
SIH26017-PRJ-000062,233,159,85.1,5.0,17.4,Partially Digitized,5.0,Clear,,Final Issued,92.5,2026-08-15
SIH26017-PRJ-000063,14,8,67.3,35.7,14.3,Fully Digitized,11.9,Pending,,Final Issued,75.1,2025-12-28
SIH26017-PRJ-000064,2835,1604,56.3,43.9,20.3,Partially Digitized,25.6,Pending,,Final Issued,63.0,2024-12-17
SIH26017-PRJ-000065,205,196,87.9,9.9,26.3,Partially Digitized,10.9,Clear,,Final Issued,66.5,2026-01-08
SIH26017-PRJ-000066,283,161,78.6,25.9,7.0,Fully Digitized,5.0,Clear,,Final Issued,90.2,2026-08-15
SIH26017-PRJ-000067,153,112,79.0,23.8,19.6,Not Digitized,5.0,Clear,,Final Issued,89.6,2026-08-15
SIH26017-PRJ-000068,3232,2248,51.9,48.8,12.3,Partially Digitized,5.0,Pending,,Final Issued,70.2,2026-08-15
SIH26017-PRJ-000069,235,195,52.2,50.3,24.0,Partially Digitized,5.0,Pending,,Final Issued,82.0,2026-08-15
SIH26017-PRJ-000070,241,239,70.6,29.9,22.3,Not Digitized,17.7,Pending,,Final Issued,69.7,2025-11-28
SIH26017-PRJ-000071,897,668,67.6,26.8,23.5,Partially Digitized,5.0,Pending,,Final Issued,86.0,2026-08-15
SIH26017-PRJ-000072,64,51,69.8,26.8,21.2,Partially Digitized,74.9,Pending,,Not Issued,19.9,2025-05-03
SIH26017-PRJ-000073,1598,948,49.1,48.2,10.1,Fully Digitized,37.0,Pending,54.2,Final Issued,47.7,2025-06-15
SIH26017-PRJ-000074,58,33,75.6,22.9,7.9,Fully Digitized,5.0,Clear,,Final Issued,90.5,2026-08-15
SIH26017-PRJ-000075,80,66,60.2,40.2,16.2,Not Digitized,5.0,Pending,,Final Issued,70.6,2026-08-15
SIH26017-PRJ-000076,585,396,52.8,39.9,16.6,Not Digitized,5.0,Pending,,Final Issued,92.9,2026-08-15
SIH26017-PRJ-000077,61,41,59.0,44.8,12.4,Partially Digitized,5.0,Pending,,Final Issued,79.6,2026-08-15
SIH26017-PRJ-000078,1139,864,75.5,28.4,16.0,Partially Digitized,29.7,Clear,,Final Issued,56.7,2025-04-20
SIH26017-PRJ-000079,2019,1424,57.0,35.2,23.0,Partially Digitized,5.0,Pending,,Final Issued,88.5,2026-08-15
SIH26017-PRJ-000080,50,47,60.3,37.2,13.4,Not Digitized,10.7,Pending,,Final Issued,67.8,2025-10-16
SIH26017-PRJ-000081,499,364,54.7,41.2,14.0,Partially Digitized,5.0,Pending,,Final Issued,71.9,2026-08-15
SIH26017-PRJ-000082,2731,1599,66.0,37.5,9.4,Fully Digitized,54.9,Pending,,Draft Issued,30.7,2024-05-06
SIH26017-PRJ-000083,403,287,61.2,41.4,14.3,Not Digitized,5.0,Pending,,Final Issued,82.3,2026-08-15
SIH26017-PRJ-000084,663,501,63.9,34.8,7.5,Not Digitized,5.0,Pending,,Final Issued,64.2,2026-08-15
SIH26017-PRJ-000085,2905,2893,67.4,34.2,10.9,Not Digitized,5.0,Pending,66.9,Final Issued,78.1,2026-08-15
SIH26017-PRJ-000086,173,140,81.7,18.5,15.2,Fully Digitized,5.0,Clear,,Final Issued,75.3,2026-08-15
SIH26017-PRJ-000087,369,232,66.0,33.6,8.7,Not Digitized,19.3,Pending,,Final Issued,63.2,2024-11-02
SIH26017-PRJ-000088,293,166,79.4,17.1,11.7,Not Digitized,5.0,Clear,,Final Issued,83.3,2026-08-15
SIH26017-PRJ-000089,4888,2853,74.4,26.8,9.0,Fully Digitized,5.0,Pending,56.3,Final Issued,74.9,2026-08-15
SIH26017-PRJ-000090,56,36,85.5,15.4,16.4,Partially Digitized,5.0,Clear,,Final Issued,91.0,2026-08-15
SIH26017-PRJ-000091,669,376,55.9,45.6,20.5,Not Digitized,66.1,Pending,,Not Issued,21.8,2023-10-19
SIH26017-PRJ-000092,147,110,85.4,10.8,8.1,Partially Digitized,5.0,Clear,,Final Issued,89.6,2026-08-15
SIH26017-PRJ-000093,2130,1479,65.5,36.2,19.8,Partially Digitized,53.0,Pending,,Draft Issued,46.2,2024-08-12
SIH26017-PRJ-000094,182,121,55.8,41.1,5.9,Not Digitized,45.6,Pending,,Final Issued,54.6,2024-11-21
SIH26017-PRJ-000095,1802,1089,61.3,46.0,21.2,Fully Digitized,58.0,Pending,43.8,Draft Issued,37.0,2021-06-15
SIH26017-PRJ-000096,122,104,60.6,37.5,9.1,Not Digitized,5.0,Pending,,Final Issued,76.4,2026-08-15
SIH26017-PRJ-000097,1328,1001,66.3,37.4,21.6,Partially Digitized,56.4,Pending,,Not Issued,22.6,2025-01-22
SIH26017-PRJ-000098,271,230,78.0,26.2,23.9,Fully Digitized,5.0,Clear,,Final Issued,70.1,2026-08-15
SIH26017-PRJ-000099,350,230,100.0,3.2,30.9,Fully Digitized,5.0,Clear,,Final Issued,73.5,2026-08-15
SIH26017-PRJ-000100,530,427,48.2,51.3,8.3,Fully Digitized,69.9,Pending,,Not Issued,11.4,2023-04-07
SIH26017-PRJ-000101,296,210,80.8,19.6,6.0,Fully Digitized,5.0,Clear,,Final Issued,77.3,2026-08-15
SIH26017-PRJ-000102,2027,1202,54.0,38.0,17.2,Not Digitized,15.7,Pending,,Final Issued,60.2,2025-08-23
SIH26017-PRJ-000103,24,17,69.1,28.2,3.5,Not Digitized,78.0,Pending,,Not Issued,1.5,2018-01-16
SIH26017-PRJ-000104,76,62,86.4,8.3,11.9,Partially Digitized,31.8,Clear,,Final Issued,46.5,2025-05-31
SIH26017-PRJ-000105,43,26,69.7,36.8,10.2,Fully Digitized,19.7,Pending,,Final Issued,65.3,2025-09-22
SIH26017-PRJ-000106,103,101,48.7,43.8,16.9,Fully Digitized,5.0,Pending,,Final Issued,82.6,2026-08-15
SIH26017-PRJ-000107,58,51,71.0,22.7,13.9,Fully Digitized,29.1,Pending,,Final Issued,62.0,2024-07-26
SIH26017-PRJ-000108,1611,1367,54.7,47.2,29.3,Partially Digitized,48.9,Pending,68.4,Not Issued,35.2,2025-02-11
SIH26017-PRJ-000109,852,559,87.8,10.5,14.8,Fully Digitized,5.0,Clear,63.5,Final Issued,86.0,2026-08-15
SIH26017-PRJ-000110,2399,1892,58.4,45.2,9.1,Not Digitized,17.9,Pending,,Final Issued,51.9,2025-06-18
SIH26017-PRJ-000111,44,41,84.1,15.3,20.7,Not Digitized,5.0,Clear,,Final Issued,99.8,2026-08-15
SIH26017-PRJ-000112,53,43,82.1,19.4,11.2,Not Digitized,5.0,Clear,,Final Issued,84.2,2026-08-15
SIH26017-PRJ-000113,771,517,52.3,43.9,18.3,Partially Digitized,85.1,Pending,52.7,Not Issued,21.6,2023-08-07
SIH26017-PRJ-000114,2717,2123,87.7,7.1,14.2,Not Digitized,5.0,Clear,,Final Issued,77.5,2026-08-15
SIH26017-PRJ-000115,14,12,62.9,35.8,25.2,Fully Digitized,5.0,Pending,,Final Issued,89.0,2026-08-15
SIH26017-PRJ-000116,67,39,94.3,5.5,5.5,Partially Digitized,5.0,Clear,,Final Issued,84.8,2026-08-15
SIH26017-PRJ-000117,1186,1024,82.4,30.5,15.9,Fully Digitized,11.5,Clear,86.7,Final Issued,77.1,2025-11-04
SIH26017-PRJ-000118,440,364,71.8,26.6,19.9,Partially Digitized,5.0,Pending,,Final Issued,67.8,2026-08-15
SIH26017-PRJ-000119,231,147,74.4,31.6,4.3,Not Digitized,5.0,Pending,,Final Issued,87.1,2026-08-15
SIH26017-PRJ-000120,1453,950,70.6,34.2,16.9,Partially Digitized,28.8,Pending,,Final Issued,72.7,2025-03-29
SIH26017-PRJ-000121,804,572,54.9,43.7,12.5,Not Digitized,45.2,Pending,,Final Issued,44.2,2021-10-06
SIH26017-PRJ-000122,2390,1426,58.9,38.0,11.4,Partially Digitized,82.4,Pending,49.3,Not Issued,13.6,2024-05-30
SIH26017-PRJ-000123,1973,1237,67.1,33.7,25.6,Partially Digitized,32.4,Pending,,Final Issued,62.8,2025-01-23
SIH26017-PRJ-000124,2559,1527,77.6,22.2,16.4,Partially Digitized,23.9,Clear,,Final Issued,61.4,2024-05-17
SIH26017-PRJ-000125,922,721,73.3,33.1,14.6,Fully Digitized,11.4,Pending,,Final Issued,75.9,2025-07-21
SIH26017-PRJ-000126,627,543,89.2,10.2,16.7,Not Digitized,5.0,Clear,52.9,Final Issued,77.0,2026-08-15
SIH26017-PRJ-000127,723,416,77.4,23.6,13.8,Not Digitized,72.1,Clear,,Not Issued,12.2,2024-11-09
SIH26017-PRJ-000128,17,14,67.4,31.4,22.9,Not Digitized,46.1,Pending,,Final Issued,41.2,2022-04-20
SIH26017-PRJ-000129,100,82,79.3,20.0,10.7,Partially Digitized,95.0,Clear,,Not Issued,10.8,2021-03-25
SIH26017-PRJ-000130,255,215,81.8,17.8,10.3,Fully Digitized,5.0,Clear,,Final Issued,90.4,2026-08-15
SIH26017-PRJ-000131,739,648,64.0,38.8,13.2,Partially Digitized,17.5,Pending,,Final Issued,78.7,2025-12-28
SIH26017-PRJ-000132,70,46,81.7,14.4,0.9,Partially Digitized,5.0,Clear,,Final Issued,87.7,2026-08-15
SIH26017-PRJ-000133,3997,2465,70.9,28.5,18.2,Partially Digitized,5.0,Pending,54.1,Final Issued,87.3,2026-08-15
SIH26017-PRJ-000134,3668,2104,64.2,36.7,19.9,Fully Digitized,5.0,Pending,56.9,Final Issued,68.1,2026-08-15
SIH26017-PRJ-000135,354,302,62.5,30.9,19.6,Partially Digitized,34.4,Pending,43.1,Final Issued,42.8,2025-09-07
SIH26017-PRJ-000136,432,269,74.0,19.7,23.3,Fully Digitized,5.0,Pending,,Final Issued,94.2,2026-08-15
SIH26017-PRJ-000137,135,103,72.1,27.5,17.4,Fully Digitized,5.0,Pending,,Final Issued,86.8,2026-08-15
SIH26017-PRJ-000138,73,68,93.3,0.8,9.4,Not Digitized,5.0,Clear,,Final Issued,85.8,2026-08-15
SIH26017-PRJ-000139,7,6,71.3,26.3,21.0,Partially Digitized,76.9,Pending,,Not Issued,26.2,2023-10-17
SIH26017-PRJ-000140,82,66,80.7,18.1,13.9,Partially Digitized,12.1,Clear,,Final Issued,66.9,2026-02-17
SIH26017-PRJ-000141,1934,1098,48.5,49.5,10.0,Partially Digitized,5.0,Pending,,Final Issued,56.6,2026-08-15
SIH26017-PRJ-000142,3016,1858,81.7,17.9,23.5,Partially Digitized,5.0,Clear,56.4,Final Issued,69.4,2026-08-15
SIH26017-PRJ-000143,247,214,79.5,24.6,8.4,Partially Digitized,5.0,Clear,,Final Issued,89.8,2026-08-15
SIH26017-PRJ-000144,380,241,92.3,8.6,12.5,Fully Digitized,5.0,Clear,,Final Issued,96.8,2026-08-15
SIH26017-PRJ-000145,2218,1362,60.3,36.8,22.0,Partially Digitized,25.8,Pending,42.3,Final Issued,54.4,2024-03-15
SIH26017-PRJ-000146,633,471,68.3,34.8,21.5,Partially Digitized,40.0,Pending,71.7,Draft Issued,35.7,2025-06-02
SIH26017-PRJ-000147,1424,1053,59.4,49.1,14.4,Partially Digitized,5.0,Pending,69.0,Final Issued,76.8,2026-08-15
SIH26017-PRJ-000148,64,63,94.7,8.7,9.3,Partially Digitized,5.0,Clear,,Final Issued,69.6,2026-08-15
SIH26017-PRJ-000149,1242,1136,54.0,49.8,31.6,Partially Digitized,55.3,Pending,71.5,Not Issued,28.0,2024-06-06
SIH26017-PRJ-000150,5076,3128,63.0,37.4,16.0,Partially Digitized,26.9,Pending,61.5,Final Issued,66.1,2025-04-09
SIH26017-PRJ-000151,100,63,78.8,19.3,19.9,Not Digitized,13.1,Clear,,Final Issued,67.0,2025-09-04
SIH26017-PRJ-000152,449,294,79.6,6.7,4.1,Not Digitized,71.6,Clear,,Not Issued,1.1,2018-06-01
SIH26017-PRJ-000153,2368,1390,54.9,40.6,5.5,Partially Digitized,28.8,Pending,,Final Issued,66.0,2024-09-01
SIH26017-PRJ-000154,12,9,61.6,34.7,22.6,Fully Digitized,59.1,Pending,,Not Issued,0.8,2024-03-07
SIH26017-PRJ-000155,2538,2157,52.8,36.7,15.9,Fully Digitized,5.0,Pending,,Final Issued,82.1,2026-08-15
SIH26017-PRJ-000156,155,96,64.9,27.9,26.0,Partially Digitized,5.0,Pending,,Final Issued,74.5,2026-08-15
SIH26017-PRJ-000157,219,128,73.1,29.5,30.1,Not Digitized,5.0,Pending,,Final Issued,76.9,2026-08-15
SIH26017-PRJ-000158,1269,1254,62.7,27.3,27.0,Partially Digitized,65.6,Pending,,Not Issued,1.0,2018-09-12
SIH26017-PRJ-000159,10,7,72.0,35.1,6.1,Fully Digitized,46.2,Pending,,Final Issued,37.4,2025-06-01
SIH26017-PRJ-000160,2064,1611,69.5,31.7,19.6,Partially Digitized,5.0,Pending,47.0,Final Issued,73.9,2026-08-15
SIH26017-PRJ-000161,77,43,84.3,17.2,3.2,Partially Digitized,5.0,Clear,,Final Issued,87.2,2026-08-15
SIH26017-PRJ-000162,1292,1282,75.3,21.9,7.9,Partially Digitized,60.0,Clear,49.2,Not Issued,36.3,2024-07-20
SIH26017-PRJ-000163,893,641,79.9,13.9,9.9,Not Digitized,5.0,Clear,50.4,Final Issued,83.9,2026-08-15
SIH26017-PRJ-000164,889,610,67.6,34.7,12.5,Partially Digitized,66.4,Pending,,Not Issued,9.9,2019-04-15
SIH26017-PRJ-000165,3803,3470,43.8,60.0,24.0,Partially Digitized,5.0,Pending,36.8,Final Issued,78.8,2026-08-15
SIH26017-PRJ-000166,42,25,70.1,30.1,12.3,Fully Digitized,34.5,Pending,,Final Issued,51.7,2023-09-29
SIH26017-PRJ-000167,206,123,67.2,34.9,24.7,Partially Digitized,71.2,Pending,,Draft Issued,34.8,2025-02-22
SIH26017-PRJ-000168,3905,2214,58.5,40.6,18.5,Partially Digitized,20.3,Pending,,Final Issued,71.7,2025-01-30
SIH26017-PRJ-000169,751,459,65.4,34.0,12.3,Not Digitized,57.1,Pending,,Final Issued,49.3,2022-10-30
SIH26017-PRJ-000170,3552,2381,66.3,33.2,27.1,Fully Digitized,45.9,Pending,50.9,Draft Issued,41.7,2025-03-17
SIH26017-PRJ-000171,342,315,69.8,24.1,20.4,Not Digitized,34.8,Pending,,Final Issued,54.3,2025-04-17
SIH26017-PRJ-000172,572,430,51.6,42.9,25.8,Partially Digitized,60.4,Pending,,Not Issued,22.3,2022-06-24
SIH26017-PRJ-000173,3716,3307,82.8,22.0,20.2,Fully Digitized,39.5,Clear,35.2,Final Issued,55.5,2025-09-20
SIH26017-PRJ-000174,45,43,75.9,21.9,22.6,Not Digitized,5.0,Clear,,Final Issued,81.1,2026-08-15
SIH26017-PRJ-000175,151,128,74.2,26.7,9.3,Fully Digitized,5.0,Pending,,Final Issued,63.8,2026-08-15
SIH26017-PRJ-000176,23,21,80.2,19.0,21.6,Partially Digitized,5.0,Clear,,Final Issued,71.0,2026-08-15
SIH26017-PRJ-000177,27,17,78.5,19.4,0.1,Not Digitized,19.0,Clear,,Final Issued,72.5,2025-10-22
SIH26017-PRJ-000178,134,115,71.9,25.0,4.1,Partially Digitized,59.2,Pending,,Not Issued,42.5,2024-06-28
SIH26017-PRJ-000179,115,107,81.2,13.3,15.2,Partially Digitized,5.0,Clear,,Final Issued,76.3,2026-08-15
SIH26017-PRJ-000180,51,32,82.7,9.3,20.7,Partially Digitized,63.0,Clear,,Not Issued,25.6,2019-06-08
SIH26017-PRJ-000181,156,142,66.0,33.5,28.2,Not Digitized,51.4,Pending,47.0,Not Issued,40.1,2024-10-25
SIH26017-PRJ-000182,206,176,72.8,20.3,3.0,Fully Digitized,5.0,Pending,,Final Issued,89.8,2026-08-15
SIH26017-PRJ-000183,247,155,77.9,26.7,3.4,Partially Digitized,25.7,Clear,,Final Issued,74.7,2026-02-17
SIH26017-PRJ-000184,5038,4500,67.8,36.6,23.2,Fully Digitized,42.2,Pending,54.5,Final Issued,59.7,2025-04-12
SIH26017-PRJ-000185,2062,1626,37.0,53.2,18.0,Partially Digitized,89.5,Encumbered,,Not Issued,0.9,2018-07-23
SIH26017-PRJ-000186,17,10,71.5,36.6,23.5,Partially Digitized,70.6,Pending,,Not Issued,23.7,2020-08-05
SIH26017-PRJ-000187,110,73,74.0,21.4,18.1,Partially Digitized,5.0,Pending,,Final Issued,75.3,2026-08-15
SIH26017-PRJ-000188,5835,3447,89.0,12.0,2.6,Partially Digitized,5.0,Clear,82.8,Final Issued,73.6,2026-08-15
SIH26017-PRJ-000189,2615,1846,67.5,33.3,20.0,Fully Digitized,5.0,Pending,61.4,Final Issued,50.2,2026-08-15
SIH26017-PRJ-000190,799,479,74.1,29.6,10.9,Fully Digitized,54.5,Pending,52.5,Not Issued,25.7,2021-07-10
SIH26017-PRJ-000191,85,49,75.6,22.7,15.6,Fully Digitized,5.0,Clear,,Final Issued,75.1,2026-08-15
SIH26017-PRJ-000192,1262,975,68.2,35.2,20.9,Not Digitized,5.0,Pending,53.3,Final Issued,78.5,2026-08-15
SIH26017-PRJ-000193,75,46,84.4,22.4,9.5,Partially Digitized,5.0,Clear,,Final Issued,81.1,2026-08-15
SIH26017-PRJ-000194,45,36,61.4,36.0,15.8,Fully Digitized,5.0,Pending,,Final Issued,71.7,2026-08-15
SIH26017-PRJ-000195,34,28,55.3,40.5,22.6,Fully Digitized,5.0,Pending,,Final Issued,73.2,2026-08-15
SIH26017-PRJ-000196,2911,1769,67.0,35.2,20.6,Fully Digitized,52.3,Pending,,Draft Issued,36.6,2024-05-30
SIH26017-PRJ-000197,2875,2140,53.4,45.3,24.0,Not Digitized,5.0,Pending,60.0,Final Issued,87.8,2026-08-15
SIH26017-PRJ-000198,130,116,63.2,42.9,17.9,Fully Digitized,65.5,Pending,,Not Issued,14.2,2022-06-27
SIH26017-PRJ-000199,4945,3883,41.2,54.5,19.3,Partially Digitized,71.7,Pending,41.0,Not Issued,17.1,2024-11-24
SIH26017-PRJ-000200,204,122,81.8,13.1,22.1,Not Digitized,15.4,Clear,,Final Issued,73.3,2025-12-09
SIH26017-PRJ-000201,1737,1277,69.3,32.9,12.3,Fully Digitized,26.1,Pending,,Final Issued,67.3,2025-07-30
SIH26017-PRJ-000202,33,19,70.2,27.0,13.1,Partially Digitized,5.0,Pending,,Final Issued,79.7,2026-08-15
SIH26017-PRJ-000203,4003,3556,56.2,46.8,9.5,Fully Digitized,40.5,Pending,59.9,Draft Issued,39.4,2025-04-10
SIH26017-PRJ-000204,661,462,56.9,46.6,15.1,Not Digitized,36.6,Pending,,Final Issued,43.4,2023-12-23
SIH26017-PRJ-000205,871,726,60.4,30.5,16.2,Not Digitized,69.5,Pending,,Not Issued,1.0,2024-04-18
SIH26017-PRJ-000206,8,6,71.3,27.6,22.5,Fully Digitized,39.5,Pending,,Final Issued,51.2,2023-05-03
SIH26017-PRJ-000207,2406,2131,69.2,34.6,13.0,Fully Digitized,63.8,Pending,52.7,Draft Issued,33.6,2021-09-12
SIH26017-PRJ-000208,3194,2505,76.6,25.6,20.6,Not Digitized,47.2,Clear,49.3,Draft Issued,47.8,2024-11-05
SIH26017-PRJ-000209,113,65,49.0,48.4,9.5,Partially Digitized,5.0,Pending,,Final Issued,73.5,2026-08-15
SIH26017-PRJ-000210,6000,4500,53.8,54.4,9.9,Partially Digitized,5.0,Pending,55.0,Final Issued,76.6,2026-08-15
SIH26017-PRJ-000211,524,450,100.0,0.5,12.8,Fully Digitized,5.0,Clear,,Final Issued,86.7,2026-08-15
SIH26017-PRJ-000212,166,153,84.9,15.2,7.0,Partially Digitized,30.3,Clear,,Final Issued,66.0,2023-04-03
SIH26017-PRJ-000213,3758,3405,78.8,22.9,21.8,Fully Digitized,5.0,Clear,73.6,Final Issued,74.4,2026-08-15
SIH26017-PRJ-000214,233,156,96.3,5.1,9.1,Partially Digitized,5.0,Clear,,Final Issued,81.9,2026-08-15
SIH26017-PRJ-000215,2435,1983,66.2,39.4,34.1,Partially Digitized,36.0,Pending,,Final Issued,43.0,2023-03-20
SIH26017-PRJ-000216,204,181,59.8,44.9,24.5,Partially Digitized,23.3,Pending,,Final Issued,76.4,2025-06-06
SIH26017-PRJ-000217,966,838,64.2,33.5,17.1,Fully Digitized,5.0,Pending,73.2,Final Issued,72.7,2026-08-15
SIH26017-PRJ-000218,1041,957,79.8,20.1,5.2,Partially Digitized,48.9,Clear,67.6,Final Issued,49.4,2023-02-07
SIH26017-PRJ-000219,1679,1612,89.5,6.5,19.1,Partially Digitized,5.0,Clear,,Final Issued,75.7,2026-08-15
SIH26017-PRJ-000220,2613,1824,87.9,17.0,20.1,Not Digitized,5.0,Clear,,Final Issued,84.1,2026-08-15
SIH26017-PRJ-000221,38,30,99.6,0.4,2.6,Partially Digitized,5.0,Clear,,Final Issued,91.3,2026-08-15
SIH26017-PRJ-000222,2076,1580,61.5,48.0,19.4,Partially Digitized,5.0,Pending,,Final Issued,79.4,2026-08-15
SIH26017-PRJ-000223,869,660,40.8,56.5,18.1,Fully Digitized,65.4,Pending,,Not Issued,21.6,2021-08-16
SIH26017-PRJ-000224,231,165,81.5,13.9,13.4,Fully Digitized,5.0,Clear,,Final Issued,80.1,2026-08-15
SIH26017-PRJ-000225,2364,1937,76.4,20.2,17.6,Partially Digitized,5.0,Clear,54.9,Final Issued,82.4,2026-08-15
SIH26017-PRJ-000226,544,355,76.2,20.8,6.9,Partially Digitized,5.0,Clear,68.1,Final Issued,81.8,2026-08-15
SIH26017-PRJ-000227,24,16,81.0,28.6,26.8,Fully Digitized,28.6,Clear,,Final Issued,71.4,2025-06-03
SIH26017-PRJ-000228,164,132,49.2,56.1,9.7,Partially Digitized,27.7,Pending,,Final Issued,67.5,2026-01-17
SIH26017-PRJ-000229,566,394,74.3,29.0,17.1,Fully Digitized,22.7,Pending,,Final Issued,74.3,2025-05-20
SIH26017-PRJ-000230,249,198,76.5,17.6,11.5,Not Digitized,20.2,Clear,,Final Issued,73.1,2024-08-12
SIH26017-PRJ-000231,404,301,61.4,37.8,14.1,Not Digitized,5.0,Pending,,Final Issued,66.2,2026-08-15
SIH26017-PRJ-000232,160,98,46.0,50.3,26.9,Partially Digitized,27.4,Pending,,Final Issued,59.3,2025-06-03
SIH26017-PRJ-000233,313,202,87.2,10.5,11.2,Fully Digitized,11.7,Clear,,Final Issued,75.6,2025-10-18
SIH26017-PRJ-000234,23,15,66.8,37.6,26.9,Partially Digitized,5.0,Pending,,Final Issued,78.9,2026-08-15
SIH26017-PRJ-000235,180,114,59.4,45.5,18.6,Fully Digitized,10.9,Pending,63.1,Final Issued,78.0,2025-08-31
SIH26017-PRJ-000236,744,514,75.7,30.4,23.6,Partially Digitized,27.6,Clear,,Final Issued,57.8,2025-05-04
SIH26017-PRJ-000237,11,9,57.8,39.8,10.6,Fully Digitized,5.0,Pending,,Final Issued,62.6,2026-08-15
SIH26017-PRJ-000238,1483,1029,59.7,35.5,13.5,Fully Digitized,13.0,Pending,49.4,Final Issued,68.4,2025-09-11
SIH26017-PRJ-000239,94,69,82.1,16.1,12.2,Partially Digitized,5.0,Clear,,Final Issued,81.9,2026-08-15
SIH26017-PRJ-000240,94,55,81.4,13.7,16.9,Partially Digitized,5.0,Clear,,Final Issued,81.1,2026-08-15
SIH26017-PRJ-000241,3210,2154,72.8,28.0,9.6,Partially Digitized,10.9,Pending,,Final Issued,80.0,2025-10-18
SIH26017-PRJ-000242,210,170,53.0,53.2,19.2,Not Digitized,35.9,Pending,,Draft Issued,41.3,2025-05-01
SIH26017-PRJ-000243,6000,4500,61.9,33.0,19.0,Partially Digitized,34.2,Pending,48.4,Draft Issued,43.6,2025-01-24
SIH26017-PRJ-000244,70,53,83.0,13.7,8.8,Partially Digitized,5.0,Clear,,Final Issued,85.4,2026-08-15
SIH26017-PRJ-000245,973,955,56.9,45.1,18.8,Fully Digitized,5.0,Pending,,Final Issued,81.0,2026-08-15
SIH26017-PRJ-000246,4154,2514,47.7,56.2,37.8,Fully Digitized,11.8,Pending,60.8,Final Issued,72.8,2025-09-29
SIH26017-PRJ-000247,308,173,71.8,27.3,21.8,Not Digitized,5.0,Pending,,Final Issued,75.8,2026-08-15
SIH26017-PRJ-000248,178,130,58.8,33.8,14.2,Partially Digitized,5.0,Pending,,Final Issued,72.4,2026-08-15
SIH26017-PRJ-000249,188,119,100.0,3.1,14.6,Partially Digitized,5.0,Clear,,Final Issued,82.6,2026-08-15
SIH26017-PRJ-000250,81,46,80.6,18.4,26.6,Fully Digitized,5.0,Clear,,Final Issued,55.5,2026-08-15
SIH26017-PRJ-000251,143,91,57.3,52.6,14.6,Not Digitized,5.0,Pending,,Final Issued,72.9,2026-08-15
SIH26017-PRJ-000252,55,44,85.5,17.4,16.7,Partially Digitized,5.0,Clear,,Final Issued,73.5,2026-08-15
SIH26017-PRJ-000253,1400,910,61.6,33.4,6.1,Partially Digitized,72.9,Pending,,Not Issued,1.0,2016-10-19
SIH26017-PRJ-000254,377,230,69.5,23.5,15.5,Partially Digitized,5.0,Pending,,Final Issued,76.9,2026-08-15
SIH26017-PRJ-000255,237,157,53.9,51.8,14.3,Not Digitized,24.0,Pending,,Final Issued,70.0,2025-02-09
SIH26017-PRJ-000256,75,67,70.5,26.0,12.7,Fully Digitized,5.0,Pending,,Final Issued,84.2,2026-08-15
SIH26017-PRJ-000257,150,87,68.0,32.5,15.4,Partially Digitized,5.0,Pending,,Final Issued,91.6,2026-08-15
SIH26017-PRJ-000258,691,424,77.7,17.6,0.0,Partially Digitized,5.0,Clear,,Final Issued,73.3,2026-08-15
SIH26017-PRJ-000259,8,5,65.4,40.7,18.1,Partially Digitized,5.0,Pending,,Final Issued,68.6,2026-08-15
SIH26017-PRJ-000260,3149,2047,56.3,44.1,19.3,Fully Digitized,16.6,Pending,51.4,Final Issued,78.4,2025-02-21
SIH26017-PRJ-000261,2872,1992,56.4,39.1,19.9,Fully Digitized,5.0,Pending,,Final Issued,76.9,2026-08-15
SIH26017-PRJ-000262,16,15,83.8,11.8,15.7,Partially Digitized,5.0,Clear,,Final Issued,72.3,2026-08-15
SIH26017-PRJ-000263,136,116,79.7,13.0,12.5,Partially Digitized,5.0,Clear,41.7,Final Issued,91.6,2026-08-15
SIH26017-PRJ-000264,726,410,71.1,26.3,8.4,Partially Digitized,58.8,Pending,,Draft Issued,36.7,2023-10-27
SIH26017-PRJ-000265,236,138,54.0,49.7,8.6,Partially Digitized,5.0,Pending,,Final Issued,66.2,2026-08-15
SIH26017-PRJ-000266,6000,4500,74.7,36.3,21.7,Fully Digitized,72.9,Pending,71.9,Not Issued,28.1,2025-06-26
SIH26017-PRJ-000267,1339,1057,74.6,26.7,6.7,Partially Digitized,92.5,Pending,,Not Issued,12.2,2025-01-02
SIH26017-PRJ-000268,96,95,47.2,46.5,18.0,Partially Digitized,68.3,Pending,,Not Issued,25.7,2020-03-07
SIH26017-PRJ-000269,136,76,77.8,18.7,14.0,Partially Digitized,42.0,Clear,,Final Issued,53.5,2024-12-03
SIH26017-PRJ-000270,6000,3885,74.3,25.7,26.5,Partially Digitized,78.8,Pending,52.6,Not Issued,10.6,2022-09-20
SIH26017-PRJ-000271,78,75,74.1,23.0,15.9,Not Digitized,5.0,Pending,,Final Issued,81.6,2026-08-15
SIH26017-PRJ-000272,132,75,65.4,32.8,21.1,Partially Digitized,5.0,Pending,,Final Issued,78.7,2026-08-15
SIH26017-PRJ-000273,68,50,75.7,20.7,17.6,Not Digitized,5.0,Clear,,Final Issued,90.7,2026-08-15
SIH26017-PRJ-000274,2176,1289,57.8,41.2,25.8,Partially Digitized,22.0,Pending,70.4,Final Issued,53.0,2024-07-13
SIH26017-PRJ-000275,1366,988,69.3,22.4,23.3,Partially Digitized,46.6,Pending,,Final Issued,37.4,2022-01-23
SIH26017-PRJ-000276,488,362,63.6,35.1,11.9,Fully Digitized,33.0,Pending,,Final Issued,57.2,2024-11-02
SIH26017-PRJ-000277,3273,2938,64.8,35.4,20.7,Partially Digitized,5.0,Pending,56.6,Final Issued,65.1,2026-08-15
SIH26017-PRJ-000278,154,133,61.1,43.3,11.4,Partially Digitized,5.0,Pending,,Final Issued,83.7,2026-08-15
SIH26017-PRJ-000279,989,885,64.5,30.8,15.2,Not Digitized,23.5,Pending,,Final Issued,65.1,2024-07-29
SIH26017-PRJ-000280,11,9,76.7,22.6,10.8,Fully Digitized,5.0,Clear,,Final Issued,93.5,2026-08-15
SIH26017-PRJ-000281,5996,3371,76.4,21.0,22.0,Fully Digitized,71.6,Clear,38.6,Not Issued,17.3,2025-03-19
SIH26017-PRJ-000282,2156,1710,61.0,39.4,14.8,Not Digitized,51.4,Pending,62.1,Not Issued,9.9,2021-11-27
SIH26017-PRJ-000283,210,128,86.8,16.2,9.7,Partially Digitized,74.4,Clear,,Not Issued,11.7,2023-08-29
SIH26017-PRJ-000284,252,143,63.8,37.4,11.4,Not Digitized,5.0,Pending,,Final Issued,78.4,2026-08-15
SIH26017-PRJ-000285,308,231,83.9,16.7,18.2,Partially Digitized,5.0,Clear,,Final Issued,68.7,2026-08-15
SIH26017-PRJ-000286,111,92,97.6,3.4,9.5,Partially Digitized,5.0,Clear,,Final Issued,89.3,2026-08-15
SIH26017-PRJ-000287,2971,1704,77.6,23.2,17.4,Not Digitized,5.0,Clear,,Final Issued,88.5,2026-08-15
SIH26017-PRJ-000288,1875,1684,52.2,42.7,21.1,Partially Digitized,72.5,Pending,66.9,Not Issued,1.2,2017-02-08
SIH26017-PRJ-000289,128,120,71.2,35.3,24.9,Fully Digitized,5.0,Pending,,Final Issued,63.6,2026-08-15
SIH26017-PRJ-000290,3923,2181,67.7,37.3,23.4,Partially Digitized,28.8,Pending,,Final Issued,55.2,2024-04-24
SIH26017-PRJ-000291,71,69,78.5,23.3,9.7,Not Digitized,5.0,Clear,,Final Issued,77.9,2026-08-15
SIH26017-PRJ-000292,256,170,58.3,38.3,18.2,Fully Digitized,95.0,Pending,,Not Issued,1.2,2021-08-12
SIH26017-PRJ-000293,423,326,79.2,20.2,17.8,Fully Digitized,5.0,Clear,,Final Issued,77.3,2026-08-15
SIH26017-PRJ-000294,257,160,66.6,33.5,27.4,Partially Digitized,36.1,Pending,,Final Issued,44.0,2023-06-10
SIH26017-PRJ-000295,4047,2965,67.1,38.5,9.1,Partially Digitized,70.1,Pending,78.6,Not Issued,12.7,2023-03-16
SIH26017-PRJ-000296,30,27,72.7,27.6,11.0,Partially Digitized,5.0,Pending,,Final Issued,85.9,2026-08-15
SIH26017-PRJ-000297,1992,1476,60.8,37.3,11.8,Fully Digitized,75.7,Pending,,Not Issued,1.3,2021-11-09
SIH26017-PRJ-000298,4142,2922,88.4,9.0,9.5,Not Digitized,5.0,Clear,47.7,Final Issued,78.4,2026-08-15
SIH26017-PRJ-000299,105,97,68.2,34.7,15.2,Partially Digitized,5.0,Pending,,Final Issued,76.3,2026-08-15
SIH26017-PRJ-000300,80,56,83.5,24.1,12.5,Fully Digitized,5.0,Clear,,Final Issued,96.8,2026-08-15
SIH26017-PRJ-000301,215,142,74.7,19.6,24.2,Fully Digitized,5.0,Pending,,Final Issued,63.3,2026-08-15
SIH26017-PRJ-000302,499,401,77.7,20.9,8.2,Fully Digitized,19.8,Clear,,Final Issued,76.1,2024-12-02
SIH26017-PRJ-000303,38,25,58.7,41.4,13.9,Fully Digitized,5.0,Pending,,Final Issued,72.9,2026-08-15
SIH26017-PRJ-000304,227,148,99.9,2.5,8.8,Partially Digitized,5.0,Clear,,Final Issued,91.1,2026-08-15
SIH26017-PRJ-000305,360,337,58.5,40.4,11.7,Fully Digitized,19.9,Pending,,Final Issued,68.6,2025-04-10
SIH26017-PRJ-000306,15,9,79.6,22.1,0.0,Fully Digitized,5.0,Clear,,Final Issued,95.4,2026-08-15
SIH26017-PRJ-000307,18,15,85.1,9.5,9.0,Fully Digitized,5.0,Clear,,Final Issued,94.6,2026-08-15
SIH26017-PRJ-000308,651,411,69.2,23.6,13.6,Partially Digitized,5.0,Pending,,Final Issued,80.8,2026-08-15
SIH26017-PRJ-000309,78,45,84.2,15.6,9.4,Not Digitized,5.0,Clear,,Final Issued,97.5,2026-08-15
SIH26017-PRJ-000310,358,275,77.8,18.9,9.8,Fully Digitized,46.2,Clear,,Not Issued,13.0,2018-11-07
SIH26017-PRJ-000311,1192,1112,65.1,32.5,14.5,Not Digitized,49.0,Pending,52.9,Not Issued,13.5,2023-05-25
SIH26017-PRJ-000312,2178,1269,73.3,29.5,24.8,Partially Digitized,47.4,Pending,47.8,Final Issued,54.1,2023-06-10
SIH26017-PRJ-000313,72,47,77.9,23.2,13.9,Fully Digitized,60.1,Clear,,Not Issued,38.6,2025-03-13
SIH26017-PRJ-000314,360,225,70.0,23.6,13.3,Fully Digitized,79.5,Pending,,Not Issued,13.5,2025-02-20
SIH26017-PRJ-000315,176,112,59.4,35.2,17.3,Partially Digitized,5.0,Pending,,Final Issued,86.7,2026-08-15
SIH26017-PRJ-000316,3808,2392,68.2,33.8,21.6,Partially Digitized,5.0,Pending,67.3,Final Issued,66.5,2026-08-15
SIH26017-PRJ-000317,100,69,77.3,18.9,2.1,Fully Digitized,5.0,Clear,,Final Issued,76.6,2026-08-15
SIH26017-PRJ-000318,243,163,70.8,27.2,20.1,Partially Digitized,11.3,Pending,,Final Issued,84.4,2026-04-04
SIH26017-PRJ-000319,3393,3363,68.7,36.5,19.7,Partially Digitized,28.5,Pending,41.4,Final Issued,47.4,2024-12-17
SIH26017-PRJ-000320,747,416,53.9,48.9,12.1,Fully Digitized,21.7,Pending,,Final Issued,47.2,2025-01-10
SIH26017-PRJ-000321,1862,1162,64.6,35.6,29.1,Partially Digitized,38.0,Pending,,Final Issued,55.2,2025-03-12
SIH26017-PRJ-000322,293,216,52.2,55.2,11.0,Partially Digitized,5.0,Pending,,Final Issued,92.4,2026-08-15
SIH26017-PRJ-000323,261,173,67.8,40.3,29.2,Not Digitized,38.6,Pending,,Final Issued,54.0,2023-04-22
SIH26017-PRJ-000324,868,515,88.5,5.6,17.2,Fully Digitized,33.5,Clear,,Final Issued,57.4,2025-01-03
SIH26017-PRJ-000325,2737,1852,77.6,20.5,1.6,Fully Digitized,30.4,Clear,64.2,Final Issued,70.0,2025-12-24
SIH26017-PRJ-000326,1078,798,61.2,38.5,17.8,Fully Digitized,5.0,Pending,48.9,Final Issued,73.1,2026-08-15
SIH26017-PRJ-000327,377,351,78.4,15.5,1.1,Partially Digitized,5.0,Clear,,Final Issued,93.0,2026-08-15
SIH26017-PRJ-000328,94,71,68.7,27.6,14.5,Fully Digitized,5.0,Pending,,Final Issued,65.3,2026-08-15
SIH26017-PRJ-000329,3735,2817,55.7,34.7,27.4,Partially Digitized,21.8,Pending,33.8,Final Issued,67.7,2025-03-29
SIH26017-PRJ-000330,38,30,62.3,31.3,13.2,Partially Digitized,5.0,Pending,,Final Issued,82.9,2026-08-15
SIH26017-PRJ-000331,567,394,50.9,47.8,16.9,Partially Digitized,5.0,Pending,,Final Issued,66.0,2026-08-15
SIH26017-PRJ-000332,158,101,68.3,33.8,7.7,Not Digitized,5.0,Pending,,Final Issued,75.6,2026-08-15
SIH26017-PRJ-000333,474,423,87.5,10.6,19.3,Not Digitized,82.2,Clear,,Not Issued,12.5,2020-03-04
SIH26017-PRJ-000334,728,443,75.1,25.3,14.2,Partially Digitized,52.1,Clear,,Not Issued,26.9,2023-11-11
SIH26017-PRJ-000335,3145,2338,51.3,49.4,24.2,Not Digitized,27.2,Pending,,Final Issued,59.8,2025-06-30
SIH26017-PRJ-000336,410,233,71.3,25.6,11.1,Not Digitized,22.7,Pending,,Final Issued,70.8,2025-01-24
SIH26017-PRJ-000337,8,7,67.4,29.6,7.2,Partially Digitized,18.6,Pending,,Final Issued,63.0,2025-10-19
SIH26017-PRJ-000338,244,189,84.0,11.5,15.6,Not Digitized,5.0,Clear,,Final Issued,77.0,2026-08-15
SIH26017-PRJ-000339,2287,1523,78.1,18.8,13.2,Fully Digitized,5.0,Clear,,Final Issued,67.5,2026-08-15
SIH26017-PRJ-000340,374,351,76.4,24.6,20.9,Partially Digitized,5.0,Clear,,Final Issued,64.0,2026-08-15
SIH26017-PRJ-000341,510,312,71.1,27.9,10.5,Fully Digitized,34.9,Pending,,Final Issued,46.5,2025-08-23
SIH26017-PRJ-000342,83,65,66.2,25.9,19.5,Partially Digitized,70.4,Pending,,Not Issued,24.7,2020-07-25
SIH26017-PRJ-000343,123,85,69.5,24.5,25.7,Partially Digitized,44.0,Pending,,Draft Issued,46.6,2025-03-16
SIH26017-PRJ-000344,207,181,81.2,21.3,5.7,Partially Digitized,5.0,Clear,,Final Issued,83.5,2026-08-15
SIH26017-PRJ-000345,329,279,66.6,30.8,22.7,Partially Digitized,5.0,Pending,,Final Issued,74.0,2026-08-15
SIH26017-PRJ-000346,6000,4500,72.2,29.1,13.2,Fully Digitized,28.5,Pending,51.8,Final Issued,65.5,2025-04-22
SIH26017-PRJ-000347,1418,1179,94.2,6.4,19.6,Fully Digitized,5.0,Clear,,Final Issued,87.3,2026-08-15
SIH26017-PRJ-000348,89,77,59.8,34.4,16.5,Partially Digitized,5.0,Pending,,Final Issued,70.1,2026-07-11
SIH26017-PRJ-000349,148,105,91.8,5.5,1.2,Not Digitized,5.0,Clear,,Final Issued,77.8,2026-08-15
SIH26017-PRJ-000350,188,116,56.5,45.0,7.0,Fully Digitized,5.0,Pending,,Final Issued,77.7,2026-08-15
SIH26017-PRJ-000351,2104,2084,76.1,20.2,27.3,Fully Digitized,34.6,Clear,,Final Issued,45.7,2024-12-10
SIH26017-PRJ-000352,5232,3047,49.1,54.9,4.6,Partially Digitized,55.8,Pending,51.8,Draft Issued,31.3,2024-12-30
SIH26017-PRJ-000353,1446,1370,61.6,38.7,29.2,Partially Digitized,43.6,Pending,,Draft Issued,49.6,2025-08-16
SIH26017-PRJ-000354,67,56,83.9,14.1,9.7,Partially Digitized,32.2,Clear,,Final Issued,50.7,2025-12-17
SIH26017-PRJ-000355,1942,1554,75.5,24.5,10.6,Fully Digitized,52.9,Clear,58.3,Not Issued,32.8,2024-10-07
SIH26017-PRJ-000356,123,96,63.9,33.9,13.0,Not Digitized,13.3,Pending,,Final Issued,65.5,2026-03-03
SIH26017-PRJ-000357,5471,4370,63.3,23.0,10.4,Fully Digitized,95.0,Pending,65.3,Not Issued,1.1,2019-08-12
SIH26017-PRJ-000358,2059,1542,71.1,29.4,19.3,Not Digitized,83.6,Pending,,Not Issued,14.6,2021-12-30
SIH26017-PRJ-000359,2716,2120,54.9,55.5,18.5,Not Digitized,5.0,Pending,,Final Issued,75.8,2026-08-15
SIH26017-PRJ-000360,468,427,63.5,45.7,6.4,Partially Digitized,5.0,Pending,,Final Issued,66.7,2026-08-15
SIH26017-PRJ-000361,55,38,71.1,28.8,11.5,Partially Digitized,5.0,Pending,,Final Issued,70.0,2026-08-15
SIH26017-PRJ-000362,461,331,75.1,21.8,13.3,Partially Digitized,5.0,Clear,,Final Issued,66.3,2026-08-15
SIH26017-PRJ-000363,946,610,72.2,27.9,9.2,Not Digitized,5.0,Pending,78.3,Final Issued,93.0,2026-08-15
SIH26017-PRJ-000364,4227,2461,62.0,45.4,21.9,Partially Digitized,15.0,Pending,61.3,Final Issued,60.8,2025-06-08
SIH26017-PRJ-000365,794,733,66.9,27.9,10.1,Fully Digitized,5.0,Pending,,Final Issued,77.5,2026-08-15
SIH26017-PRJ-000366,144,82,93.0,17.3,4.2,Partially Digitized,63.6,Clear,,Not Issued,15.1,2019-11-06
SIH26017-PRJ-000367,6000,4500,51.6,44.3,18.8,Fully Digitized,76.2,Pending,70.3,Not Issued,21.5,2023-08-02
SIH26017-PRJ-000368,643,376,76.9,23.2,15.4,Partially Digitized,5.0,Clear,,Final Issued,79.2,2026-08-15
SIH26017-PRJ-000369,1125,717,69.0,33.0,14.7,Partially Digitized,5.0,Pending,,Final Issued,69.8,2026-08-15
SIH26017-PRJ-000370,144,82,62.2,42.6,6.0,Partially Digitized,5.0,Pending,,Final Issued,74.7,2026-08-15
SIH26017-PRJ-000371,6000,4500,72.1,26.6,19.1,Partially Digitized,5.0,Pending,49.0,Final Issued,59.4,2026-08-15
SIH26017-PRJ-000372,405,245,76.7,13.4,15.3,Partially Digitized,51.3,Clear,,Not Issued,37.5,2025-03-12
SIH26017-PRJ-000373,113,95,70.0,30.1,14.4,Fully Digitized,5.0,Pending,,Final Issued,81.9,2026-08-15
SIH26017-PRJ-000374,1102,692,78.6,22.8,13.0,Fully Digitized,5.0,Clear,66.1,Final Issued,79.7,2026-08-15
SIH26017-PRJ-000375,84,66,74.1,27.2,16.7,Fully Digitized,5.0,Pending,,Final Issued,77.7,2026-08-15
SIH26017-PRJ-000376,444,255,77.3,22.4,15.8,Partially Digitized,5.0,Clear,,Final Issued,96.6,2026-08-15
SIH26017-PRJ-000377,3507,3499,58.0,49.4,18.0,Partially Digitized,43.2,Pending,67.2,Draft Issued,39.6,2025-09-15
SIH26017-PRJ-000378,5722,3299,75.3,28.4,21.2,Partially Digitized,5.0,Clear,53.9,Final Issued,69.0,2026-08-15
SIH26017-PRJ-000379,184,121,79.8,19.9,22.4,Partially Digitized,5.0,Clear,,Final Issued,79.9,2026-08-15
SIH26017-PRJ-000380,2421,1735,69.9,30.2,24.5,Partially Digitized,10.2,Pending,,Final Issued,82.6,2026-03-14
SIH26017-PRJ-000381,2578,1434,69.5,27.2,26.2,Not Digitized,58.9,Pending,55.2,Draft Issued,40.0,2020-04-13
SIH26017-PRJ-000382,4204,2346,64.7,31.8,13.0,Partially Digitized,47.3,Pending,,Not Issued,30.8,2024-11-15
SIH26017-PRJ-000383,138,80,85.3,9.7,11.3,Not Digitized,68.3,Clear,,Draft Issued,37.1,2024-02-05
SIH26017-PRJ-000384,55,52,88.4,2.1,8.0,Partially Digitized,5.0,Clear,,Final Issued,86.0,2026-08-15
SIH26017-PRJ-000385,4625,2797,83.7,18.3,16.3,Partially Digitized,5.0,Clear,63.2,Final Issued,70.4,2026-08-15
SIH26017-PRJ-000386,254,144,78.3,28.6,1.1,Partially Digitized,19.9,Clear,,Final Issued,78.3,2025-07-11
SIH26017-PRJ-000387,109,68,74.3,21.4,21.7,Partially Digitized,5.0,Pending,,Final Issued,94.8,2026-08-15
SIH26017-PRJ-000388,4790,2808,65.5,30.2,16.7,Partially Digitized,5.0,Pending,,Final Issued,79.4,2026-08-15
SIH26017-PRJ-000389,6000,4500,77.8,22.6,19.8,Partially Digitized,67.7,Clear,50.9,Not Issued,22.2,2025-02-10
SIH26017-PRJ-000390,333,256,63.6,37.9,5.3,Fully Digitized,25.5,Pending,,Final Issued,81.6,2025-09-18
SIH26017-PRJ-000391,1121,919,75.2,27.8,26.0,Partially Digitized,53.6,Clear,,Draft Issued,36.1,2023-01-09
SIH26017-PRJ-000392,2939,1879,56.8,37.0,15.7,Partially Digitized,82.6,Pending,,Not Issued,0.9,2019-06-14
SIH26017-PRJ-000393,342,201,75.8,28.1,11.9,Partially Digitized,5.0,Clear,,Final Issued,80.9,2026-08-15
SIH26017-PRJ-000394,476,437,65.4,23.7,9.4,Partially Digitized,62.7,Pending,,Not Issued,1.0,2017-05-22
SIH26017-PRJ-000395,74,63,69.3,32.0,18.4,Partially Digitized,5.0,Pending,,Final Issued,84.9,2026-08-15
SIH26017-PRJ-000396,247,159,91.0,11.4,19.4,Partially Digitized,5.0,Clear,,Final Issued,70.2,2026-08-15
SIH26017-PRJ-000397,354,222,59.0,42.9,16.6,Not Digitized,81.1,Pending,53.1,Not Issued,22.5,2025-05-12
SIH26017-PRJ-000398,304,172,76.7,26.5,0.2,Not Digitized,5.0,Clear,,Final Issued,91.0,2026-08-15
SIH26017-PRJ-000399,67,41,81.5,29.1,15.7,Partially Digitized,5.0,Clear,,Final Issued,90.2,2026-08-15
SIH26017-PRJ-000400,3667,2406,55.8,44.4,29.7,Not Digitized,11.3,Pending,43.2,Final Issued,85.1,2025-06-01
SIH26017-PRJ-000401,67,50,89.4,18.4,20.9,Not Digitized,26.7,Clear,,Final Issued,60.2,2026-01-01
SIH26017-PRJ-000402,217,137,42.9,49.9,21.3,Partially Digitized,5.0,Pending,,Final Issued,77.6,2026-08-15
SIH26017-PRJ-000403,1225,1015,69.4,29.6,14.5,Partially Digitized,62.6,Pending,54.3,Not Issued,29.9,2025-05-26
SIH26017-PRJ-000404,208,138,60.1,36.7,20.1,Partially Digitized,5.0,Pending,,Final Issued,95.3,2026-08-15
SIH26017-PRJ-000405,148,110,35.3,60.0,18.1,Fully Digitized,5.0,Encumbered,,Final Issued,77.5,2026-08-15
SIH26017-PRJ-000406,3200,2863,62.9,36.4,8.5,Fully Digitized,5.0,Pending,61.7,Final Issued,77.1,2026-08-15
SIH26017-PRJ-000407,3103,1867,56.9,47.0,1.5,Partially Digitized,60.5,Pending,,Draft Issued,29.4,2022-01-31
SIH26017-PRJ-000408,40,26,60.6,46.0,20.5,Not Digitized,5.0,Pending,,Final Issued,81.4,2026-08-15
SIH26017-PRJ-000409,3068,1778,75.5,20.4,11.5,Fully Digitized,5.0,Clear,,Final Issued,85.5,2026-08-15
SIH26017-PRJ-000410,128,125,72.4,31.9,10.0,Not Digitized,5.0,Pending,,Final Issued,64.5,2026-08-15
SIH26017-PRJ-000411,255,228,75.2,29.2,18.8,Fully Digitized,5.0,Clear,,Final Issued,84.4,2026-08-15
SIH26017-PRJ-000412,34,24,80.2,13.3,13.1,Not Digitized,45.5,Clear,,Draft Issued,38.3,2021-03-07
SIH26017-PRJ-000413,238,193,76.9,30.0,6.0,Fully Digitized,5.0,Clear,,Final Issued,77.0,2026-08-15
SIH26017-PRJ-000414,2414,1612,71.1,33.8,16.8,Partially Digitized,65.1,Pending,58.0,Not Issued,41.1,2025-06-07
SIH26017-PRJ-000415,6000,4500,75.0,24.4,17.5,Fully Digitized,22.3,Pending,45.5,Final Issued,67.0,2025-03-06
SIH26017-PRJ-000416,89,66,72.5,28.5,8.3,Partially Digitized,5.0,Pending,,Final Issued,93.2,2026-08-15
SIH26017-PRJ-000417,13,11,64.3,33.6,18.3,Fully Digitized,47.3,Pending,,Final Issued,44.0,2022-01-17
SIH26017-PRJ-000418,607,377,92.3,9.2,13.8,Partially Digitized,53.1,Clear,,Not Issued,27.6,2021-10-17
SIH26017-PRJ-000419,55,48,64.3,27.3,19.5,Partially Digitized,5.0,Pending,,Final Issued,77.2,2026-08-15
SIH26017-PRJ-000420,50,44,69.2,35.2,12.6,Not Digitized,23.9,Pending,,Final Issued,64.4,2025-10-16
SIH26017-PRJ-000421,138,118,87.3,11.6,17.8,Partially Digitized,5.0,Clear,,Final Issued,77.2,2026-08-15
SIH26017-PRJ-000422,1811,1090,69.9,28.1,16.7,Fully Digitized,58.2,Pending,,Not Issued,11.6,2024-12-30
SIH26017-PRJ-000423,233,176,54.4,45.2,16.3,Partially Digitized,5.0,Pending,,Final Issued,95.2,2026-08-15
SIH26017-PRJ-000424,521,297,93.3,6.5,7.5,Not Digitized,5.0,Clear,,Final Issued,84.3,2026-08-15
SIH26017-PRJ-000425,117,93,66.1,39.5,38.0,Fully Digitized,5.0,Pending,,Final Issued,81.5,2026-08-15
SIH26017-PRJ-000426,95,53,64.3,36.7,10.4,Fully Digitized,18.4,Pending,,Final Issued,65.9,2025-12-15
SIH26017-PRJ-000427,1387,985,42.1,49.5,29.9,Not Digitized,70.7,Pending,65.6,Not Issued,1.1,2017-01-13
SIH26017-PRJ-000428,2396,2073,71.6,29.3,17.1,Not Digitized,5.0,Pending,48.5,Final Issued,74.9,2026-08-15
SIH26017-PRJ-000429,2837,2283,62.1,32.9,19.6,Not Digitized,5.0,Pending,,Final Issued,68.9,2026-08-15
SIH26017-PRJ-000430,143,92,53.7,42.0,11.3,Partially Digitized,5.0,Pending,,Final Issued,85.9,2026-08-15
SIH26017-PRJ-000431,2594,2268,79.9,20.8,13.6,Partially Digitized,5.0,Clear,,Final Issued,86.5,2026-08-15
SIH26017-PRJ-000432,2746,1528,53.4,53.3,20.5,Partially Digitized,38.0,Pending,47.6,Final Issued,60.5,2024-07-05
SIH26017-PRJ-000433,911,737,52.8,39.2,29.3,Fully Digitized,5.0,Pending,,Final Issued,66.3,2026-08-15
SIH26017-PRJ-000434,3169,2730,75.0,25.9,20.3,Fully Digitized,59.7,Pending,54.1,Not Issued,26.0,2019-01-11
SIH26017-PRJ-000435,513,394,63.2,38.3,20.1,Not Digitized,5.0,Pending,,Final Issued,57.2,2026-08-15
SIH26017-PRJ-000436,49,32,98.5,1.8,24.2,Fully Digitized,5.0,Clear,,Final Issued,91.0,2026-08-15
SIH26017-PRJ-000437,319,282,73.3,30.1,14.6,Partially Digitized,5.0,Pending,,Final Issued,86.2,2026-08-15
SIH26017-PRJ-000438,2458,1844,72.4,30.2,28.8,Partially Digitized,5.0,Pending,,Final Issued,68.1,2026-08-15
SIH26017-PRJ-000439,969,641,69.7,24.0,19.7,Partially Digitized,28.3,Pending,,Final Issued,53.6,2025-02-09
SIH26017-PRJ-000440,4471,2678,72.0,21.8,20.0,Fully Digitized,5.0,Pending,,Final Issued,64.7,2026-08-01
SIH26017-PRJ-000441,1614,923,69.1,33.7,18.4,Not Digitized,5.0,Pending,,Final Issued,79.7,2026-08-15
SIH26017-PRJ-000442,186,137,74.5,32.8,23.7,Partially Digitized,5.0,Pending,,Final Issued,100.0,2026-08-15
SIH26017-PRJ-000443,270,202,78.2,25.1,10.8,Fully Digitized,5.0,Clear,,Final Issued,67.3,2026-08-15
SIH26017-PRJ-000444,46,44,66.9,35.1,11.5,Not Digitized,46.6,Pending,,Draft Issued,34.3,2024-10-06
SIH26017-PRJ-000445,515,308,57.3,41.0,14.8,Not Digitized,5.0,Pending,,Final Issued,66.4,2026-08-15
SIH26017-PRJ-000446,95,64,76.5,24.1,12.7,Partially Digitized,5.0,Clear,,Final Issued,89.5,2026-08-15
SIH26017-PRJ-000447,3646,2526,79.9,28.9,12.9,Fully Digitized,57.8,Clear,79.9,Not Issued,24.8,2023-04-07
SIH26017-PRJ-000448,1870,1514,71.4,33.1,20.6,Fully Digitized,28.6,Pending,37.3,Final Issued,64.7,2025-05-07
SIH26017-PRJ-000449,215,174,100.0,0.7,11.0,Not Digitized,5.0,Clear,,Final Issued,98.1,2026-08-15
SIH26017-PRJ-000450,109,67,73.7,28.8,16.1,Not Digitized,57.9,Pending,,Not Issued,12.0,2022-11-01
SIH26017-PRJ-000451,5939,3556,73.9,27.3,16.9,Partially Digitized,56.4,Pending,40.5,Draft Issued,32.1,2021-12-23
SIH26017-PRJ-000452,156,115,75.0,20.6,15.7,Fully Digitized,11.2,Pending,,Final Issued,89.7,2026-04-21
SIH26017-PRJ-000453,49,42,65.3,39.6,15.9,Fully Digitized,5.0,Pending,,Final Issued,65.9,2026-08-15
SIH26017-PRJ-000454,1250,739,52.7,49.7,28.9,Not Digitized,80.0,Pending,,Not Issued,26.4,2022-05-01
SIH26017-PRJ-000455,988,589,61.3,35.5,17.5,Partially Digitized,5.0,Pending,38.0,Final Issued,72.7,2026-08-15
SIH26017-PRJ-000456,10,6,71.9,31.1,18.7,Partially Digitized,5.0,Pending,,Final Issued,68.8,2026-08-15
SIH26017-PRJ-000457,1553,869,61.9,34.5,13.2,Partially Digitized,40.9,Pending,65.4,Final Issued,55.1,2024-10-06
SIH26017-PRJ-000458,124,123,51.1,45.2,23.4,Fully Digitized,5.0,Pending,,Final Issued,60.6,2026-08-15
SIH26017-PRJ-000459,573,449,80.5,21.0,8.8,Partially Digitized,21.4,Clear,,Final Issued,72.5,2026-02-15
SIH26017-PRJ-000460,4,3,74.2,25.1,14.2,Partially Digitized,5.0,Pending,,Final Issued,63.1,2026-08-15
SIH26017-PRJ-000461,286,185,63.4,42.3,9.0,Partially Digitized,51.0,Pending,,Not Issued,33.3,2024-07-15
SIH26017-PRJ-000462,954,687,66.4,28.9,14.1,Partially Digitized,45.5,Pending,,Final Issued,53.1,2025-01-11
SIH26017-PRJ-000463,109,101,62.1,48.1,5.9,Not Digitized,5.0,Pending,,Final Issued,79.9,2026-08-15
SIH26017-PRJ-000464,160,154,81.0,20.0,13.1,Partially Digitized,5.0,Clear,,Final Issued,85.4,2026-08-15
SIH26017-PRJ-000465,2849,2484,57.1,44.8,12.6,Not Digitized,75.1,Pending,49.5,Not Issued,13.4,2020-08-31
SIH26017-PRJ-000466,303,217,48.8,46.9,20.3,Partially Digitized,5.0,Pending,,Final Issued,84.7,2026-08-15
SIH26017-PRJ-000467,762,627,67.6,33.5,10.5,Fully Digitized,67.1,Pending,,Draft Issued,36.4,2023-10-18
SIH26017-PRJ-000468,100,72,82.4,15.9,30.2,Not Digitized,5.0,Clear,,Final Issued,75.3,2026-08-15
SIH26017-PRJ-000469,61,52,73.5,30.2,19.8,Partially Digitized,11.1,Pending,,Final Issued,81.5,2026-04-16
SIH26017-PRJ-000470,2024,1540,65.9,27.5,14.8,Fully Digitized,52.7,Pending,,Final Issued,48.7,2023-03-15
SIH26017-PRJ-000471,217,131,58.7,37.5,4.7,Fully Digitized,54.5,Pending,,Not Issued,14.1,2024-12-18
SIH26017-PRJ-000472,197,154,62.0,37.6,14.8,Not Digitized,5.0,Pending,,Final Issued,94.2,2026-08-15
SIH26017-PRJ-000473,153,96,93.2,4.4,8.0,Fully Digitized,5.0,Clear,,Final Issued,82.6,2026-08-15
SIH26017-PRJ-000474,8,6,96.2,0.9,8.9,Fully Digitized,5.0,Clear,,Final Issued,79.2,2026-08-15
SIH26017-PRJ-000475,3625,3457,51.7,50.5,5.1,Partially Digitized,5.0,Pending,59.0,Final Issued,86.2,2026-08-15
SIH26017-PRJ-000476,991,711,80.1,24.5,15.0,Fully Digitized,5.0,Clear,,Final Issued,71.8,2026-08-15
SIH26017-PRJ-000477,148,96,63.8,41.8,19.4,Partially Digitized,5.0,Pending,,Final Issued,66.5,2026-08-15
SIH26017-PRJ-000478,1874,1346,60.4,36.0,21.2,Partially Digitized,78.6,Pending,,Not Issued,25.8,2019-04-27
SIH26017-PRJ-000479,111,68,80.9,13.8,4.9,Fully Digitized,23.2,Clear,,Final Issued,73.6,2026-02-16
SIH26017-PRJ-000480,52,47,68.3,33.1,17.9,Partially Digitized,5.0,Pending,,Final Issued,67.1,2026-08-15
SIH26017-PRJ-000481,2225,1496,69.8,33.2,3.8,Partially Digitized,5.0,Pending,60.9,Final Issued,52.0,2026-08-15
SIH26017-PRJ-000482,2981,1690,80.1,28.0,12.9,Partially Digitized,5.0,Clear,,Final Issued,70.8,2026-08-15
SIH26017-PRJ-000483,164,104,59.4,41.6,6.7,Fully Digitized,84.6,Pending,,Not Issued,11.5,2018-07-17
SIH26017-PRJ-000484,418,247,60.5,37.3,21.4,Not Digitized,5.0,Pending,59.6,Final Issued,65.0,2026-08-15
SIH26017-PRJ-000485,420,311,82.6,14.6,18.1,Not Digitized,5.0,Clear,,Final Issued,76.3,2026-08-15
SIH26017-PRJ-000486,283,227,60.2,42.3,20.6,Fully Digitized,29.3,Pending,,Final Issued,42.9,2025-05-03
SIH26017-PRJ-000487,1648,1468,78.7,21.5,14.8,Partially Digitized,5.0,Clear,,Final Issued,63.4,2026-08-15
SIH26017-PRJ-000488,246,169,75.1,28.5,19.9,Partially Digitized,5.0,Clear,,Final Issued,73.2,2026-08-15
SIH26017-PRJ-000489,955,654,66.2,31.3,20.8,Fully Digitized,5.0,Pending,57.1,Final Issued,79.2,2026-08-15
SIH26017-PRJ-000490,138,135,32.8,55.8,17.4,Partially Digitized,75.6,Encumbered,,Not Issued,1.3,2016-08-23
SIH26017-PRJ-000491,591,382,76.9,26.8,19.0,Partially Digitized,34.2,Clear,74.2,Final Issued,64.4,2025-08-24
SIH26017-PRJ-000492,273,241,54.9,38.5,13.9,Partially Digitized,83.3,Pending,,Not Issued,12.8,2018-08-10
SIH26017-PRJ-000493,644,380,77.8,18.2,12.8,Partially Digitized,5.0,Clear,,Final Issued,68.4,2026-08-15
SIH26017-PRJ-000494,657,435,77.4,22.3,20.0,Not Digitized,29.7,Clear,,Final Issued,76.6,2025-12-30
SIH26017-PRJ-000495,48,28,80.6,14.9,15.3,Fully Digitized,5.0,Clear,,Final Issued,73.8,2026-08-15
SIH26017-PRJ-000496,2164,1911,58.7,44.2,16.4,Fully Digitized,11.4,Pending,,Final Issued,84.1,2025-09-28
SIH26017-PRJ-000497,1924,1306,46.3,54.9,14.2,Not Digitized,39.4,Pending,,Final Issued,58.6,2025-04-13
SIH26017-PRJ-000498,227,176,65.2,28.3,14.2,Partially Digitized,5.0,Pending,,Final Issued,77.4,2026-08-15
SIH26017-PRJ-000499,85,59,95.2,0.0,0.4,Partially Digitized,5.0,Clear,,Final Issued,74.1,2026-08-15
SIH26017-PRJ-000500,1481,1333,57.8,42.2,11.5,Partially Digitized,32.8,Pending,,Final Issued,57.1,2025-08-16
SIH26017-PRJ-000501,1187,1111,76.0,29.1,14.8,Fully Digitized,5.0,Clear,53.3,Final Issued,87.0,2026-07-15
SIH26017-PRJ-000502,59,35,71.6,29.9,4.2,Not Digitized,5.0,Pending,,Final Issued,83.1,2026-08-15
SIH26017-PRJ-000503,233,148,84.4,7.7,15.8,Fully Digitized,5.0,Clear,,Final Issued,86.1,2026-08-15
SIH26017-PRJ-000504,28,16,71.9,28.0,17.2,Fully Digitized,5.0,Pending,,Final Issued,75.2,2026-08-15
SIH26017-PRJ-000505,3355,1973,39.2,60.5,21.2,Fully Digitized,34.4,Encumbered,67.6,Final Issued,62.5,2023-02-11
SIH26017-PRJ-000506,1234,924,69.7,38.0,20.2,Fully Digitized,5.0,Pending,64.1,Final Issued,78.2,2026-08-15
SIH26017-PRJ-000507,924,545,77.3,17.2,0.0,Fully Digitized,5.0,Clear,,Final Issued,75.5,2026-08-15
SIH26017-PRJ-000508,255,189,66.9,33.0,12.6,Fully Digitized,31.5,Pending,,Final Issued,59.8,2025-11-10
SIH26017-PRJ-000509,1652,1024,60.7,40.8,20.7,Not Digitized,72.8,Pending,43.7,Not Issued,1.2,2021-01-07
SIH26017-PRJ-000510,94,57,67.2,32.2,18.5,Fully Digitized,5.0,Pending,,Final Issued,87.5,2026-08-15
SIH26017-PRJ-000511,166,148,58.8,42.6,15.0,Partially Digitized,80.7,Pending,,Not Issued,12.5,2020-03-09
SIH26017-PRJ-000512,443,309,72.4,27.1,26.4,Partially Digitized,40.4,Pending,,Draft Issued,45.5,2025-03-04
SIH26017-PRJ-000513,1511,1066,63.2,40.7,29.4,Partially Digitized,5.0,Pending,,Final Issued,74.7,2026-08-15
SIH26017-PRJ-000514,1474,1126,92.7,7.6,13.5,Not Digitized,5.0,Clear,68.9,Final Issued,82.7,2026-08-15
SIH26017-PRJ-000515,2209,1562,76.4,31.6,25.0,Not Digitized,23.7,Clear,51.6,Final Issued,53.9,2025-01-18
SIH26017-PRJ-000516,3801,3102,57.3,40.9,24.1,Not Digitized,37.0,Pending,47.5,Final Issued,43.5,2024-09-09
SIH26017-PRJ-000517,275,177,82.1,15.5,15.1,Fully Digitized,5.0,Clear,,Final Issued,82.3,2026-08-15
SIH26017-PRJ-000518,1478,1085,60.9,37.6,22.4,Partially Digitized,44.1,Pending,,Draft Issued,27.1,2025-04-17
SIH26017-PRJ-000519,646,372,69.9,28.0,23.4,Partially Digitized,50.7,Pending,,Final Issued,48.1,2023-03-23
SIH26017-PRJ-000520,242,161,63.4,37.2,14.9,Fully Digitized,35.8,Pending,,Final Issued,57.5,2022-09-30
SIH26017-PRJ-000521,171,110,70.1,20.5,28.8,Not Digitized,62.9,Pending,,Not Issued,1.3,2024-04-28
SIH26017-PRJ-000522,218,169,93.3,14.2,29.1,Fully Digitized,5.0,Clear,,Final Issued,74.6,2026-08-15
SIH26017-PRJ-000523,200,185,71.9,32.7,26.5,Fully Digitized,5.0,Pending,,Final Issued,74.3,2026-08-15
SIH26017-PRJ-000524,2249,1384,55.6,49.7,7.3,Not Digitized,54.6,Pending,,Not Issued,31.7,2025-01-05
SIH26017-PRJ-000525,32,27,72.0,29.5,15.1,Partially Digitized,5.0,Pending,,Final Issued,84.7,2026-08-15
SIH26017-PRJ-000526,82,71,81.7,15.9,19.8,Fully Digitized,79.9,Clear,,Not Issued,12.5,2019-02-21
SIH26017-PRJ-000527,480,461,48.6,47.9,0.0,Partially Digitized,5.0,Pending,,Final Issued,79.4,2026-08-15
SIH26017-PRJ-000528,6000,4500,67.3,45.1,35.4,Fully Digitized,5.0,Pending,62.3,Final Issued,66.4,2026-08-15
SIH26017-PRJ-000529,132,89,69.8,28.6,8.6,Partially Digitized,45.9,Pending,,Final Issued,60.5,2025-10-24
SIH26017-PRJ-000530,234,134,60.1,31.2,12.3,Partially Digitized,5.0,Pending,,Final Issued,62.7,2026-08-15
SIH26017-PRJ-000531,1992,1705,61.3,37.0,17.7,Fully Digitized,5.0,Pending,70.2,Final Issued,71.7,2026-08-15
SIH26017-PRJ-000532,1594,1363,67.9,30.3,19.6,Fully Digitized,5.0,Pending,59.3,Final Issued,69.7,2026-08-15
SIH26017-PRJ-000533,661,543,57.7,36.0,6.8,Fully Digitized,5.0,Pending,64.6,Final Issued,74.2,2026-08-15
SIH26017-PRJ-000534,73,54,69.7,35.1,9.3,Partially Digitized,45.9,Pending,,Not Issued,34.2,2025-06-18
SIH26017-PRJ-000535,38,27,50.7,41.4,12.6,Partially Digitized,64.6,Pending,,Not Issued,22.7,2024-08-31
SIH26017-PRJ-000536,1900,1621,58.7,45.6,9.3,Partially Digitized,5.3,Pending,,Final Issued,75.7,2026-05-11
SIH26017-PRJ-000537,699,625,73.3,24.1,10.5,Partially Digitized,5.0,Pending,,Final Issued,68.9,2026-08-15
SIH26017-PRJ-000538,5390,3150,67.0,35.7,20.2,Fully Digitized,45.4,Pending,76.8,Draft Issued,49.3,2024-12-31
SIH26017-PRJ-000539,768,696,56.4,37.7,9.9,Not Digitized,5.0,Pending,,Final Issued,66.8,2026-08-15
SIH26017-PRJ-000540,20,14,76.0,12.1,18.6,Partially Digitized,5.0,Clear,,Final Issued,80.7,2026-08-15
SIH26017-PRJ-000541,312,195,53.7,45.2,15.7,Partially Digitized,5.0,Pending,,Final Issued,78.7,2026-08-15
SIH26017-PRJ-000542,2518,1439,56.5,37.4,25.4,Fully Digitized,47.1,Pending,,Final Issued,39.8,2022-10-11
SIH26017-PRJ-000543,121,103,78.0,22.4,18.8,Fully Digitized,24.4,Clear,,Final Issued,52.8,2025-05-04
SIH26017-PRJ-000544,327,319,72.3,27.8,3.6,Partially Digitized,5.0,Pending,,Final Issued,80.9,2026-08-15
SIH26017-PRJ-000545,4570,2683,72.1,32.4,17.4,Partially Digitized,25.8,Pending,66.5,Final Issued,56.5,2024-02-24
SIH26017-PRJ-000546,12,11,68.3,33.6,9.0,Fully Digitized,11.4,Pending,,Final Issued,88.0,2026-02-19
SIH26017-PRJ-000547,169,131,68.0,34.5,27.2,Fully Digitized,85.5,Pending,,Not Issued,10.8,2018-07-09
SIH26017-PRJ-000548,11,8,78.4,22.0,9.0,Partially Digitized,5.0,Clear,,Final Issued,86.6,2026-08-15
SIH26017-PRJ-000549,4023,3264,56.1,50.8,26.1,Partially Digitized,20.8,Pending,49.0,Final Issued,65.4,2025-01-12
SIH26017-PRJ-000550,237,231,59.4,42.3,13.4,Partially Digitized,70.7,Pending,,Not Issued,24.0,2024-04-11
SIH26017-PRJ-000551,445,318,69.6,36.1,9.3,Partially Digitized,32.4,Pending,,Final Issued,64.2,2025-07-02
SIH26017-PRJ-000552,246,144,80.5,19.8,0.2,Partially Digitized,5.0,Clear,,Final Issued,96.4,2026-08-15
SIH26017-PRJ-000553,547,328,68.0,34.4,18.7,Not Digitized,5.0,Pending,47.5,Final Issued,71.0,2026-08-15
SIH26017-PRJ-000554,198,141,67.5,35.6,18.6,Fully Digitized,19.9,Pending,,Final Issued,72.7,2024-03-08
SIH26017-PRJ-000555,152,86,55.8,37.3,10.7,Partially Digitized,40.4,Pending,,Final Issued,50.9,2025-08-15
SIH26017-PRJ-000556,6000,4500,69.1,29.7,24.3,Partially Digitized,10.5,Pending,49.4,Final Issued,80.6,2026-02-08
SIH26017-PRJ-000557,4415,2547,67.4,24.6,19.6,Fully Digitized,69.3,Pending,31.8,Not Issued,1.2,2019-06-08
SIH26017-PRJ-000558,1285,877,73.0,33.1,13.6,Partially Digitized,5.0,Pending,,Final Issued,85.2,2026-08-15
SIH26017-PRJ-000559,4627,3743,65.3,32.4,28.5,Not Digitized,57.3,Pending,46.0,Draft Issued,40.8,2025-08-03
SIH26017-PRJ-000560,461,360,73.2,19.7,16.7,Fully Digitized,5.0,Pending,,Final Issued,82.4,2026-08-15
SIH26017-PRJ-000561,2437,1534,66.9,33.0,12.6,Partially Digitized,64.4,Pending,,Not Issued,20.9,2024-10-19
SIH26017-PRJ-000562,5488,3627,71.1,27.3,22.0,Partially Digitized,95.0,Pending,53.5,Not Issued,1.2,2021-04-30
SIH26017-PRJ-000563,6000,3963,66.0,31.2,27.0,Not Digitized,70.3,Pending,64.8,Not Issued,1.1,2022-12-02
SIH26017-PRJ-000564,827,704,66.9,35.2,18.8,Fully Digitized,78.3,Pending,,Not Issued,11.9,2021-09-20
SIH26017-PRJ-000565,1117,669,53.9,47.3,20.9,Partially Digitized,5.0,Pending,,Final Issued,76.0,2026-08-15
SIH26017-PRJ-000566,2393,2041,71.4,27.0,15.2,Fully Digitized,5.0,Pending,62.8,Final Issued,67.1,2026-08-15
SIH26017-PRJ-000567,31,26,85.7,17.0,11.6,Partially Digitized,5.0,Clear,,Final Issued,84.8,2026-08-15
SIH26017-PRJ-000568,2836,1730,72.8,24.3,16.5,Partially Digitized,50.5,Pending,,Final Issued,46.4,2022-07-23
SIH26017-PRJ-000569,1568,1349,57.0,48.5,8.9,Fully Digitized,21.3,Pending,,Final Issued,54.9,2025-08-14
SIH26017-PRJ-000570,4968,3387,51.5,47.2,16.5,Not Digitized,59.1,Pending,51.0,Not Issued,23.6,2022-01-24
SIH26017-PRJ-000571,3651,2438,54.2,43.3,12.4,Partially Digitized,5.0,Pending,47.3,Final Issued,65.6,2026-08-15
SIH26017-PRJ-000572,190,149,74.2,25.9,17.6,Partially Digitized,50.3,Pending,,Draft Issued,34.7,2025-06-06
SIH26017-PRJ-000573,21,18,76.7,15.7,7.3,Fully Digitized,5.0,Clear,,Final Issued,98.4,2026-08-15
SIH26017-PRJ-000574,61,51,71.6,30.4,14.3,Partially Digitized,5.0,Pending,,Final Issued,67.7,2026-08-15
SIH26017-PRJ-000575,41,31,80.6,16.8,8.9,Partially Digitized,75.0,Clear,,Not Issued,14.5,2024-06-08
SIH26017-PRJ-000576,220,199,58.9,37.8,16.8,Partially Digitized,5.0,Pending,,Final Issued,90.3,2026-08-15
SIH26017-PRJ-000577,491,309,71.9,20.2,13.5,Partially Digitized,5.0,Pending,,Final Issued,72.5,2026-08-15
SIH26017-PRJ-000578,173,129,88.1,13.6,0.3,Not Digitized,5.0,Clear,,Final Issued,87.1,2026-08-15
SIH26017-PRJ-000579,376,211,71.2,26.1,14.4,Partially Digitized,5.0,Pending,,Final Issued,83.3,2026-08-15
SIH26017-PRJ-000580,521,363,71.5,27.4,11.3,Not Digitized,67.9,Pending,,Not Issued,21.7,2025-02-06
SIH26017-PRJ-000581,271,227,74.8,16.1,2.5,Fully Digitized,5.0,Pending,59.1,Final Issued,92.6,2026-08-15
SIH26017-PRJ-000582,1982,1496,94.7,8.4,8.9,Partially Digitized,25.0,Clear,52.5,Final Issued,59.8,2024-12-11
SIH26017-PRJ-000583,160,104,72.1,24.9,9.7,Fully Digitized,5.0,Pending,,Final Issued,76.1,2026-08-15
SIH26017-PRJ-000584,1876,1285,75.1,22.3,9.8,Fully Digitized,5.0,Clear,,Final Issued,80.6,2026-08-15
SIH26017-PRJ-000585,199,133,70.1,30.8,14.6,Partially Digitized,20.0,Pending,,Final Issued,59.8,2024-12-21
SIH26017-PRJ-000586,351,332,59.8,40.6,9.9,Partially Digitized,19.2,Pending,,Final Issued,86.3,2025-07-05
SIH26017-PRJ-000587,732,676,67.7,28.9,12.4,Fully Digitized,5.0,Pending,79.3,Final Issued,85.2,2026-08-15
SIH26017-PRJ-000588,23,21,82.0,28.9,14.7,Partially Digitized,59.6,Clear,,Draft Issued,37.7,2024-11-04
SIH26017-PRJ-000589,3799,2356,51.9,30.0,9.9,Not Digitized,76.6,Pending,64.3,Not Issued,1.2,2024-04-10
SIH26017-PRJ-000590,123,101,55.0,41.1,16.5,Fully Digitized,5.0,Pending,,Final Issued,78.5,2026-08-15
SIH26017-PRJ-000591,245,216,78.1,20.0,18.6,Partially Digitized,76.3,Clear,,Not Issued,11.1,2022-07-21
SIH26017-PRJ-000592,1882,1769,71.2,33.6,13.4,Partially Digitized,42.0,Pending,55.8,Final Issued,52.6,2025-10-21
SIH26017-PRJ-000593,39,36,77.0,20.0,9.0,Fully Digitized,5.0,Clear,,Final Issued,98.8,2026-08-15
SIH26017-PRJ-000594,4023,3266,64.4,30.9,14.6,Partially Digitized,5.0,Pending,62.9,Final Issued,65.3,2026-08-15
SIH26017-PRJ-000595,194,147,61.7,48.1,20.9,Partially Digitized,5.0,Pending,,Final Issued,91.8,2026-08-15
SIH26017-PRJ-000596,539,529,57.1,41.7,10.8,Fully Digitized,5.0,Pending,,Final Issued,71.4,2026-08-15
SIH26017-PRJ-000597,1571,959,63.5,38.4,10.6,Partially Digitized,5.0,Pending,73.9,Final Issued,73.0,2026-08-15
SIH26017-PRJ-000598,51,47,56.4,47.1,6.5,Fully Digitized,5.0,Pending,,Final Issued,79.9,2026-08-15
SIH26017-PRJ-000599,102,62,66.1,32.1,12.8,Not Digitized,5.0,Pending,,Final Issued,61.3,2026-08-15
SIH26017-PRJ-000600,171,152,73.5,29.0,9.2,Fully Digitized,21.1,Pending,,Final Issued,79.9,2026-03-22
