project_id,case_id,case_type,court_level,filing_date,status,stay_order_active_flag,expected_resolution_date,actual_resolution_date,impact_on_project,number_of_petitioners
SIH26017-PRJ-000007,SIH26017-PRJ-000007-CASE-01,Compensation Quantum Dispute,District Court,2024-12-14,Disposed-in-favor,False,2025-10-10,2025-09-23,Low,1
SIH26017-PRJ-000007,SIH26017-PRJ-000007-CASE-02,Land Acquisition Validity,District Court,2024-11-25,Pending,False,2025-09-21,,High,3
SIH26017-PRJ-000008,SIH26017-PRJ-000008-CASE-01,Compensation Quantum Dispute,District Court,2025-12-27,Pending,False,2026-10-23,,Low,1
SIH26017-PRJ-000009,SIH26017-PRJ-000009-CASE-01,Public Interest Litigation,Supreme Court,2025-03-28,Pending,False,2027-11-03,,High,17
SIH26017-PRJ-000009,SIH26017-PRJ-000009-CASE-02,Environmental Challenge,High Court,2026-01-14,Pending,True,2027-09-06,,High,3
SIH26017-PRJ-000011,SIH26017-PRJ-000011-CASE-01,Compensation Quantum Dispute,High Court,2021-10-08,Pending,False,2023-05-31,,High,2
SIH26017-PRJ-000014,SIH26017-PRJ-000014-CASE-01,Title Dispute,Supreme Court,2022-03-30,Disposed-in-favor,False,2024-11-04,2023-10-28,High,1
SIH26017-PRJ-000015,SIH26017-PRJ-000015-CASE-01,Title Dispute,District Court,2024-03-11,Disposed-in-favor,False,2025-01-05,2024-08-12,Low,9
SIH26017-PRJ-000017,SIH26017-PRJ-000017-CASE-01,Compensation Quantum Dispute,LA Authority/Tribunal,2025-12-12,Pending,False,2026-07-20,,Low,2
SIH26017-PRJ-000019,SIH26017-PRJ-000019-CASE-01,Public Interest Litigation,LA Authority/Tribunal,2019-01-22,Disposed-in-favor,False,2019-08-30,2019-10-21,Medium,18
SIH26017-PRJ-000021,SIH26017-PRJ-000021-CASE-01,Compensation Quantum Dispute,Supreme Court,2020-11-12,Pending,True,2023-06-20,,High,3
SIH26017-PRJ-000022,SIH26017-PRJ-000022-CASE-01,Compensation Quantum Dispute,High Court,2024-01-13,Disposed-against,False,2025-09-04,2024-08-29,High,4
SIH26017-PRJ-000023,SIH26017-PRJ-000023-CASE-01,Public Interest Litigation,District Court,2030-04-05,Pending,False,2031-01-30,,Low,18
SIH26017-PRJ-000024,SIH26017-PRJ-000024-CASE-01,Compensation Quantum Dispute,LA Authority/Tribunal,2022-01-25,Disposed-against,False,2022-09-02,2022-09-22,Medium,5
SIH26017-PRJ-000024,SIH26017-PRJ-000024-CASE-02,Others,Supreme Court,2023-12-04,Pending,False,2026-07-11,,High,1
SIH26017-PRJ-000025,SIH26017-PRJ-000025-CASE-01,Title Dispute,District Court,2025-04-22,Disposed-against,False,2026-02-16,2026-01-28,Medium,2
SIH26017-PRJ-000027,SIH26017-PRJ-000027-CASE-01,Public Interest Litigation,District Court,2022-02-06,Withdrawn,False,2022-12-03,2025-03-23,Medium,19
SIH26017-PRJ-000027,SIH26017-PRJ-000027-CASE-02,Compensation Quantum Dispute,LA Authority/Tribunal,2022-03-24,Disposed-in-favor,False,2022-10-30,2022-07-02,Medium,2
SIH26017-PRJ-000028,SIH26017-PRJ-000028-CASE-01,Land Acquisition Validity,LA Authority/Tribunal,2020-10-18,Pending,False,2021-05-26,,High,2
SIH26017-PRJ-000029,SIH26017-PRJ-000029-CASE-01,Public Interest Litigation,High Court,2024-05-07,Pending,True,2025-12-28,,High,20
SIH26017-PRJ-000030,SIH26017-PRJ-000030-CASE-01,Compensation Quantum Dispute,District Court,2024-07-02,Disposed-in-favor,False,2025-04-28,2025-07-18,Medium,3
SIH26017-PRJ-000030,SIH26017-PRJ-000030-CASE-02,Title Dispute,District Court,2026-01-06,Pending,False,2026-11-02,,Medium,1
SIH26017-PRJ-000032,SIH26017-PRJ-000032-CASE-01,Others,Supreme Court,2018-08-26,Pending,False,2021-04-02,,High,3
SIH26017-PRJ-000032,SIH26017-PRJ-000032-CASE-02,Title Dispute,LA Authority/Tribunal,2023-12-24,Pending,False,2024-07-31,,Medium,1
SIH26017-PRJ-000036,SIH26017-PRJ-000036-CASE-01,Title Dispute,District Court,2020-04-18,Disposed-against,False,2021-02-12,2021-02-13,Medium,1
SIH26017-PRJ-000037,SIH26017-PRJ-000037-CASE-01,Compensation Quantum Dispute,High Court,2028-11-03,Pending,False,2030-06-26,,High,3
SIH26017-PRJ-000038,SIH26017-PRJ-000038-CASE-01,Land Acquisition Validity,District Court,2027-07-23,Pending,True,2028-05-18,,High,1
SIH26017-PRJ-000040,SIH26017-PRJ-000040-CASE-01,Compensation Quantum Dispute,High Court,2021-05-13,Disposed-in-favor,False,2023-01-03,2023-09-01,High,3
SIH26017-PRJ-000041,SIH26017-PRJ-000041-CASE-01,Compensation Quantum Dispute,LA Authority/Tribunal,2022-01-15,Disposed-in-favor,False,2022-08-23,2022-10-28,Medium,3
SIH26017-PRJ-000041,SIH26017-PRJ-000041-CASE-02,Environmental Challenge,LA Authority/Tribunal,2022-09-16,Pending,True,2023-04-24,,High,4
SIH26017-PRJ-000042,SIH26017-PRJ-000042-CASE-01,Title Dispute,District Court,2019-09-18,Pending,False,2020-07-14,,Medium,2
SIH26017-PRJ-000042,SIH26017-PRJ-000042-CASE-02,Environmental Challenge,LA Authority/Tribunal,2020-06-18,Pending,False,2021-01-24,,High,2
SIH26017-PRJ-000043,SIH26017-PRJ-000043-CASE-01,Title Dispute,District Court,2020-02-04,Disposed-in-favor,False,2020-11-30,2020-09-30,Low,4
SIH26017-PRJ-000047,SIH26017-PRJ-000047-CASE-01,Land Acquisition Validity,District Court,2023-02-20,Disposed-in-favor,False,2023-12-17,2023-11-30,High,8
SIH26017-PRJ-000049,SIH26017-PRJ-000049-CASE-01,Compensation Quantum Dispute,District Court,2016-06-03,Disposed-in-favor,False,2017-03-30,2018-03-20,Medium,4
SIH26017-PRJ-000050,SIH26017-PRJ-000050-CASE-01,Compensation Quantum Dispute,LA Authority/Tribunal,2022-06-14,Disposed-in-favor,False,2023-01-20,2022-12-15,Medium,5
SIH26017-PRJ-000050,SIH26017-PRJ-000050-CASE-02,Compensation Quantum Dispute,High Court,2022-11-03,Disposed-against,False,2024-06-25,2026-02-12,High,3
SIH26017-PRJ-000051,SIH26017-PRJ-000051-CASE-01,Environmental Challenge,High Court,2026-12-29,Pending,False,2028-08-20,,High,1
SIH26017-PRJ-000051,SIH26017-PRJ-000051-CASE-02,Others,Supreme Court,2026-11-27,Pending,False,2029-07-04,,High,7
SIH26017-PRJ-000053,SIH26017-PRJ-000053-CASE-01,Compensation Quantum Dispute,LA Authority/Tribunal,2021-01-25,Pending,False,2021-09-02,,Low,5
SIH26017-PRJ-000053,SIH26017-PRJ-000053-CASE-02,Title Dispute,LA Authority/Tribunal,2021-01-19,Pending,False,2021-08-27,,Low,2
SIH26017-PRJ-000054,SIH26017-PRJ-000054-CASE-01,Compensation Quantum Dispute,LA Authority/Tribunal,2019-12-16,Withdrawn,False,2020-07-23,2020-06-03,Medium,5
SIH26017-PRJ-000054,SIH26017-PRJ-000054-CASE-02,Title Dispute,District Court,2018-09-04,Withdrawn,False,2019-07-01,2019-01-18,Medium,1
SIH26017-PRJ-000054,SIH26017-PRJ-000054-CASE-03,Environmental Challenge,High Court,2017-08-28,Withdrawn,False,2019-04-20,2019-06-01,High,2
SIH26017-PRJ-000055,SIH26017-PRJ-000055-CASE-01,Compensation Quantum Dispute,District Court,2024-05-23,Pending,False,2025-03-19,,Medium,7
SIH26017-PRJ-000057,SIH26017-PRJ-000057-CASE-01,Land Acquisition Validity,District Court,2025-06-22,Pending,False,2026-04-18,,High,1
SIH26017-PRJ-000058,SIH26017-PRJ-000058-CASE-01,Title Dispute,High Court,2024-04-03,Disposed-in-favor,False,2025-11-24,2026-06-03,High,1
SIH26017-PRJ-000061,SIH26017-PRJ-000061-CASE-01,Compensation Quantum Dispute,LA Authority/Tribunal,2025-10-01,Disposed-in-favor,False,2026-05-09,2026-04-13,Low,7
SIH26017-PRJ-000062,SIH26017-PRJ-000062-CASE-01,Compensation Quantum Dispute,District Court,2022-08-16,Disposed-in-favor,False,2023-06-12,2023-08-10,Low,3
SIH26017-PRJ-000063,SIH26017-PRJ-000063-CASE-01,Title Dispute,High Court,2024-02-10,Disposed-against,False,2025-10-02,2024-11-04,High,3
SIH26017-PRJ-000063,SIH26017-PRJ-000063-CASE-02,Title Dispute,LA Authority/Tribunal,2023-07-03,Withdrawn,False,2024-02-08,2024-06-08,Medium,2
SIH26017-PRJ-000071,SIH26017-PRJ-000071-CASE-01,Compensation Quantum Dispute,LA Authority/Tribunal,2023-06-27,Withdrawn,False,2024-02-02,2024-03-06,Low,4
SIH26017-PRJ-000071,SIH26017-PRJ-000071-CASE-02,Title Dispute,District Court,2022-02-13,Disposed-in-favor,False,2022-12-10,2023-02-02,Medium,1
SIH26017-PRJ-000075,SIH26017-PRJ-000075-CASE-01,Public Interest Litigation,District Court,2020-12-16,Disposed-in-favor,False,2021-10-12,2021-12-19,Medium,23
SIH26017-PRJ-000076,SIH26017-PRJ-000076-CASE-01,Compensation Quantum Dispute,High Court,2021-05-26,Disposed-in-favor,False,2023-01-16,2024-02-26,High,7
SIH26017-PRJ-000077,SIH26017-PRJ-000077-CASE-01,Public Interest Litigation,District Court,2017-06-24,Pending,True,2018-04-20,,Medium,24
SIH26017-PRJ-000077,SIH26017-PRJ-000077-CASE-02,Compensation Quantum Dispute,District Court,2016-09-04,Disposed-in-favor,False,2017-07-01,2017-11-03,Low,1
SIH26017-PRJ-000078,SIH26017-PRJ-000078-CASE-01,Land Acquisition Validity,District Court,2026-10-23,Pending,False,2027-08-19,,High,2
SIH26017-PRJ-000079,SIH26017-PRJ-000079-CASE-01,Compensation Quantum Dispute,District Court,2018-04-04,Pending,False,2019-01-29,,Low,5
SIH26017-PRJ-000080,SIH26017-PRJ-000080-CASE-01,Others,LA Authority/Tribunal,2025-11-28,Pending,False,2026-07-06,,Medium,5
SIH26017-PRJ-000080,SIH26017-PRJ-000080-CASE-02,Compensation Quantum Dispute,District Court,2021-01-27,Disposed-in-favor,False,2021-11-23,2022-01-09,Low,3
SIH26017-PRJ-000081,SIH26017-PRJ-000081-CASE-01,Environmental Challenge,High Court,2021-06-12,Withdrawn,False,2023-02-02,2025-02-06,High,3
SIH26017-PRJ-000086,SIH26017-PRJ-000086-CASE-01,Public Interest Litigation,District Court,2024-04-17,Pending,False,2025-02-11,,Low,16
SIH26017-PRJ-000087,SIH26017-PRJ-000087-CASE-01,Compensation Quantum Dispute,LA Authority/Tribunal,2022-08-06,Pending,False,2023-03-14,,Medium,4
SIH26017-PRJ-000089,SIH26017-PRJ-000089-CASE-01,Compensation Quantum Dispute,High Court,2023-06-20,Pending,False,2025-02-09,,High,4
SIH26017-PRJ-000093,SIH26017-PRJ-000093-CASE-01,Compensation Quantum Dispute,LA Authority/Tribunal,2029-03-16,Pending,False,2029-10-22,,Low,3
SIH26017-PRJ-000094,SIH26017-PRJ-000094-CASE-01,Compensation Quantum Dispute,Supreme Court,2031-07-10,Pending,False,2034-02-14,,High,1
SIH26017-PRJ-000094,SIH26017-PRJ-000094-CASE-02,Compensation Quantum Dispute,Supreme Court,2029-07-12,Pending,False,2032-02-17,,High,2
SIH26017-PRJ-000095,SIH26017-PRJ-000095-CASE-01,Land Acquisition Validity,High Court,2023-10-01,Pending,False,2025-05-23,,High,5
SIH26017-PRJ-000096,SIH26017-PRJ-000096-CASE-01,Others,District Court,2019-06-13,Pending,False,2020-04-08,,Low,6
SIH26017-PRJ-000097,SIH26017-PRJ-000097-CASE-01,Compensation Quantum Dispute,LA Authority/Tribunal,2027-06-21,Pending,False,2028-01-27,,Low,1
SIH26017-PRJ-000098,SIH26017-PRJ-000098-CASE-01,Title Dispute,District Court,2024-02-13,Disposed-against,False,2024-12-09,2025-06-11,Medium,5
SIH26017-PRJ-000101,SIH26017-PRJ-000101-CASE-01,Compensation Quantum Dispute,High Court,2020-03-15,Disposed-in-favor,False,2021-11-05,2021-12-19,High,1
SIH26017-PRJ-000105,SIH26017-PRJ-000105-CASE-01,Compensation Quantum Dispute,LA Authority/Tribunal,2024-12-03,Pending,False,2025-07-11,,Low,1
SIH26017-PRJ-000106,SIH26017-PRJ-000106-CASE-01,Land Acquisition Validity,District Court,2021-12-18,Disposed-in-favor,False,2022-10-14,2022-08-24,High,6
SIH26017-PRJ-000107,SIH26017-PRJ-000107-CASE-01,Land Acquisition Validity,High Court,2023-10-29,Pending,False,2025-06-20,,High,5
SIH26017-PRJ-000108,SIH26017-PRJ-000108-CASE-01,Compensation Quantum Dispute,District Court,2028-09-14,Pending,False,2029-07-11,,Medium,1
SIH26017-PRJ-000109,SIH26017-PRJ-000109-CASE-01,Public Interest Litigation,District Court,2023-11-16,Disposed-against,False,2024-09-11,2024-11-08,Medium,18
SIH26017-PRJ-000109,SIH26017-PRJ-000109-CASE-02,Compensation Quantum Dispute,LA Authority/Tribunal,2023-05-30,Disposed-in-favor,False,2024-01-05,2023-09-09,Low,1
SIH26017-PRJ-000113,SIH26017-PRJ-000113-CASE-01,Others,LA Authority/Tribunal,2028-01-24,Pending,True,2028-08-31,,Low,5
SIH26017-PRJ-000115,SIH26017-PRJ-000115-CASE-01,Others,LA Authority/Tribunal,2018-09-26,Disposed-in-favor,False,2019-05-04,2019-06-06,Low,5
SIH26017-PRJ-000117,SIH26017-PRJ-000117-CASE-01,Environmental Challenge,High Court,2022-03-01,Disposed-in-favor,False,2023-10-22,2025-09-15,High,1
SIH26017-PRJ-000118,SIH26017-PRJ-000118-CASE-01,Environmental Challenge,High Court,2020-03-31,Disposed-against,False,2021-11-21,2021-06-14,High,2
SIH26017-PRJ-000120,SIH26017-PRJ-000120-CASE-01,Public Interest Litigation,LA Authority/Tribunal,2027-05-04,Pending,False,2027-12-10,,Medium,18
SIH26017-PRJ-000120,SIH26017-PRJ-000120-CASE-02,Compensation Quantum Dispute,High Court,2026-01-12,Pending,False,2027-09-04,,High,7
SIH26017-PRJ-000121,SIH26017-PRJ-000121-CASE-01,Environmental Challenge,District Court,2024-02-12,Disposed-in-favor,False,2024-12-08,2025-06-05,High,2
SIH26017-PRJ-000121,SIH26017-PRJ-000121-CASE-02,Compensation Quantum Dispute,District Court,2020-05-09,Disposed-in-favor,False,2021-03-05,2021-06-01,Low,4
SIH26017-PRJ-000121,SIH26017-PRJ-000121-CASE-03,Title Dispute,High Court,2022-05-25,Disposed-against,False,2024-01-15,2024-03-19,High,1
SIH26017-PRJ-000121,SIH26017-PRJ-000121-CASE-04,Title Dispute,District Court,2018-08-27,Disposed-against,False,2019-06-23,2019-08-07,Low,5
SIH26017-PRJ-000122,SIH26017-PRJ-000122-CASE-01,Compensation Quantum Dispute,Supreme Court,2025-07-16,Pending,True,2028-02-21,,High,3
SIH26017-PRJ-000122,SIH26017-PRJ-000122-CASE-02,Title Dispute,High Court,2026-05-20,Pending,True,2028-01-10,,High,10
SIH26017-PRJ-000123,SIH26017-PRJ-000123-CASE-01,Public Interest Litigation,Supreme Court,2026-06-25,Pending,False,2029-01-30,,High,15
SIH26017-PRJ-000124,SIH26017-PRJ-000124-CASE-01,Compensation Quantum Dispute,District Court,2023-08-16,Disposed-against,False,2024-06-11,2025-02-25,Medium,1
SIH26017-PRJ-000125,SIH26017-PRJ-000125-CASE-01,Environmental Challenge,LA Authority/Tribunal,2023-02-20,Disposed-in-favor,False,2023-09-28,2024-01-16,High,1
SIH26017-PRJ-000125,SIH26017-PRJ-000125-CASE-02,Land Acquisition Validity,High Court,2023-07-25,Pending,False,2025-03-16,,High,2
SIH26017-PRJ-000125,SIH26017-PRJ-000125-CASE-03,Land Acquisition Validity,District Court,2022-10-17,Disposed-against,False,2023-08-13,2023-05-12,High,1
SIH26017-PRJ-000126,SIH26017-PRJ-000126-CASE-01,Public Interest Litigation,High Court,2019-08-24,Disposed-in-favor,False,2021-04-15,2021-05-28,High,18
SIH26017-PRJ-000127,SIH26017-PRJ-000127-CASE-01,Compensation Quantum Dispute,District Court,2030-03-01,Pending,True,2030-12-26,,Medium,2
SIH26017-PRJ-000128,SIH26017-PRJ-000128-CASE-01,Environmental Challenge,LA Authority/Tribunal,2021-06-06,Pending,True,2022-01-12,,High,4
SIH26017-PRJ-000133,SIH26017-PRJ-000133-CASE-01,Compensation Quantum Dispute,LA Authority/Tribunal,2024-03-03,Pending,False,2024-10-09,,Medium,1
SIH26017-PRJ-000134,SIH26017-PRJ-000134-CASE-01,Compensation Quantum Dispute,High Court,2022-05-04,Pending,True,2023-12-25,,High,3
SIH26017-PRJ-000134,SIH26017-PRJ-000134-CASE-02,Compensation Quantum Dispute,LA Authority/Tribunal,2022-06-12,Disposed-in-favor,False,2023-01-18,2023-09-19,Medium,5
SIH26017-PRJ-000134,SIH26017-PRJ-000134-CASE-03,Compensation Quantum Dispute,High Court,2021-03-06,Pending,False,2022-10-27,,High,2
SIH26017-PRJ-000139,SIH26017-PRJ-000139-CASE-01,Compensation Quantum Dispute,LA Authority/Tribunal,2024-08-11,Disposed-against,False,2025-03-19,2025-04-18,Low,4
SIH26017-PRJ-000141,SIH26017-PRJ-000141-CASE-01,Compensation Quantum Dispute,Supreme Court,2019-09-13,Pending,False,2022-04-20,,High,1
SIH26017-PRJ-000142,SIH26017-PRJ-000142-CASE-01,Title Dispute,LA Authority/Tribunal,2022-03-04,Disposed-in-favor,False,2022-10-10,2022-11-11,Medium,3
SIH26017-PRJ-000142,SIH26017-PRJ-000142-CASE-02,Public Interest Litigation,District Court,2021-09-20,Pending,False,2022-07-17,,Medium,28
SIH26017-PRJ-000144,SIH26017-PRJ-000144-CASE-01,Compensation Quantum Dispute,Supreme Court,2023-12-21,Pending,False,2026-07-28,,High,3
SIH26017-PRJ-000145,SIH26017-PRJ-000145-CASE-01,Public Interest Litigation,LA Authority/Tribunal,2018-04-21,Withdrawn,False,2018-11-27,2018-08-25,Medium,12
SIH26017-PRJ-000147,SIH26017-PRJ-000147-CASE-01,Public Interest Litigation,LA Authority/Tribunal,2021-06-27,Disposed-in-favor,False,2022-02-02,2022-01-29,Low,11
SIH26017-PRJ-000149,SIH26017-PRJ-000149-CASE-01,Title Dispute,High Court,2025-09-08,Pending,False,2027-05-01,,High,2
SIH26017-PRJ-000149,SIH26017-PRJ-000149-CASE-02,Compensation Quantum Dispute,Supreme Court,2026-07-29,Pending,False,2029-03-05,,High,5
SIH26017-PRJ-000149,SIH26017-PRJ-000149-CASE-03,Others,LA Authority/Tribunal,2029-12-01,Pending,False,2030-07-09,,Medium,3
SIH26017-PRJ-000154,SIH26017-PRJ-000154-CASE-01,Others,High Court,2024-01-30,Pending,False,2025-09-21,,High,6
SIH26017-PRJ-000155,SIH26017-PRJ-000155-CASE-01,Title Dispute,District Court,2019-01-25,Pending,False,2019-11-21,,Medium,4
SIH26017-PRJ-000156,SIH26017-PRJ-000156-CASE-01,Land Acquisition Validity,LA Authority/Tribunal,2024-09-12,Disposed-against,False,2025-04-20,2026-03-30,High,1
SIH26017-PRJ-000156,SIH26017-PRJ-000156-CASE-02,Land Acquisition Validity,District Court,2024-10-28,Disposed-in-favor,False,2025-08-24,2025-09-23,High,1
SIH26017-PRJ-000156,SIH26017-PRJ-000156-CASE-03,Title Dispute,District Court,2024-06-15,Pending,True,2025-04-11,,Low,7
SIH26017-PRJ-000156,SIH26017-PRJ-000156-CASE-04,Compensation Quantum Dispute,LA Authority/Tribunal,2024-12-24,Pending,False,2025-08-01,,Low,5
SIH26017-PRJ-000159,SIH26017-PRJ-000159-CASE-01,Compensation Quantum Dispute,District Court,2024-03-26,Disposed-against,False,2025-01-20,2024-11-11,Medium,5
SIH26017-PRJ-000159,SIH26017-PRJ-000159-CASE-02,Compensation Quantum Dispute,District Court,2026-03-03,Pending,False,2026-12-28,,Low,5
SIH26017-PRJ-000161,SIH26017-PRJ-000161-CASE-01,Title Dispute,High Court,2016-12-01,Disposed-in-favor,False,2018-07-24,2018-05-02,High,2
SIH26017-PRJ-000163,SIH26017-PRJ-000163-CASE-01,Compensation Quantum Dispute,District Court,2023-05-31,Withdrawn,False,2024-03-26,2024-01-06,Medium,1
SIH26017-PRJ-000165,SIH26017-PRJ-000165-CASE-01,Compensation Quantum Dispute,LA Authority/Tribunal,2024-07-12,Disposed-in-favor,False,2025-02-17,2025-09-03,Medium,1
SIH26017-PRJ-000165,SIH26017-PRJ-000165-CASE-02,Environmental Challenge,High Court,2024-04-05,Disposed-in-favor,False,2025-11-26,2025-11-30,High,1
SIH26017-PRJ-000169,SIH26017-PRJ-000169-CASE-01,Land Acquisition Validity,Supreme Court,2021-10-07,Disposed-in-favor,False,2024-05-14,2026-05-20,High,2
SIH26017-PRJ-000171,SIH26017-PRJ-000171-CASE-01,Public Interest Litigation,District Court,2027-01-14,Pending,False,2027-11-10,,Low,23
SIH26017-PRJ-000172,SIH26017-PRJ-000172-CASE-01,Compensation Quantum Dispute,High Court,2022-06-08,Disposed-against,False,2024-01-29,2024-04-05,High,1
SIH26017-PRJ-000172,SIH26017-PRJ-000172-CASE-02,Compensation Quantum Dispute,District Court,2023-04-10,Disposed-against,False,2024-02-04,2024-01-19,Medium,3
SIH26017-PRJ-000173,SIH26017-PRJ-000173-CASE-01,Environmental Challenge,District Court,2024-01-15,Pending,False,2024-11-10,,High,4
SIH26017-PRJ-000173,SIH26017-PRJ-000173-CASE-02,Compensation Quantum Dispute,LA Authority/Tribunal,2025-01-23,Disposed-in-favor,False,2025-08-31,2025-07-01,Medium,3
SIH26017-PRJ-000174,SIH26017-PRJ-000174-CASE-01,Compensation Quantum Dispute,LA Authority/Tribunal,2022-04-16,Disposed-in-favor,False,2022-11-22,2023-05-09,Medium,5
SIH26017-PRJ-000174,SIH26017-PRJ-000174-CASE-02,Compensation Quantum Dispute,High Court,2019-05-18,Pending,True,2021-01-07,,High,3
SIH26017-PRJ-000175,SIH26017-PRJ-000175-CASE-01,Compensation Quantum Dispute,District Court,2020-02-24,Disposed-in-favor,False,2020-12-20,2020-12-28,Medium,3
SIH26017-PRJ-000176,SIH26017-PRJ-000176-CASE-01,Land Acquisition Validity,LA Authority/Tribunal,2017-11-02,Disposed-in-favor,False,2018-06-10,2018-06-01,High,1
SIH26017-PRJ-000178,SIH26017-PRJ-000178-CASE-01,Title Dispute,Supreme Court,2028-03-09,Pending,False,2030-10-15,,High,3
SIH26017-PRJ-000178,SIH26017-PRJ-000178-CASE-02,Compensation Quantum Dispute,LA Authority/Tribunal,2025-04-11,Pending,False,2025-11-17,,Low,2
SIH26017-PRJ-000178,SIH26017-PRJ-000178-CASE-03,Public Interest Litigation,High Court,2028-03-22,Pending,False,2029-11-12,,High,19
SIH26017-PRJ-000181,SIH26017-PRJ-000181-CASE-01,Compensation Quantum Dispute,Supreme Court,2026-06-29,Pending,False,2029-02-03,,High,5
SIH26017-PRJ-000184,SIH26017-PRJ-000184-CASE-01,Compensation Quantum Dispute,Supreme Court,2026-05-17,Pending,False,2028-12-22,,High,3
SIH26017-PRJ-000184,SIH26017-PRJ-000184-CASE-02,Compensation Quantum Dispute,District Court,2024-03-03,Disposed-in-favor,False,2024-12-28,2025-10-29,Medium,4
SIH26017-PRJ-000185,SIH26017-PRJ-000185-CASE-01,Environmental Challenge,District Court,2019-04-01,Disposed-in-favor,False,2020-01-26,2020-03-21,High,4
SIH26017-PRJ-000185,SIH26017-PRJ-000185-CASE-02,Compensation Quantum Dispute,LA Authority/Tribunal,2022-02-10,Withdrawn,False,2022-09-18,2022-11-03,Medium,3
SIH26017-PRJ-000185,SIH26017-PRJ-000185-CASE-03,Compensation Quantum Dispute,District Court,2020-07-13,Disposed-in-favor,False,2021-05-09,2021-08-03,Medium,2
SIH26017-PRJ-000186,SIH26017-PRJ-000186-CASE-01,Public Interest Litigation,High Court,2023-11-08,Disposed-in-favor,False,2025-06-30,2025-10-22,High,24
SIH26017-PRJ-000186,SIH26017-PRJ-000186-CASE-02,Compensation Quantum Dispute,High Court,2019-12-14,Pending,False,2021-08-05,,High,4
SIH26017-PRJ-000188,SIH26017-PRJ-000188-CASE-01,Environmental Challenge,LA Authority/Tribunal,2025-01-06,Disposed-in-favor,False,2025-08-14,2025-08-05,High,2
SIH26017-PRJ-000190,SIH26017-PRJ-000190-CASE-01,Title Dispute,District Court,2021-05-16,Pending,False,2022-03-12,,Low,2
SIH26017-PRJ-000191,SIH26017-PRJ-000191-CASE-01,Land Acquisition Validity,LA Authority/Tribunal,2022-09-14,Disposed-against,False,2023-04-22,2023-08-27,High,6
SIH26017-PRJ-000195,SIH26017-PRJ-000195-CASE-01,Title Dispute,District Court,2023-09-22,Disposed-in-favor,False,2024-07-18,2025-05-22,Medium,2
SIH26017-PRJ-000198,SIH26017-PRJ-000198-CASE-01,Compensation Quantum Dispute,District Court,2023-10-26,Pending,False,2024-08-21,,Medium,5
SIH26017-PRJ-000199,SIH26017-PRJ-000199-CASE-01,Public Interest Litigation,District Court,2024-06-20,Disposed-in-favor,False,2025-04-16,2025-03-16,Medium,24
SIH26017-PRJ-000200,SIH26017-PRJ-000200-CASE-01,Compensation Quantum Dispute,LA Authority/Tribunal,2026-05-06,Pending,False,2026-12-12,,Low,2
SIH26017-PRJ-000200,SIH26017-PRJ-000200-CASE-02,Compensation Quantum Dispute,District Court,2026-03-19,Pending,False,2027-01-13,,Medium,2
SIH26017-PRJ-000200,SIH26017-PRJ-000200-CASE-03,Compensation Quantum Dispute,High Court,2026-02-11,Pending,False,2027-10-04,,High,2
SIH26017-PRJ-000200,SIH26017-PRJ-000200-CASE-04,Environmental Challenge,LA Authority/Tribunal,2024-02-07,Disposed-in-favor,False,2024-09-14,2024-11-29,High,2
SIH26017-PRJ-000202,SIH26017-PRJ-000202-CASE-01,Land Acquisition Validity,LA Authority/Tribunal,2023-08-29,Pending,False,2024-04-05,,High,3
SIH26017-PRJ-000205,SIH26017-PRJ-000205-CASE-01,Compensation Quantum Dispute,District Court,2025-10-02,Disposed-against,False,2026-07-29,2026-08-06,Medium,2
SIH26017-PRJ-000206,SIH26017-PRJ-000206-CASE-01,Compensation Quantum Dispute,High Court,2024-09-26,Disposed-in-favor,False,2026-05-19,2025-10-05,High,3
SIH26017-PRJ-000208,SIH26017-PRJ-000208-CASE-01,Environmental Challenge,District Court,2023-07-12,Disposed-against,False,2024-05-07,2024-09-25,High,3
SIH26017-PRJ-000208,SIH26017-PRJ-000208-CASE-02,Compensation Quantum Dispute,LA Authority/Tribunal,2026-08-28,Pending,True,2027-04-05,,Low,3
SIH26017-PRJ-000210,SIH26017-PRJ-000210-CASE-01,Public Interest Litigation,District Court,2018-08-06,Disposed-against,False,2019-06-02,2019-02-12,Medium,16
SIH26017-PRJ-000212,SIH26017-PRJ-000212-CASE-01,Compensation Quantum Dispute,District Court,2020-04-30,Disposed-in-favor,False,2021-02-24,2021-04-11,Medium,1
SIH26017-PRJ-000213,SIH26017-PRJ-000213-CASE-01,Public Interest Litigation,High Court,2023-01-19,Disposed-in-favor,False,2024-09-10,2024-06-13,High,17
SIH26017-PRJ-000215,SIH26017-PRJ-000215-CASE-01,Compensation Quantum Dispute,District Court,2022-04-07,Withdrawn,False,2023-02-01,2022-09-09,Low,4
SIH26017-PRJ-000215,SIH26017-PRJ-000215-CASE-02,Compensation Quantum Dispute,District Court,2021-03-21,Pending,False,2022-01-15,,Medium,5
SIH26017-PRJ-000218,SIH26017-PRJ-000218-CASE-01,Environmental Challenge,LA Authority/Tribunal,2021-10-01,Disposed-in-favor,False,2022-05-09,2022-02-10,High,2
SIH26017-PRJ-000219,SIH26017-PRJ-000219-CASE-01,Compensation Quantum Dispute,District Court,2026-02-10,Pending,False,2026-12-07,,Low,5
SIH26017-PRJ-000219,SIH26017-PRJ-000219-CASE-02,Environmental Challenge,LA Authority/Tribunal,2025-12-02,Pending,True,2026-07-10,,High,4
SIH26017-PRJ-000220,SIH26017-PRJ-000220-CASE-01,Compensation Quantum Dispute,District Court,2022-01-03,Disposed-in-favor,False,2022-10-30,2022-06-07,Medium,3
SIH26017-PRJ-000220,SIH26017-PRJ-000220-CASE-02,Land Acquisition Validity,High Court,2020-01-24,Disposed-in-favor,False,2021-09-15,2021-03-09,High,4
SIH26017-PRJ-000225,SIH26017-PRJ-000225-CASE-01,Title Dispute,Supreme Court,2017-09-08,Disposed-in-favor,False,2020-04-15,2019-04-09,High,4
SIH26017-PRJ-000230,SIH26017-PRJ-000230-CASE-01,Public Interest Litigation,District Court,2021-11-25,Withdrawn,False,2022-09-21,2022-07-06,Medium,15
SIH26017-PRJ-000231,SIH26017-PRJ-000231-CASE-01,Land Acquisition Validity,District Court,2018-12-09,Disposed-in-favor,False,2019-10-05,2019-08-10,High,3
SIH26017-PRJ-000236,SIH26017-PRJ-000236-CASE-01,Public Interest Litigation,District Court,2024-09-07,Disposed-in-favor,False,2025-07-04,2025-05-30,Low,20
SIH26017-PRJ-000236,SIH26017-PRJ-000236-CASE-02,Title Dispute,LA Authority/Tribunal,2025-10-26,Pending,False,2026-06-03,,Low,3
SIH26017-PRJ-000237,SIH26017-PRJ-000237-CASE-01,Land Acquisition Validity,High Court,2017-09-11,Disposed-against,False,2019-05-04,2020-05-18,High,5
SIH26017-PRJ-000237,SIH26017-PRJ-000237-CASE-02,Compensation Quantum Dispute,District Court,2016-05-22,Disposed-in-favor,False,2017-03-18,2018-02-04,Low,4
SIH26017-PRJ-000237,SIH26017-PRJ-000237-CASE-03,Compensation Quantum Dispute,High Court,2017-10-19,Pending,False,2019-06-11,,High,6
SIH26017-PRJ-000240,SIH26017-PRJ-000240-CASE-01,Compensation Quantum Dispute,Supreme Court,2021-12-06,Pending,False,2024-07-13,,High,2
SIH26017-PRJ-000240,SIH26017-PRJ-000240-CASE-02,Title Dispute,District Court,2023-02-01,Disposed-against,False,2023-11-28,2023-10-24,Low,3
SIH26017-PRJ-000241,SIH26017-PRJ-000241-CASE-01,Public Interest Litigation,LA Authority/Tribunal,2024-03-19,Disposed-in-favor,False,2024-10-25,2024-10-12,Low,17
SIH26017-PRJ-000242,SIH26017-PRJ-000242-CASE-01,Public Interest Litigation,District Court,2027-02-22,Pending,False,2027-12-19,,Medium,23
SIH26017-PRJ-000245,SIH26017-PRJ-000245-CASE-01,Others,District Court,2023-10-09,Pending,False,2024-08-04,,Medium,1
SIH26017-PRJ-000247,SIH26017-PRJ-000247-CASE-01,Land Acquisition Validity,Supreme Court,2017-10-10,Pending,True,2020-05-17,,High,1
SIH26017-PRJ-000248,SIH26017-PRJ-000248-CASE-01,Environmental Challenge,High Court,2020-05-14,Disposed-against,False,2022-01-04,2022-09-01,High,3
SIH26017-PRJ-000249,SIH26017-PRJ-000249-CASE-01,Public Interest Litigation,District Court,2021-11-29,Disposed-in-favor,False,2022-09-25,2022-08-12,Medium,15
SIH26017-PRJ-000250,SIH26017-PRJ-000250-CASE-01,Title Dispute,LA Authority/Tribunal,2021-04-14,Pending,False,2021-11-20,,Low,4
SIH26017-PRJ-000251,SIH26017-PRJ-000251-CASE-01,Environmental Challenge,District Court,2017-01-29,Disposed-in-favor,False,2017-11-25,2018-01-25,High,3
SIH26017-PRJ-000251,SIH26017-PRJ-000251-CASE-02,Environmental Challenge,LA Authority/Tribunal,2017-01-03,Withdrawn,False,2017-08-11,2018-07-15,High,2
SIH26017-PRJ-000253,SIH26017-PRJ-000253-CASE-01,Public Interest Litigation,District Court,2019-01-15,Disposed-in-favor,False,2019-11-11,2020-03-28,Low,18
SIH26017-PRJ-000255,SIH26017-PRJ-000255-CASE-01,Compensation Quantum Dispute,LA Authority/Tribunal,2022-04-10,Withdrawn,False,2022-11-16,2023-01-13,Low,1
SIH26017-PRJ-000255,SIH26017-PRJ-000255-CASE-02,Title Dispute,High Court,2022-05-17,Disposed-in-favor,False,2024-01-07,2024-03-03,High,1
SIH26017-PRJ-000258,SIH26017-PRJ-000258-CASE-01,Title Dispute,LA Authority/Tribunal,2017-12-15,Disposed-in-favor,False,2018-07-23,2019-01-27,Medium,1
SIH26017-PRJ-000259,SIH26017-PRJ-000259-CASE-01,Public Interest Litigation,High Court,2016-04-02,Disposed-against,False,2017-11-23,2018-12-23,High,18
SIH26017-PRJ-000260,SIH26017-PRJ-000260-CASE-01,Compensation Quantum Dispute,LA Authority/Tribunal,2024-04-06,Pending,True,2024-11-12,,Medium,2
SIH26017-PRJ-000260,SIH26017-PRJ-000260-CASE-02,Compensation Quantum Dispute,High Court,2026-08-01,Pending,False,2028-03-23,,High,3
SIH26017-PRJ-000261,SIH26017-PRJ-000261-CASE-01,Compensation Quantum Dispute,District Court,2020-07-22,Disposed-in-favor,False,2021-05-18,2021-08-31,Low,6
SIH26017-PRJ-000263,SIH26017-PRJ-000263-CASE-01,Compensation Quantum Dispute,LA Authority/Tribunal,2022-05-05,Pending,False,2022-12-11,,Low,3
SIH26017-PRJ-000264,SIH26017-PRJ-000264-CASE-01,Land Acquisition Validity,District Court,2024-11-30,Disposed-against,False,2025-09-26,2026-04-17,High,4
SIH26017-PRJ-000264,SIH26017-PRJ-000264-CASE-02,Others,LA Authority/Tribunal,2024-02-05,Disposed-against,False,2024-09-12,2025-04-08,Medium,3
SIH26017-PRJ-000264,SIH26017-PRJ-000264-CASE-03,Title Dispute,High Court,2025-02-16,Disposed-against,False,2026-10-09,2026-05-02,High,2
SIH26017-PRJ-000265,SIH26017-PRJ-000265-CASE-01,Compensation Quantum Dispute,Supreme Court,2020-07-09,Pending,False,2023-02-14,,High,1
SIH26017-PRJ-000265,SIH26017-PRJ-000265-CASE-02,Title Dispute,High Court,2020-05-03,Disposed-in-favor,False,2021-12-24,2024-07-03,High,4
SIH26017-PRJ-000265,SIH26017-PRJ-000265-CASE-03,Title Dispute,LA Authority/Tribunal,2019-09-02,Disposed-in-favor,False,2020-04-09,2020-01-04,Low,2
SIH26017-PRJ-000265,SIH26017-PRJ-000265-CASE-04,Compensation Quantum Dispute,District Court,2019-10-27,Withdrawn,False,2020-08-22,2021-01-30,Medium,5
SIH26017-PRJ-000265,SIH26017-PRJ-000265-CASE-05,Others,LA Authority/Tribunal,2020-01-13,Disposed-in-favor,False,2020-08-20,2020-07-31,Medium,4
SIH26017-PRJ-000265,SIH26017-PRJ-000265-CASE-06,Environmental Challenge,High Court,2020-04-05,Disposed-in-favor,False,2021-11-26,2021-11-04,High,4
SIH26017-PRJ-000266,SIH26017-PRJ-000266-CASE-01,Compensation Quantum Dispute,LA Authority/Tribunal,2027-08-03,Pending,False,2028-03-10,,Medium,2
SIH26017-PRJ-000268,SIH26017-PRJ-000268-CASE-01,Title Dispute,High Court,2020-04-10,Disposed-in-favor,False,2021-12-01,2022-02-11,High,6
SIH26017-PRJ-000270,SIH26017-PRJ-000270-CASE-01,Compensation Quantum Dispute,LA Authority/Tribunal,2023-12-15,Disposed-in-favor,False,2024-07-22,2025-01-27,Low,10
SIH26017-PRJ-000271,SIH26017-PRJ-000271-CASE-01,Compensation Quantum Dispute,Supreme Court,2018-11-14,Disposed-in-favor,False,2021-06-21,2021-08-22,High,3
SIH26017-PRJ-000271,SIH26017-PRJ-000271-CASE-02,Environmental Challenge,District Court,2020-08-11,Disposed-in-favor,False,2021-06-07,2021-09-12,High,2
SIH26017-PRJ-000273,SIH26017-PRJ-000273-CASE-01,Compensation Quantum Dispute,High Court,2024-09-15,Withdrawn,False,2026-05-08,2026-08-01,High,2
SIH26017-PRJ-000273,SIH26017-PRJ-000273-CASE-02,Public Interest Litigation,LA Authority/Tribunal,2025-01-27,Pending,False,2025-09-04,,Low,19
SIH26017-PRJ-000274,SIH26017-PRJ-000274-CASE-01,Compensation Quantum Dispute,High Court,2023-08-12,Pending,False,2025-04-03,,High,3
SIH26017-PRJ-000274,SIH26017-PRJ-000274-CASE-02,Compensation Quantum Dispute,District Court,2020-07-28,Disposed-in-favor,False,2021-05-24,2021-08-12,Medium,4
SIH26017-PRJ-000274,SIH26017-PRJ-000274-CASE-03,Compensation Quantum Dispute,High Court,2026-03-09,Pending,False,2027-10-30,,High,1
SIH26017-PRJ-000278,SIH26017-PRJ-000278-CASE-01,Compensation Quantum Dispute,High Court,2022-08-15,Disposed-in-favor,False,2024-04-06,2024-01-19,High,5
SIH26017-PRJ-000280,SIH26017-PRJ-000280-CASE-01,Compensation Quantum Dispute,District Court,2022-04-16,Disposed-in-favor,False,2023-02-10,2023-08-27,Medium,2
SIH26017-PRJ-000284,SIH26017-PRJ-000284-CASE-01,Public Interest Litigation,High Court,2019-05-14,Pending,False,2021-01-03,,High,13
SIH26017-PRJ-000284,SIH26017-PRJ-000284-CASE-02,Title Dispute,District Court,2020-08-06,Pending,False,2021-06-02,,Low,2
SIH26017-PRJ-000285,SIH26017-PRJ-000285-CASE-01,Land Acquisition Validity,District Court,2023-11-11,Disposed-in-favor,False,2024-09-06,2024-05-10,High,3
SIH26017-PRJ-000288,SIH26017-PRJ-000288-CASE-01,Compensation Quantum Dispute,High Court,2023-03-13,Pending,False,2024-11-02,,High,3
SIH26017-PRJ-000290,SIH26017-PRJ-000290-CASE-01,Compensation Quantum Dispute,District Court,2022-02-13,Disposed-against,False,2022-12-10,2023-05-20,Low,1
SIH26017-PRJ-000292,SIH26017-PRJ-000292-CASE-01,Title Dispute,High Court,2024-01-18,Pending,False,2025-09-09,,High,3
SIH26017-PRJ-000293,SIH26017-PRJ-000293-CASE-01,Title Dispute,LA Authority/Tribunal,2023-04-05,Disposed-against,False,2023-11-11,2023-12-29,Low,1
SIH26017-PRJ-000295,SIH26017-PRJ-000295-CASE-01,Public Interest Litigation,District Court,2025-03-14,Disposed-in-favor,False,2026-01-08,2025-09-11,Medium,14
SIH26017-PRJ-000298,SIH26017-PRJ-000298-CASE-01,Title Dispute,District Court,2023-02-28,Disposed-in-favor,False,2023-12-25,2024-08-05,Medium,2
SIH26017-PRJ-000298,SIH26017-PRJ-000298-CASE-02,Compensation Quantum Dispute,LA Authority/Tribunal,2022-08-14,Disposed-against,False,2023-03-22,2023-06-10,Low,2
SIH26017-PRJ-000299,SIH26017-PRJ-000299-CASE-01,Title Dispute,High Court,2022-01-10,Withdrawn,False,2023-09-02,2023-07-18,High,5
SIH26017-PRJ-000300,SIH26017-PRJ-000300-CASE-01,Title Dispute,Supreme Court,2017-03-19,Disposed-in-favor,False,2019-10-25,2018-09-06,High,3
SIH26017-PRJ-000302,SIH26017-PRJ-000302-CASE-01,Compensation Quantum Dispute,High Court,2022-07-12,Pending,False,2024-03-03,,High,3
SIH26017-PRJ-000303,SIH26017-PRJ-000303-CASE-01,Others,LA Authority/Tribunal,2023-07-15,Pending,False,2024-02-20,,Medium,7
SIH26017-PRJ-000305,SIH26017-PRJ-000305-CASE-01,Public Interest Litigation,High Court,2028-05-27,Pending,True,2030-01-17,,High,18
SIH26017-PRJ-000305,SIH26017-PRJ-000305-CASE-02,Others,High Court,2026-02-21,Pending,False,2027-10-14,,High,3
SIH26017-PRJ-000305,SIH26017-PRJ-000305-CASE-03,Title Dispute,High Court,2025-03-18,Disposed-in-favor,False,2026-11-08,2026-06-10,High,4
SIH26017-PRJ-000310,SIH26017-PRJ-000310-CASE-01,Environmental Challenge,District Court,2023-09-22,Disposed-in-favor,False,2024-07-18,2024-10-02,High,6
SIH26017-PRJ-000314,SIH26017-PRJ-000314-CASE-01,Environmental Challenge,High Court,2026-11-12,Pending,True,2028-07-04,,High,1
SIH26017-PRJ-000318,SIH26017-PRJ-000318-CASE-01,Others,District Court,2024-09-05,Disposed-in-favor,False,2025-07-02,2025-02-14,Medium,6
SIH26017-PRJ-000319,SIH26017-PRJ-000319-CASE-01,Compensation Quantum Dispute,District Court,2027-04-10,Pending,False,2028-02-04,,Medium,1
SIH26017-PRJ-000319,SIH26017-PRJ-000319-CASE-02,Title Dispute,High Court,2021-11-26,Pending,False,2023-07-19,,High,1
SIH26017-PRJ-000320,SIH26017-PRJ-000320-CASE-01,Land Acquisition Validity,Supreme Court,2023-05-01,Pending,True,2025-12-06,,High,3
SIH26017-PRJ-000320,SIH26017-PRJ-000320-CASE-02,Others,District Court,2022-06-18,Pending,False,2023-04-14,,Medium,3
SIH26017-PRJ-000320,SIH26017-PRJ-000320-CASE-03,Compensation Quantum Dispute,District Court,2020-07-20,Pending,False,2021-05-16,,Low,5
SIH26017-PRJ-000321,SIH26017-PRJ-000321-CASE-01,Compensation Quantum Dispute,Supreme Court,2026-01-27,Pending,False,2028-09-03,,High,3
SIH26017-PRJ-000321,SIH26017-PRJ-000321-CASE-02,Title Dispute,High Court,2025-01-03,Pending,False,2026-08-26,,High,5
SIH26017-PRJ-000321,SIH26017-PRJ-000321-CASE-03,Public Interest Litigation,LA Authority/Tribunal,2026-04-23,Pending,False,2026-11-29,,Medium,26
SIH26017-PRJ-000323,SIH26017-PRJ-000323-CASE-01,Compensation Quantum Dispute,LA Authority/Tribunal,2023-12-08,Disposed-in-favor,False,2024-07-15,2025-02-02,Medium,2
SIH26017-PRJ-000324,SIH26017-PRJ-000324-CASE-01,Public Interest Litigation,Supreme Court,2024-07-17,Pending,True,2027-02-22,,High,20
SIH26017-PRJ-000324,SIH26017-PRJ-000324-CASE-02,Title Dispute,LA Authority/Tribunal,2022-06-04,Pending,True,2023-01-10,,Medium,3
SIH26017-PRJ-000325,SIH26017-PRJ-000325-CASE-01,Public Interest Litigation,High Court,2026-02-05,Pending,False,2027-09-28,,High,22
SIH26017-PRJ-000325,SIH26017-PRJ-000325-CASE-02,Public Interest Litigation,High Court,2027-12-01,Pending,False,2029-07-23,,High,23
SIH26017-PRJ-000327,SIH26017-PRJ-000327-CASE-01,Compensation Quantum Dispute,Supreme Court,2024-10-17,Pending,False,2027-05-25,,High,3
SIH26017-PRJ-000327,SIH26017-PRJ-000327-CASE-02,Compensation Quantum Dispute,District Court,2024-07-16,Disposed-in-favor,False,2025-05-12,2025-03-09,Low,1
SIH26017-PRJ-000328,SIH26017-PRJ-000328-CASE-01,Public Interest Litigation,High Court,2020-11-02,Disposed-against,False,2022-06-25,2022-08-27,High,19
SIH26017-PRJ-000329,SIH26017-PRJ-000329-CASE-01,Environmental Challenge,Supreme Court,2023-07-20,Withdrawn,False,2026-02-24,2025-06-14,High,3
SIH26017-PRJ-000331,SIH26017-PRJ-000331-CASE-01,Environmental Challenge,High Court,2020-08-31,Disposed-in-favor,False,2022-04-23,2022-03-29,High,3
SIH26017-PRJ-000332,SIH26017-PRJ-000332-CASE-01,Public Interest Litigation,District Court,2024-12-18,Disposed-in-favor,False,2025-10-14,2025-09-18,Low,24
SIH26017-PRJ-000332,SIH26017-PRJ-000332-CASE-02,Environmental Challenge,District Court,2024-01-26,Pending,False,2024-11-21,,High,2
SIH26017-PRJ-000336,SIH26017-PRJ-000336-CASE-01,Others,LA Authority/Tribunal,2023-12-01,Disposed-in-favor,False,2024-07-08,2024-04-11,Medium,1
SIH26017-PRJ-000339,SIH26017-PRJ-000339-CASE-01,Title Dispute,District Court,2022-11-23,Pending,True,2023-09-19,,Low,2
SIH26017-PRJ-000341,SIH26017-PRJ-000341-CASE-01,Title Dispute,District Court,2025-07-25,Disposed-in-favor,False,2026-05-21,2026-05-17,Low,4
SIH26017-PRJ-000341,SIH26017-PRJ-000341-CASE-02,Compensation Quantum Dispute,LA Authority/Tribunal,2026-01-16,Withdrawn,False,2026-08-24,2026-06-02,Medium,1
SIH26017-PRJ-000341,SIH26017-PRJ-000341-CASE-03,Land Acquisition Validity,High Court,2025-06-28,Pending,False,2027-02-18,,High,6
SIH26017-PRJ-000341,SIH26017-PRJ-000341-CASE-04,Public Interest Litigation,High Court,2024-08-20,Pending,True,2026-04-12,,High,18
SIH26017-PRJ-000343,SIH26017-PRJ-000343-CASE-01,Compensation Quantum Dispute,High Court,2029-04-22,Pending,False,2030-12-13,,High,1
SIH26017-PRJ-000343,SIH26017-PRJ-000343-CASE-02,Compensation Quantum Dispute,District Court,2026-07-25,Pending,True,2027-05-21,,Low,3
SIH26017-PRJ-000343,SIH26017-PRJ-000343-CASE-03,Compensation Quantum Dispute,District Court,2027-07-21,Pending,False,2028-05-16,,Medium,1
SIH26017-PRJ-000345,SIH26017-PRJ-000345-CASE-01,Public Interest Litigation,Supreme Court,2022-03-30,Pending,False,2024-11-04,,High,21
SIH26017-PRJ-000347,SIH26017-PRJ-000347-CASE-01,Public Interest Litigation,LA Authority/Tribunal,2020-06-02,Disposed-in-favor,False,2021-01-08,2021-01-22,Low,15
SIH26017-PRJ-000348,SIH26017-PRJ-000348-CASE-01,Environmental Challenge,District Court,2026-07-08,Pending,True,2027-05-04,,High,1
SIH26017-PRJ-000348,SIH26017-PRJ-000348-CASE-02,Others,District Court,2025-12-17,Pending,True,2026-10-13,,Medium,4
SIH26017-PRJ-000348,SIH26017-PRJ-000348-CASE-03,Compensation Quantum Dispute,LA Authority/Tribunal,2025-11-02,Withdrawn,False,2026-06-10,2026-06-07,Medium,5
SIH26017-PRJ-000349,SIH26017-PRJ-000349-CASE-01,Title Dispute,High Court,2021-09-20,Disposed-against,False,2023-05-13,2023-02-26,High,5
SIH26017-PRJ-000349,SIH26017-PRJ-000349-CASE-02,Compensation Quantum Dispute,High Court,2022-02-15,Disposed-against,False,2023-10-08,2022-11-18,High,3
SIH26017-PRJ-000351,SIH26017-PRJ-000351-CASE-01,Compensation Quantum Dispute,LA Authority/Tribunal,2026-12-31,Pending,False,2027-08-08,,Low,4
SIH26017-PRJ-000353,SIH26017-PRJ-000353-CASE-01,Environmental Challenge,Supreme Court,2029-11-02,Pending,False,2032-06-09,,High,6
SIH26017-PRJ-000355,SIH26017-PRJ-000355-CASE-01,Compensation Quantum Dispute,District Court,2024-10-16,Disposed-against,False,2025-08-12,2026-03-06,Low,6
SIH26017-PRJ-000355,SIH26017-PRJ-000355-CASE-02,Public Interest Litigation,LA Authority/Tribunal,2024-07-25,Disposed-against,False,2025-03-02,2025-01-27,Low,12
SIH26017-PRJ-000355,SIH26017-PRJ-000355-CASE-03,Compensation Quantum Dispute,District Court,2025-06-27,Disposed-in-favor,False,2026-04-23,2026-04-01,Medium,1
SIH26017-PRJ-000356,SIH26017-PRJ-000356-CASE-01,Title Dispute,High Court,2025-12-26,Pending,False,2027-08-18,,High,4
SIH26017-PRJ-000358,SIH26017-PRJ-000358-CASE-01,Title Dispute,High Court,2020-12-30,Disposed-in-favor,False,2022-08-22,2023-10-18,High,2
SIH26017-PRJ-000359,SIH26017-PRJ-000359-CASE-01,Compensation Quantum Dispute,District Court,2022-04-03,Pending,False,2023-01-28,,Medium,2
SIH26017-PRJ-000359,SIH26017-PRJ-000359-CASE-02,Compensation Quantum Dispute,High Court,2019-06-16,Disposed-in-favor,False,2021-02-05,2020-12-15,High,3
SIH26017-PRJ-000360,SIH26017-PRJ-000360-CASE-01,Land Acquisition Validity,High Court,2022-10-06,Pending,False,2024-05-28,,High,4
SIH26017-PRJ-000362,SIH26017-PRJ-000362-CASE-01,Compensation Quantum Dispute,District Court,2021-09-02,Pending,False,2022-06-29,,Low,2
SIH26017-PRJ-000363,SIH26017-PRJ-000363-CASE-01,Compensation Quantum Dispute,LA Authority/Tribunal,2019-10-10,Disposed-against,False,2020-05-17,2020-03-25,Low,3
SIH26017-PRJ-000363,SIH26017-PRJ-000363-CASE-02,Compensation Quantum Dispute,High Court,2020-04-02,Disposed-in-favor,False,2021-11-23,2021-05-16,High,3
SIH26017-PRJ-000366,SIH26017-PRJ-000366-CASE-01,Compensation Quantum Dispute,District Court,2019-11-13,Disposed-in-favor,False,2020-09-08,2020-08-28,Low,2
SIH26017-PRJ-000367,SIH26017-PRJ-000367-CASE-01,Land Acquisition Validity,District Court,2024-02-13,Disposed-against,False,2024-12-09,2025-07-02,High,2
SIH26017-PRJ-000367,SIH26017-PRJ-000367-CASE-02,Compensation Quantum Dispute,LA Authority/Tribunal,2024-08-17,Pending,False,2025-03-25,,Medium,1
SIH26017-PRJ-000368,SIH26017-PRJ-000368-CASE-01,Public Interest Litigation,District Court,2016-10-01,Disposed-against,False,2017-07-28,2017-05-08,Low,20
SIH26017-PRJ-000368,SIH26017-PRJ-000368-CASE-02,Public Interest Litigation,High Court,2017-07-21,Pending,False,2019-03-13,,High,22
SIH26017-PRJ-000369,SIH26017-PRJ-000369-CASE-01,Compensation Quantum Dispute,District Court,2018-08-13,Disposed-in-favor,False,2019-06-09,2019-05-19,Medium,4
SIH26017-PRJ-000377,SIH26017-PRJ-000377-CASE-01,Public Interest Litigation,District Court,2026-08-23,Pending,True,2027-06-19,,Low,15
SIH26017-PRJ-000379,SIH26017-PRJ-000379-CASE-01,Compensation Quantum Dispute,District Court,2021-11-09,Disposed-against,False,2022-09-05,2022-08-20,Medium,5
SIH26017-PRJ-000379,SIH26017-PRJ-000379-CASE-02,Compensation Quantum Dispute,District Court,2024-02-09,Disposed-in-favor,False,2024-12-05,2025-01-27,Medium,1
SIH26017-PRJ-000380,SIH26017-PRJ-000380-CASE-01,Title Dispute,District Court,2024-06-18,Disposed-in-favor,False,2025-04-14,2025-03-19,Medium,4
SIH26017-PRJ-000383,SIH26017-PRJ-000383-CASE-01,Environmental Challenge,District Court,2023-08-20,Disposed-against,False,2024-06-15,2024-06-01,High,2
SIH26017-PRJ-000385,SIH26017-PRJ-000385-CASE-01,Public Interest Litigation,LA Authority/Tribunal,2020-06-07,Disposed-against,False,2021-01-13,2021-03-23,Medium,22
SIH26017-PRJ-000385,SIH26017-PRJ-000385-CASE-02,Compensation Quantum Dispute,District Court,2017-06-22,Pending,False,2018-04-18,,Medium,3
SIH26017-PRJ-000385,SIH26017-PRJ-000385-CASE-03,Environmental Challenge,High Court,2018-07-07,Withdrawn,False,2020-02-27,2019-07-24,High,2
SIH26017-PRJ-000386,SIH26017-PRJ-000386-CASE-01,Compensation Quantum Dispute,District Court,2023-01-04,Disposed-against,False,2023-10-31,2024-01-08,Low,3
SIH26017-PRJ-000388,SIH26017-PRJ-000388-CASE-01,Others,High Court,2022-03-01,Disposed-in-favor,False,2023-10-22,2024-12-26,High,4
SIH26017-PRJ-000391,SIH26017-PRJ-000391-CASE-01,Title Dispute,LA Authority/Tribunal,2024-01-23,Pending,False,2024-08-30,,Medium,4
SIH26017-PRJ-000392,SIH26017-PRJ-000392-CASE-01,Public Interest Litigation,District Court,2024-04-19,Pending,False,2025-02-13,,Low,23
SIH26017-PRJ-000394,SIH26017-PRJ-000394-CASE-01,Compensation Quantum Dispute,LA Authority/Tribunal,2023-04-28,Disposed-in-favor,False,2023-12-04,2023-12-10,Low,3
SIH26017-PRJ-000394,SIH26017-PRJ-000394-CASE-02,Compensation Quantum Dispute,District Court,2022-04-07,Disposed-against,False,2023-02-01,2023-06-18,Medium,5
SIH26017-PRJ-000395,SIH26017-PRJ-000395-CASE-01,Land Acquisition Validity,District Court,2017-10-14,Disposed-against,False,2018-08-10,2018-08-25,High,3
SIH26017-PRJ-000396,SIH26017-PRJ-000396-CASE-01,Compensation Quantum Dispute,District Court,2019-12-11,Disposed-against,False,2020-10-06,2020-07-11,Medium,3
SIH26017-PRJ-000396,SIH26017-PRJ-000396-CASE-02,Compensation Quantum Dispute,District Court,2019-09-27,Disposed-against,False,2020-07-23,2020-11-09,Medium,5
SIH26017-PRJ-000397,SIH26017-PRJ-000397-CASE-01,Land Acquisition Validity,LA Authority/Tribunal,2025-07-30,Pending,True,2026-03-07,,High,2
SIH26017-PRJ-000399,SIH26017-PRJ-000399-CASE-01,Public Interest Litigation,High Court,2023-09-12,Disposed-in-favor,False,2025-05-04,2024-10-24,High,16
SIH26017-PRJ-000400,SIH26017-PRJ-000400-CASE-01,Environmental Challenge,District Court,2024-02-18,Disposed-against,False,2024-12-14,2024-10-14,High,1
SIH26017-PRJ-000400,SIH26017-PRJ-000400-CASE-02,Environmental Challenge,District Court,2020-09-09,Pending,True,2021-07-06,,High,4
SIH26017-PRJ-000402,SIH26017-PRJ-000402-CASE-01,Compensation Quantum Dispute,High Court,2020-11-30,Pending,True,2022-07-23,,High,2
SIH26017-PRJ-000404,SIH26017-PRJ-000404-CASE-01,Title Dispute,High Court,2022-07-02,Disposed-in-favor,False,2024-02-22,2026-02-15,High,2
SIH26017-PRJ-000405,SIH26017-PRJ-000405-CASE-01,Public Interest Litigation,District Court,2021-03-24,Pending,True,2022-01-18,,Medium,12
SIH26017-PRJ-000406,SIH26017-PRJ-000406-CASE-01,Title Dispute,District Court,2024-03-23,Pending,False,2025-01-17,,Medium,5
SIH26017-PRJ-000406,SIH26017-PRJ-000406-CASE-02,Environmental Challenge,LA Authority/Tribunal,2021-07-08,Disposed-in-favor,False,2022-02-13,2022-03-14,High,2
SIH26017-PRJ-000406,SIH26017-PRJ-000406-CASE-03,Compensation Quantum Dispute,LA Authority/Tribunal,2019-08-22,Disposed-in-favor,False,2020-03-29,2020-03-16,Low,5
SIH26017-PRJ-000408,SIH26017-PRJ-000408-CASE-01,Compensation Quantum Dispute,LA Authority/Tribunal,2024-09-05,Pending,False,2025-04-13,,Low,6
SIH26017-PRJ-000410,SIH26017-PRJ-000410-CASE-01,Environmental Challenge,District Court,2020-10-07,Disposed-in-favor,False,2021-08-03,2021-11-08,High,3
SIH26017-PRJ-000411,SIH26017-PRJ-000411-CASE-01,Compensation Quantum Dispute,District Court,2023-03-17,Pending,True,2024-01-11,,Medium,2
SIH26017-PRJ-000416,SIH26017-PRJ-000416-CASE-01,Title Dispute,District Court,2022-02-04,Withdrawn,False,2022-12-01,2023-04-08,Medium,3
SIH26017-PRJ-000418,SIH26017-PRJ-000418-CASE-01,Title Dispute,High Court,2023-06-30,Disposed-in-favor,False,2025-02-19,2024-08-12,High,8
SIH26017-PRJ-000419,SIH26017-PRJ-000419-CASE-01,Compensation Quantum Dispute,LA Authority/Tribunal,2022-08-13,Disposed-in-favor,False,2023-03-21,2023-12-16,Low,5
SIH26017-PRJ-000422,SIH26017-PRJ-000422-CASE-01,Compensation Quantum Dispute,LA Authority/Tribunal,2025-01-21,Disposed-in-favor,False,2025-08-29,2025-11-06,Medium,4
SIH26017-PRJ-000423,SIH26017-PRJ-000423-CASE-01,Compensation Quantum Dispute,LA Authority/Tribunal,2018-10-18,Disposed-in-favor,False,2019-05-26,2019-06-25,Low,3
SIH26017-PRJ-000424,SIH26017-PRJ-000424-CASE-01,Others,High Court,2017-05-13,Withdrawn,False,2019-01-03,2018-09-21,High,1
SIH26017-PRJ-000424,SIH26017-PRJ-000424-CASE-02,Compensation Quantum Dispute,High Court,2018-03-11,Pending,False,2019-11-01,,High,3
SIH26017-PRJ-000426,SIH26017-PRJ-000426-CASE-01,Public Interest Litigation,LA Authority/Tribunal,2025-10-03,Disposed-in-favor,False,2026-05-11,2026-03-12,Medium,26
SIH26017-PRJ-000426,SIH26017-PRJ-000426-CASE-02,Environmental Challenge,High Court,2024-11-19,Pending,True,2026-07-12,,High,4
SIH26017-PRJ-000426,SIH26017-PRJ-000426-CASE-03,Compensation Quantum Dispute,LA Authority/Tribunal,2026-09-27,Pending,False,2027-05-05,,Low,1
SIH26017-PRJ-000427,SIH26017-PRJ-000427-CASE-01,Compensation Quantum Dispute,District Court,2021-11-25,Withdrawn,False,2022-09-21,2023-03-21,Medium,1
SIH26017-PRJ-000428,SIH26017-PRJ-000428-CASE-01,Land Acquisition Validity,District Court,2016-01-18,Withdrawn,False,2016-11-13,2016-07-21,High,4
SIH26017-PRJ-000429,SIH26017-PRJ-000429-CASE-01,Public Interest Litigation,LA Authority/Tribunal,2020-11-10,Disposed-in-favor,False,2021-06-18,2021-06-30,Medium,16
SIH26017-PRJ-000429,SIH26017-PRJ-000429-CASE-02,Compensation Quantum Dispute,LA Authority/Tribunal,2019-09-04,Pending,False,2020-04-11,,Low,2
SIH26017-PRJ-000429,SIH26017-PRJ-000429-CASE-03,Compensation Quantum Dispute,High Court,2019-05-16,Disposed-in-favor,False,2021-01-05,2020-07-02,High,1
SIH26017-PRJ-000430,SIH26017-PRJ-000430-CASE-01,Compensation Quantum Dispute,District Court,2021-09-02,Withdrawn,False,2022-06-29,2022-10-05,Low,5
SIH26017-PRJ-000431,SIH26017-PRJ-000431-CASE-01,Public Interest Litigation,District Court,2020-10-29,Pending,False,2021-08-25,,Low,17
SIH26017-PRJ-000432,SIH26017-PRJ-000432-CASE-01,Public Interest Litigation,High Court,2021-09-23,Disposed-against,False,2023-05-16,2023-11-07,High,19
SIH26017-PRJ-000433,SIH26017-PRJ-000433-CASE-01,Land Acquisition Validity,LA Authority/Tribunal,2024-04-18,Pending,True,2024-11-24,,High,2
SIH26017-PRJ-000433,SIH26017-PRJ-000433-CASE-02,Title Dispute,Supreme Court,2022-12-03,Withdrawn,False,2025-07-10,2026-06-07,High,7
SIH26017-PRJ-000434,SIH26017-PRJ-000434-CASE-01,Title Dispute,District Court,2021-09-20,Disposed-against,False,2022-07-17,2022-09-28,Medium,3
SIH26017-PRJ-000438,SIH26017-PRJ-000438-CASE-01,Others,High Court,2025-04-06,Pending,False,2026-11-27,,High,5
SIH26017-PRJ-000439,SIH26017-PRJ-000439-CASE-01,Public Interest Litigation,Supreme Court,2026-05-06,Pending,False,2028-12-11,,High,14
SIH26017-PRJ-000439,SIH26017-PRJ-000439-CASE-02,Title Dispute,High Court,2029-05-18,Pending,False,2031-01-08,,High,4
SIH26017-PRJ-000439,SIH26017-PRJ-000439-CASE-03,Public Interest Litigation,LA Authority/Tribunal,2025-02-05,Pending,False,2025-09-13,,Medium,19
SIH26017-PRJ-000439,SIH26017-PRJ-000439-CASE-04,Environmental Challenge,LA Authority/Tribunal,2026-10-03,Pending,False,2027-05-11,,High,5
SIH26017-PRJ-000440,SIH26017-PRJ-000440-CASE-01,Title Dispute,LA Authority/Tribunal,2022-05-16,Disposed-in-favor,False,2022-12-22,2023-01-06,Medium,4
SIH26017-PRJ-000440,SIH26017-PRJ-000440-CASE-02,Compensation Quantum Dispute,District Court,2023-01-06,Disposed-in-favor,False,2023-11-02,2023-11-17,Low,3
SIH26017-PRJ-000441,SIH26017-PRJ-000441-CASE-01,Title Dispute,District Court,2019-04-16,Disposed-in-favor,False,2020-02-10,2020-04-01,Medium,4
SIH26017-PRJ-000442,SIH26017-PRJ-000442-CASE-01,Title Dispute,High Court,2020-06-23,Disposed-against,False,2022-02-13,2022-08-06,High,1
SIH26017-PRJ-000445,SIH26017-PRJ-000445-CASE-01,Title Dispute,High Court,2020-12-03,Disposed-against,False,2022-07-26,2021-07-14,High,4
SIH26017-PRJ-000445,SIH26017-PRJ-000445-CASE-02,Environmental Challenge,LA Authority/Tribunal,2022-07-15,Pending,False,2023-02-20,,High,4
SIH26017-PRJ-000446,SIH26017-PRJ-000446-CASE-01,Public Interest Litigation,LA Authority/Tribunal,2021-10-04,Pending,False,2022-05-12,,Medium,16
SIH26017-PRJ-000448,SIH26017-PRJ-000448-CASE-01,Public Interest Litigation,LA Authority/Tribunal,2023-10-26,Disposed-against,False,2024-06-02,2024-06-19,Low,19
SIH26017-PRJ-000451,SIH26017-PRJ-000451-CASE-01,Others,LA Authority/Tribunal,2023-02-27,Pending,False,2023-10-05,,Low,1
SIH26017-PRJ-000453,SIH26017-PRJ-000453-CASE-01,Compensation Quantum Dispute,District Court,2017-08-16,Disposed-against,False,2018-06-12,2018-03-16,Medium,5
SIH26017-PRJ-000455,SIH26017-PRJ-000455-CASE-01,Compensation Quantum Dispute,High Court,2021-04-07,Disposed-in-favor,False,2022-11-28,2022-10-17,High,6
SIH26017-PRJ-000456,SIH26017-PRJ-000456-CASE-01,Environmental Challenge,High Court,2019-03-30,Disposed-against,False,2020-11-19,2021-12-01,High,1
SIH26017-PRJ-000456,SIH26017-PRJ-000456-CASE-02,Public Interest Litigation,LA Authority/Tribunal,2018-08-23,Disposed-in-favor,False,2019-03-31,2019-04-27,Low,17
SIH26017-PRJ-000457,SIH26017-PRJ-000457-CASE-01,Compensation Quantum Dispute,LA Authority/Tribunal,2022-12-05,Disposed-against,False,2023-07-13,2023-07-28,Medium,1
SIH26017-PRJ-000458,SIH26017-PRJ-000458-CASE-01,Title Dispute,LA Authority/Tribunal,2021-09-26,Disposed-in-favor,False,2022-05-04,2022-02-23,Medium,1
SIH26017-PRJ-000458,SIH26017-PRJ-000458-CASE-02,Environmental Challenge,LA Authority/Tribunal,2018-12-16,Pending,False,2019-07-24,,High,4
SIH26017-PRJ-000463,SIH26017-PRJ-000463-CASE-01,Title Dispute,High Court,2024-07-23,Pending,False,2026-03-15,,High,3
SIH26017-PRJ-000463,SIH26017-PRJ-000463-CASE-02,Compensation Quantum Dispute,District Court,2023-05-24,Pending,False,2024-03-19,,Low,2
SIH26017-PRJ-000466,SIH26017-PRJ-000466-CASE-01,Compensation Quantum Dispute,High Court,2023-04-04,Pending,False,2024-11-24,,High,1
SIH26017-PRJ-000467,SIH26017-PRJ-000467-CASE-01,Public Interest Litigation,LA Authority/Tribunal,2024-07-14,Disposed-in-favor,False,2025-02-19,2025-01-07,Medium,14
SIH26017-PRJ-000467,SIH26017-PRJ-000467-CASE-02,Public Interest Litigation,District Court,2024-12-04,Pending,False,2025-09-30,,Medium,23
SIH26017-PRJ-000467,SIH26017-PRJ-000467-CASE-03,Environmental Challenge,District Court,2022-04-29,Disposed-against,False,2023-02-23,2024-01-10,High,2
SIH26017-PRJ-000467,SIH26017-PRJ-000467-CASE-04,Title Dispute,District Court,2023-09-13,Disposed-against,False,2024-07-09,2025-02-12,Medium,3
SIH26017-PRJ-000468,SIH26017-PRJ-000468-CASE-01,Compensation Quantum Dispute,District Court,2023-09-17,Disposed-against,False,2024-07-13,2024-06-22,Low,2
SIH26017-PRJ-000468,SIH26017-PRJ-000468-CASE-02,Compensation Quantum Dispute,High Court,2021-07-02,Pending,True,2023-02-22,,High,3
SIH26017-PRJ-000469,SIH26017-PRJ-000469-CASE-01,Compensation Quantum Dispute,High Court,2025-11-16,Pending,False,2027-07-09,,High,2
SIH26017-PRJ-000470,SIH26017-PRJ-000470-CASE-01,Title Dispute,LA Authority/Tribunal,2024-05-18,Disposed-in-favor,False,2024-12-24,2025-07-04,Low,2
SIH26017-PRJ-000470,SIH26017-PRJ-000470-CASE-02,Public Interest Litigation,LA Authority/Tribunal,2023-06-20,Disposed-in-favor,False,2024-01-26,2024-09-27,Low,20
SIH26017-PRJ-000470,SIH26017-PRJ-000470-CASE-03,Land Acquisition Validity,District Court,2022-02-10,Pending,False,2022-12-07,,High,7
SIH26017-PRJ-000472,SIH26017-PRJ-000472-CASE-01,Title Dispute,High Court,2025-03-06,Pending,False,2026-10-27,,High,2
SIH26017-PRJ-000475,SIH26017-PRJ-000475-CASE-01,Compensation Quantum Dispute,District Court,2019-11-22,Pending,False,2020-09-17,,Medium,2
SIH26017-PRJ-000475,SIH26017-PRJ-000475-CASE-02,Environmental Challenge,District Court,2020-03-24,Disposed-in-favor,False,2021-01-18,2021-04-12,High,5
SIH26017-PRJ-000476,SIH26017-PRJ-000476-CASE-01,Public Interest Litigation,District Court,2022-06-11,Withdrawn,False,2023-04-07,2023-05-05,Medium,17
SIH26017-PRJ-000481,SIH26017-PRJ-000481-CASE-01,Compensation Quantum Dispute,LA Authority/Tribunal,2020-08-04,Disposed-against,False,2021-03-12,2021-10-17,Low,1
SIH26017-PRJ-000484,SIH26017-PRJ-000484-CASE-01,Compensation Quantum Dispute,District Court,2020-10-21,Disposed-against,False,2021-08-17,2022-01-11,Medium,4
SIH26017-PRJ-000486,SIH26017-PRJ-000486-CASE-01,Others,District Court,2026-09-22,Pending,True,2027-07-19,,Medium,1
SIH26017-PRJ-000486,SIH26017-PRJ-000486-CASE-02,Public Interest Litigation,LA Authority/Tribunal,2026-06-10,Pending,True,2027-01-16,,Medium,22
SIH26017-PRJ-000487,SIH26017-PRJ-000487-CASE-01,Compensation Quantum Dispute,LA Authority/Tribunal,2020-06-04,Disposed-in-favor,False,2021-01-10,2020-11-03,Low,3
SIH26017-PRJ-000487,SIH26017-PRJ-000487-CASE-02,Land Acquisition Validity,District Court,2020-10-17,Withdrawn,False,2021-08-13,2022-01-17,High,4
SIH26017-PRJ-000488,SIH26017-PRJ-000488-CASE-01,Compensation Quantum Dispute,High Court,2020-09-04,Pending,False,2022-04-27,,High,3
SIH26017-PRJ-000489,SIH26017-PRJ-000489-CASE-01,Title Dispute,High Court,2023-09-23,Disposed-against,False,2025-05-15,2025-07-30,High,6
SIH26017-PRJ-000489,SIH26017-PRJ-000489-CASE-02,Compensation Quantum Dispute,District Court,2023-03-30,Pending,False,2024-01-24,,Low,1
SIH26017-PRJ-000490,SIH26017-PRJ-000490-CASE-01,Title Dispute,District Court,2018-01-13,Disposed-against,False,2018-11-09,2018-08-29,Medium,2
SIH26017-PRJ-000492,SIH26017-PRJ-000492-CASE-01,Title Dispute,LA Authority/Tribunal,2023-03-08,Disposed-in-favor,False,2023-10-14,2023-11-21,Medium,4
SIH26017-PRJ-000493,SIH26017-PRJ-000493-CASE-01,Title Dispute,District Court,2021-01-26,Pending,True,2021-11-22,,Low,1
SIH26017-PRJ-000498,SIH26017-PRJ-000498-CASE-01,Title Dispute,District Court,2019-01-10,Disposed-against,False,2019-11-06,2019-08-11,Low,6
SIH26017-PRJ-000500,SIH26017-PRJ-000500-CASE-01,Compensation Quantum Dispute,District Court,2028-02-04,Pending,False,2028-11-30,,Medium,1
SIH26017-PRJ-000504,SIH26017-PRJ-000504-CASE-01,Title Dispute,LA Authority/Tribunal,2017-10-25,Disposed-in-favor,False,2018-06-02,2018-06-21,Medium,5
SIH26017-PRJ-000506,SIH26017-PRJ-000506-CASE-01,Compensation Quantum Dispute,High Court,2018-11-17,Withdrawn,False,2020-07-09,2020-10-18,High,4
SIH26017-PRJ-000506,SIH26017-PRJ-000506-CASE-02,Land Acquisition Validity,LA Authority/Tribunal,2018-05-06,Disposed-against,False,2018-12-12,2018-12-04,High,2
SIH26017-PRJ-000507,SIH26017-PRJ-000507-CASE-01,Environmental Challenge,High Court,2019-10-19,Disposed-in-favor,False,2021-06-10,2021-03-07,High,2
SIH26017-PRJ-000507,SIH26017-PRJ-000507-CASE-02,Public Interest Litigation,District Court,2019-10-13,Disposed-against,False,2020-08-08,2020-09-11,Medium,18
SIH26017-PRJ-000508,SIH26017-PRJ-000508-CASE-01,Title Dispute,LA Authority/Tribunal,2026-05-04,Pending,False,2026-12-10,,Medium,2
SIH26017-PRJ-000509,SIH26017-PRJ-000509-CASE-01,Compensation Quantum Dispute,District Court,2022-09-29,Disposed-against,False,2023-07-26,2023-07-13,Medium,1
SIH26017-PRJ-000509,SIH26017-PRJ-000509-CASE-02,Title Dispute,High Court,2022-06-08,Pending,False,2024-01-29,,High,1
SIH26017-PRJ-000510,SIH26017-PRJ-000510-CASE-01,Title Dispute,High Court,2024-03-06,Withdrawn,False,2025-10-27,2024-11-18,High,2
SIH26017-PRJ-000511,SIH26017-PRJ-000511-CASE-01,Compensation Quantum Dispute,LA Authority/Tribunal,2022-10-27,Disposed-against,False,2023-06-04,2023-07-06,Medium,6
SIH26017-PRJ-000513,SIH26017-PRJ-000513-CASE-01,Compensation Quantum Dispute,LA Authority/Tribunal,2022-04-06,Pending,False,2022-11-12,,Medium,1
SIH26017-PRJ-000513,SIH26017-PRJ-000513-CASE-02,Public Interest Litigation,High Court,2021-01-18,Pending,False,2022-09-10,,High,20
SIH26017-PRJ-000515,SIH26017-PRJ-000515-CASE-01,Environmental Challenge,Supreme Court,2025-09-28,Pending,True,2028-05-05,,High,4
SIH26017-PRJ-000516,SIH26017-PRJ-000516-CASE-01,Environmental Challenge,LA Authority/Tribunal,2027-08-02,Pending,True,2028-03-09,,High,5
SIH26017-PRJ-000517,SIH26017-PRJ-000517-CASE-01,Public Interest Litigation,District Court,2022-02-02,Disposed-in-favor,False,2022-11-29,2022-10-29,Low,16
SIH26017-PRJ-000518,SIH26017-PRJ-000518-CASE-01,Public Interest Litigation,Supreme Court,2029-03-10,Pending,False,2031-10-16,,High,17
SIH26017-PRJ-000518,SIH26017-PRJ-000518-CASE-02,Compensation Quantum Dispute,High Court,2030-07-19,Pending,False,2032-03-10,,High,3
SIH26017-PRJ-000518,SIH26017-PRJ-000518-CASE-03,Environmental Challenge,District Court,2031-01-14,Pending,True,2031-11-10,,High,3
SIH26017-PRJ-000522,SIH26017-PRJ-000522-CASE-01,Compensation Quantum Dispute,Supreme Court,2018-12-15,Withdrawn,False,2021-07-22,2020-05-21,High,2
SIH26017-PRJ-000522,SIH26017-PRJ-000522-CASE-02,Title Dispute,LA Authority/Tribunal,2019-03-13,Disposed-in-favor,False,2019-10-19,2019-08-22,Medium,2
SIH26017-PRJ-000523,SIH26017-PRJ-000523-CASE-01,Land Acquisition Validity,District Court,2023-05-07,Pending,False,2024-03-02,,High,3
SIH26017-PRJ-000525,SIH26017-PRJ-000525-CASE-01,Public Interest Litigation,LA Authority/Tribunal,2022-12-31,Disposed-in-favor,False,2023-08-08,2023-06-02,Low,13
SIH26017-PRJ-000527,SIH26017-PRJ-000527-CASE-01,Compensation Quantum Dispute,Supreme Court,2021-10-14,Pending,False,2024-05-21,,High,4
SIH26017-PRJ-000530,SIH26017-PRJ-000530-CASE-01,Title Dispute,District Court,2020-09-22,Disposed-in-favor,False,2021-07-19,2021-05-21,Medium,2
SIH26017-PRJ-000530,SIH26017-PRJ-000530-CASE-02,Environmental Challenge,District Court,2020-06-15,Disposed-in-favor,False,2021-04-11,2022-04-02,High,4
SIH26017-PRJ-000533,SIH26017-PRJ-000533-CASE-01,Compensation Quantum Dispute,LA Authority/Tribunal,2023-10-18,Pending,False,2024-05-25,,Low,3
SIH26017-PRJ-000533,SIH26017-PRJ-000533-CASE-02,Compensation Quantum Dispute,District Court,2022-01-14,Disposed-against,False,2022-11-10,2022-09-20,Medium,6
SIH26017-PRJ-000534,SIH26017-PRJ-000534-CASE-01,Land Acquisition Validity,District Court,2026-01-26,Pending,True,2026-11-22,,High,2
SIH26017-PRJ-000535,SIH26017-PRJ-000535-CASE-01,Public Interest Litigation,LA Authority/Tribunal,2026-05-24,Pending,True,2026-12-30,,Medium,19
SIH26017-PRJ-000536,SIH26017-PRJ-000536-CASE-01,Compensation Quantum Dispute,LA Authority/Tribunal,2023-09-06,Disposed-against,False,2024-04-13,2024-06-14,Low,5
SIH26017-PRJ-000536,SIH26017-PRJ-000536-CASE-02,Land Acquisition Validity,High Court,2023-12-27,Withdrawn,False,2025-08-18,2025-03-14,High,4
SIH26017-PRJ-000536,SIH26017-PRJ-000536-CASE-03,Compensation Quantum Dispute,District Court,2025-08-28,Pending,False,2026-06-24,,Medium,1
SIH26017-PRJ-000536,SIH26017-PRJ-000536-CASE-04,Environmental Challenge,District Court,2025-09-09,Disposed-in-favor,False,2026-07-06,2026-06-13,High,2
SIH26017-PRJ-000537,SIH26017-PRJ-000537-CASE-01,Compensation Quantum Dispute,District Court,2021-06-27,Withdrawn,False,2022-04-23,2021-11-08,Medium,1
SIH26017-PRJ-000539,SIH26017-PRJ-000539-CASE-01,Others,LA Authority/Tribunal,2019-09-07,Pending,False,2020-04-14,,Low,1
SIH26017-PRJ-000539,SIH26017-PRJ-000539-CASE-02,Public Interest Litigation,LA Authority/Tribunal,2023-04-22,Disposed-in-favor,False,2023-11-28,2023-09-08,Medium,13
SIH26017-PRJ-000542,SIH26017-PRJ-000542-CASE-01,Title Dispute,LA Authority/Tribunal,2022-03-03,Withdrawn,False,2022-10-09,2022-07-05,Medium,3
SIH26017-PRJ-000542,SIH26017-PRJ-000542-CASE-02,Environmental Challenge,LA Authority/Tribunal,2021-04-26,Disposed-in-favor,False,2021-12-02,2021-11-01,High,4
SIH26017-PRJ-000542,SIH26017-PRJ-000542-CASE-03,Compensation Quantum Dispute,Supreme Court,2022-02-27,Disposed-against,False,2024-10-04,2024-10-05,High,4
SIH26017-PRJ-000543,SIH26017-PRJ-000543-CASE-01,Environmental Challenge,High Court,2023-06-18,Disposed-in-favor,False,2025-02-07,2025-02-08,High,1
SIH26017-PRJ-000544,SIH26017-PRJ-000544-CASE-01,Environmental Challenge,High Court,2023-01-24,Pending,False,2024-09-15,,High,4
SIH26017-PRJ-000546,SIH26017-PRJ-000546-CASE-01,Land Acquisition Validity,LA Authority/Tribunal,2023-12-30,Disposed-in-favor,False,2024-08-06,2025-09-03,High,1
SIH26017-PRJ-000546,SIH26017-PRJ-000546-CASE-02,Environmental Challenge,District Court,2023-02-22,Pending,True,2023-12-19,,High,5
SIH26017-PRJ-000547,SIH26017-PRJ-000547-CASE-01,Land Acquisition Validity,District Court,2024-10-21,Pending,True,2025-08-17,,High,8
SIH26017-PRJ-000548,SIH26017-PRJ-000548-CASE-01,Title Dispute,Supreme Court,2019-01-26,Disposed-in-favor,False,2021-09-02,2020-07-04,High,6
SIH26017-PRJ-000549,SIH26017-PRJ-000549-CASE-01,Title Dispute,High Court,2023-05-30,Pending,False,2025-01-19,,High,3
SIH26017-PRJ-000550,SIH26017-PRJ-000550-CASE-01,Environmental Challenge,District Court,2024-01-16,Pending,False,2024-11-11,,High,2
SIH26017-PRJ-000550,SIH26017-PRJ-000550-CASE-02,Others,LA Authority/Tribunal,2024-09-11,Disposed-in-favor,False,2025-04-19,2025-04-15,Low,3
SIH26017-PRJ-000551,SIH26017-PRJ-000551-CASE-01,Public Interest Litigation,LA Authority/Tribunal,2026-05-25,Pending,False,2026-12-31,,Low,16
SIH26017-PRJ-000556,SIH26017-PRJ-000556-CASE-01,Title Dispute,High Court,2025-06-26,Pending,False,2027-02-16,,High,3
SIH26017-PRJ-000556,SIH26017-PRJ-000556-CASE-02,Title Dispute,High Court,2023-03-31,Disposed-in-favor,False,2024-11-20,2024-08-17,High,5
SIH26017-PRJ-000558,SIH26017-PRJ-000558-CASE-01,Compensation Quantum Dispute,High Court,2022-09-04,Disposed-against,False,2024-04-26,2025-01-17,High,8
SIH26017-PRJ-000562,SIH26017-PRJ-000562-CASE-01,Environmental Challenge,District Court,2023-01-21,Pending,True,2023-11-17,,High,3
SIH26017-PRJ-000562,SIH26017-PRJ-000562-CASE-02,Public Interest Litigation,District Court,2024-03-18,Withdrawn,False,2025-01-12,2024-11-20,Medium,21
SIH26017-PRJ-000563,SIH26017-PRJ-000563-CASE-01,Environmental Challenge,LA Authority/Tribunal,2024-05-23,Withdrawn,False,2024-12-29,2024-10-29,High,5
SIH26017-PRJ-000564,SIH26017-PRJ-000564-CASE-01,Land Acquisition Validity,High Court,2025-09-10,Pending,False,2027-05-03,,High,3
SIH26017-PRJ-000564,SIH26017-PRJ-000564-CASE-02,Compensation Quantum Dispute,District Court,2024-01-07,Disposed-in-favor,False,2024-11-02,2024-11-08,Medium,7
SIH26017-PRJ-000565,SIH26017-PRJ-000565-CASE-01,Public Interest Litigation,High Court,2018-10-30,Pending,False,2020-06-21,,High,23
SIH26017-PRJ-000565,SIH26017-PRJ-000565-CASE-02,Public Interest Litigation,District Court,2019-08-01,Disposed-against,False,2020-05-27,2020-11-11,Medium,24
SIH26017-PRJ-000565,SIH26017-PRJ-000565-CASE-03,Title Dispute,High Court,2019-03-12,Disposed-in-favor,False,2020-11-01,2021-03-06,High,2
SIH26017-PRJ-000565,SIH26017-PRJ-000565-CASE-04,Public Interest Litigation,High Court,2017-06-11,Pending,True,2019-02-01,,High,21
SIH26017-PRJ-000565,SIH26017-PRJ-000565-CASE-05,Environmental Challenge,LA Authority/Tribunal,2019-10-09,Disposed-in-favor,False,2020-05-16,2020-02-23,High,3
SIH26017-PRJ-000566,SIH26017-PRJ-000566-CASE-01,Title Dispute,District Court,2024-07-06,Pending,False,2025-05-02,,Medium,2
SIH26017-PRJ-000566,SIH26017-PRJ-000566-CASE-02,Compensation Quantum Dispute,LA Authority/Tribunal,2020-06-17,Withdrawn,False,2021-01-23,2020-09-20,Low,1
SIH26017-PRJ-000567,SIH26017-PRJ-000567-CASE-01,Title Dispute,High Court,2023-09-12,Disposed-in-favor,False,2025-05-04,2024-10-20,High,2
SIH26017-PRJ-000568,SIH26017-PRJ-000568-CASE-01,Compensation Quantum Dispute,High Court,2023-12-26,Pending,False,2025-08-17,,High,3
SIH26017-PRJ-000569,SIH26017-PRJ-000569-CASE-01,Compensation Quantum Dispute,District Court,2026-12-02,Pending,False,2027-09-28,,Low,2
SIH26017-PRJ-000570,SIH26017-PRJ-000570-CASE-01,Land Acquisition Validity,High Court,2023-12-21,Pending,True,2025-08-12,,High,2
SIH26017-PRJ-000570,SIH26017-PRJ-000570-CASE-02,Land Acquisition Validity,District Court,2022-10-23,Disposed-in-favor,False,2023-08-19,2024-01-21,High,3
SIH26017-PRJ-000571,SIH26017-PRJ-000571-CASE-01,Title Dispute,Supreme Court,2024-02-18,Withdrawn,False,2026-09-25,2026-03-12,High,1
SIH26017-PRJ-000571,SIH26017-PRJ-000571-CASE-02,Title Dispute,High Court,2023-07-04,Pending,True,2025-02-23,,High,4
SIH26017-PRJ-000571,SIH26017-PRJ-000571-CASE-03,Compensation Quantum Dispute,High Court,2021-07-19,Pending,False,2023-03-11,,High,4
SIH26017-PRJ-000575,SIH26017-PRJ-000575-CASE-01,Compensation Quantum Dispute,High Court,2026-02-05,Pending,False,2027-09-28,,High,3
SIH26017-PRJ-000577,SIH26017-PRJ-000577-CASE-01,Compensation Quantum Dispute,High Court,2019-08-11,Disposed-in-favor,False,2021-04-02,2021-10-18,High,4
SIH26017-PRJ-000577,SIH26017-PRJ-000577-CASE-02,Title Dispute,District Court,2018-12-20,Disposed-in-favor,False,2019-10-16,2019-11-16,Medium,4
SIH26017-PRJ-000578,SIH26017-PRJ-000578-CASE-01,Compensation Quantum Dispute,District Court,2018-01-03,Pending,False,2018-10-30,,Low,7
SIH26017-PRJ-000579,SIH26017-PRJ-000579-CASE-01,Title Dispute,High Court,2020-05-12,Disposed-against,False,2022-01-02,2021-11-25,High,3
SIH26017-PRJ-000581,SIH26017-PRJ-000581-CASE-01,Land Acquisition Validity,District Court,2024-02-29,Disposed-in-favor,False,2024-12-25,2024-12-07,High,4
SIH26017-PRJ-000581,SIH26017-PRJ-000581-CASE-02,Others,District Court,2024-06-14,Pending,False,2025-04-10,,Low,2
SIH26017-PRJ-000584,SIH26017-PRJ-000584-CASE-01,Compensation Quantum Dispute,LA Authority/Tribunal,2020-11-18,Disposed-in-favor,False,2021-06-26,2021-07-01,Low,1
SIH26017-PRJ-000585,SIH26017-PRJ-000585-CASE-01,Compensation Quantum Dispute,LA Authority/Tribunal,2024-04-16,Pending,False,2024-11-22,,Medium,4
SIH26017-PRJ-000586,SIH26017-PRJ-000586-CASE-01,Public Interest Litigation,District Court,2024-05-17,Withdrawn,False,2025-03-13,2025-04-19,Medium,14
SIH26017-PRJ-000586,SIH26017-PRJ-000586-CASE-02,Title Dispute,District Court,2023-07-20,Disposed-in-favor,False,2024-05-15,2024-03-12,Medium,1
SIH26017-PRJ-000589,SIH26017-PRJ-000589-CASE-01,Others,LA Authority/Tribunal,2025-05-15,Disposed-in-favor,False,2025-12-21,2025-11-12,Medium,2
SIH26017-PRJ-000589,SIH26017-PRJ-000589-CASE-02,Compensation Quantum Dispute,High Court,2024-12-28,Disposed-in-favor,False,2026-08-20,2025-11-24,High,3
SIH26017-PRJ-000589,SIH26017-PRJ-000589-CASE-03,Title Dispute,District Court,2025-11-17,Pending,False,2026-09-13,,Low,1
SIH26017-PRJ-000592,SIH26017-PRJ-000592-CASE-01,Environmental Challenge,Supreme Court,2027-07-21,Pending,True,2030-02-25,,High,1
SIH26017-PRJ-000592,SIH26017-PRJ-000592-CASE-02,Title Dispute,High Court,2027-10-22,Pending,False,2029-06-13,,High,1
SIH26017-PRJ-000592,SIH26017-PRJ-000592-CASE-03,Title Dispute,Supreme Court,2027-07-23,Pending,False,2030-02-27,,High,3
SIH26017-PRJ-000594,SIH26017-PRJ-000594-CASE-01,Public Interest Litigation,District Court,2021-08-09,Pending,False,2022-06-05,,Low,22
SIH26017-PRJ-000594,SIH26017-PRJ-000594-CASE-02,Environmental Challenge,LA Authority/Tribunal,2020-12-20,Pending,True,2021-07-28,,High,3
SIH26017-PRJ-000595,SIH26017-PRJ-000595-CASE-01,Public Interest Litigation,High Court,2017-07-14,Disposed-in-favor,False,2019-03-06,2019-04-12,High,13
SIH26017-PRJ-000596,SIH26017-PRJ-000596-CASE-01,Environmental Challenge,High Court,2023-09-18,Pending,True,2025-05-10,,High,3
SIH26017-PRJ-000596,SIH26017-PRJ-000596-CASE-02,Compensation Quantum Dispute,District Court,2023-10-23,Disposed-in-favor,False,2024-08-18,2024-07-30,Medium,2
SIH26017-PRJ-000599,SIH26017-PRJ-000599-CASE-01,Compensation Quantum Dispute,LA Authority/Tribunal,2021-03-27,Disposed-in-favor,False,2021-11-02,2021-08-01,Low,5
