project_id,actual_land_acquisition_completion_date,project_status_current,land_acquisition_delay_days,land_acquisition_delay_category,resolution_known_date,outcome_as_of_date
SIH26017-PRJ-000001,,Ongoing,,,,2026-08-15
SIH26017-PRJ-000002,,Stalled,,Stalled-Abandoned,2019-05-13,2026-08-15
SIH26017-PRJ-000003,,Ongoing,,,,2026-08-15
SIH26017-PRJ-000004,,Ongoing,,,,2026-08-15
SIH26017-PRJ-000005,,Stalled,,Stalled-Abandoned,2022-05-26,2026-08-15
SIH26017-PRJ-000006,,Stalled,,Stalled-Abandoned,2021-01-24,2026-08-15
SIH26017-PRJ-000007,,Ongoing,,,,2026-08-15
SIH26017-PRJ-000008,,Stalled,,Stalled-Abandoned,2021-05-07,2026-08-15
SIH26017-PRJ-000009,,Ongoing,,,,2026-08-15
SIH26017-PRJ-000010,2023-08-10,Completed,178.0,Minor Delay (<=6mo),2023-08-10,2026-08-15
SIH26017-PRJ-000011,,Ongoing,,,,2026-08-15
SIH26017-PRJ-000012,2019-09-27,Completed,11.0,On-Time,2019-09-27,2026-08-15
SIH26017-PRJ-000013,,Stalled,,Stalled-Abandoned,2025-08-02,2026-08-15
SIH26017-PRJ-000014,2024-07-06,Completed,6.0,On-Time,2024-07-06,2026-08-15
SIH26017-PRJ-000015,,Ongoing,,,,2026-08-15
SIH26017-PRJ-000016,,Ongoing,,,,2026-08-15
SIH26017-PRJ-000017,,Ongoing,,,,2026-08-15
SIH26017-PRJ-000018,2024-08-10,Completed,66.0,Minor Delay (<=6mo),2024-08-10,2026-08-15
SIH26017-PRJ-000019,2020-08-12,Completed,83.0,Minor Delay (<=6mo),2020-08-12,2026-08-15
SIH26017-PRJ-000020,2022-08-10,Completed,85.0,Minor Delay (<=6mo),2022-08-10,2026-08-15
SIH26017-PRJ-000021,,Ongoing,,,,2026-08-15
SIH26017-PRJ-000022,2025-04-20,Completed,453.0,Major Delay (6-18mo),2025-04-20,2026-08-15
SIH26017-PRJ-000023,,Ongoing,,,,2026-08-15
SIH26017-PRJ-000024,,Stalled,,Stalled-Abandoned,2019-06-29,2026-08-15
SIH26017-PRJ-000025,,Ongoing,,,,2026-08-15
SIH26017-PRJ-000026,,Stalled,,Stalled-Abandoned,2019-06-27,2026-08-15
SIH26017-PRJ-000027,2023-10-06,Completed,296.0,Major Delay (6-18mo),2023-10-06,2026-08-15
SIH26017-PRJ-000028,,Stalled,,Stalled-Abandoned,2017-10-17,2026-08-15
SIH26017-PRJ-000029,,Ongoing,,,,2026-08-15
SIH26017-PRJ-000030,2026-06-15,Completed,81.0,Minor Delay (<=6mo),2026-06-15,2026-08-15
SIH26017-PRJ-000031,,Stalled,,Stalled-Abandoned,2025-03-25,2026-08-15
SIH26017-PRJ-000032,,Stalled,,Stalled-Abandoned,2018-12-03,2026-08-15
SIH26017-PRJ-000033,2025-07-19,Completed,22.0,On-Time,2025-07-19,2026-08-15
SIH26017-PRJ-000034,,Ongoing,,,,2026-08-15
SIH26017-PRJ-000035,2020-03-06,Completed,28.0,On-Time,2020-03-06,2026-08-15
SIH26017-PRJ-000036,2021-08-09,Completed,-3.0,On-Time,2021-08-09,2026-08-15
SIH26017-PRJ-000037,,Ongoing,,,,2026-08-15
SIH26017-PRJ-000038,,Ongoing,,,,2026-08-15
SIH26017-PRJ-000039,,Ongoing,,,,2026-08-15
SIH26017-PRJ-000040,,Stalled,,Stalled-Abandoned,2021-11-09,2026-08-15
SIH26017-PRJ-000041,2023-12-05,Completed,62.0,Minor Delay (<=6mo),2023-12-05,2026-08-15
SIH26017-PRJ-000042,2021-01-22,Completed,14.0,On-Time,2021-01-22,2026-08-15
SIH26017-PRJ-000043,,Stalled,,Stalled-Abandoned,2022-12-03,2026-08-15
SIH26017-PRJ-000044,2020-03-25,Completed,-25.0,On-Time,2020-03-25,2026-08-15
SIH26017-PRJ-000045,2022-01-27,Completed,81.0,Minor Delay (<=6mo),2022-01-27,2026-08-15
SIH26017-PRJ-000046,,Ongoing,,,,2026-08-15
SIH26017-PRJ-000047,2025-04-07,Completed,180.0,Minor Delay (<=6mo),2025-04-07,2026-08-15
SIH26017-PRJ-000048,,Ongoing,,,,2026-08-15
SIH26017-PRJ-000049,2017-05-09,Completed,34.0,Minor Delay (<=6mo),2017-05-09,2026-08-15
SIH26017-PRJ-000050,2024-04-17,Completed,109.0,Minor Delay (<=6mo),2024-04-17,2026-08-15
SIH26017-PRJ-000051,,Ongoing,,,,2026-08-15
SIH26017-PRJ-000052,,Stalled,,Stalled-Abandoned,2025-11-06,2026-08-15
SIH26017-PRJ-000053,2021-10-16,Completed,17.0,On-Time,2021-10-16,2026-08-15
SIH26017-PRJ-000054,2020-09-27,Completed,123.0,Minor Delay (<=6mo),2020-09-27,2026-08-15
SIH26017-PRJ-000055,,Stalled,,Stalled-Abandoned,2023-12-07,2026-08-15
SIH26017-PRJ-000056,2023-11-16,Completed,75.0,Minor Delay (<=6mo),2023-11-16,2026-08-15
SIH26017-PRJ-000057,,Stalled,,Stalled-Abandoned,2022-12-06,2026-08-15
SIH26017-PRJ-000058,,Stalled,,Stalled-Abandoned,2025-12-28,2026-08-15
SIH26017-PRJ-000059,,Stalled,,Stalled-Abandoned,2020-02-03,2026-08-15
SIH26017-PRJ-000060,,Ongoing,,,,2026-08-15
SIH26017-PRJ-000061,,Ongoing,,,,2026-08-15
SIH26017-PRJ-000062,2025-05-05,Completed,30.0,On-Time,2025-05-05,2026-08-15
SIH26017-PRJ-000063,,Ongoing,,,,2026-08-15
SIH26017-PRJ-000064,,Ongoing,,,,2026-08-15
SIH26017-PRJ-000065,,Ongoing,,,,2026-08-15
SIH26017-PRJ-000066,2024-11-25,Completed,-28.0,On-Time,2024-11-25,2026-08-15
SIH26017-PRJ-000067,2019-11-17,Completed,129.0,Minor Delay (<=6mo),2019-11-17,2026-08-15
SIH26017-PRJ-000068,2026-03-11,Completed,290.0,Major Delay (6-18mo),2026-03-11,2026-08-15
SIH26017-PRJ-000069,2021-07-10,Completed,93.0,Minor Delay (<=6mo),2021-07-10,2026-08-15
SIH26017-PRJ-000070,,Ongoing,,,,2026-08-15
SIH26017-PRJ-000071,2025-03-21,Completed,78.0,Minor Delay (<=6mo),2025-03-21,2026-08-15
SIH26017-PRJ-000072,,Ongoing,,,,2026-08-15
SIH26017-PRJ-000073,,Ongoing,,,,2026-08-15
SIH26017-PRJ-000074,2020-07-26,Completed,81.0,Minor Delay (<=6mo),2020-07-26,2026-08-15
SIH26017-PRJ-000075,2023-06-29,Completed,59.0,Minor Delay (<=6mo),2023-06-29,2026-08-15
SIH26017-PRJ-000076,2022-08-09,Completed,38.0,Minor Delay (<=6mo),2022-08-09,2026-08-15
SIH26017-PRJ-000077,2018-12-15,Completed,19.0,On-Time,2018-12-15,2026-08-15
SIH26017-PRJ-000078,,Ongoing,,,,2026-08-15
SIH26017-PRJ-000079,,Ongoing,,,,2026-08-15
SIH26017-PRJ-000080,,Ongoing,,,,2026-08-15
SIH26017-PRJ-000081,2024-04-22,Completed,60.0,Minor Delay (<=6mo),2024-04-22,2026-08-15
SIH26017-PRJ-000082,,Stalled,,Stalled-Abandoned,2025-03-08,2026-08-15
SIH26017-PRJ-000083,2023-03-26,Completed,25.0,On-Time,2023-03-26,2026-08-15
SIH26017-PRJ-000084,2025-04-14,Completed,95.0,Minor Delay (<=6mo),2025-04-14,2026-08-15
SIH26017-PRJ-000085,2026-07-19,Completed,7.0,On-Time,2026-07-19,2026-08-15
SIH26017-PRJ-000086,2025-06-20,Completed,12.0,On-Time,2025-06-20,2026-08-15
SIH26017-PRJ-000087,,Stalled,,Stalled-Abandoned,2025-09-03,2026-08-15
SIH26017-PRJ-000088,2023-12-15,Completed,53.0,Minor Delay (<=6mo),2023-12-15,2026-08-15
SIH26017-PRJ-000089,2025-12-28,Completed,246.0,Major Delay (6-18mo),2025-12-28,2026-08-15
SIH26017-PRJ-000090,2024-07-24,Completed,3.0,On-Time,2024-07-24,2026-08-15
SIH26017-PRJ-000091,,Stalled,,Stalled-Abandoned,2024-04-21,2026-08-15
SIH26017-PRJ-000092,2024-01-02,Completed,-24.0,On-Time,2024-01-02,2026-08-15
SIH26017-PRJ-000093,,Ongoing,,,,2026-08-15
SIH26017-PRJ-000094,,Ongoing,,,,2026-08-15
SIH26017-PRJ-000095,,Stalled,,Stalled-Abandoned,2023-05-13,2026-08-15
SIH26017-PRJ-000096,2021-01-23,Completed,84.0,Minor Delay (<=6mo),2021-01-23,2026-08-15
SIH26017-PRJ-000097,,Ongoing,,,,2026-08-15
SIH26017-PRJ-000098,2026-04-27,Completed,19.0,On-Time,2026-04-27,2026-08-15
SIH26017-PRJ-000099,2021-09-29,Completed,-28.0,On-Time,2021-09-29,2026-08-15
SIH26017-PRJ-000100,,Stalled,,Stalled-Abandoned,2023-11-27,2026-08-15
SIH26017-PRJ-000101,2022-02-07,Completed,279.0,Major Delay (6-18mo),2022-02-07,2026-08-15
SIH26017-PRJ-000102,,Ongoing,,,,2026-08-15
SIH26017-PRJ-000103,,Stalled,,Stalled-Abandoned,2017-11-16,2026-08-15
SIH26017-PRJ-000104,,Stalled,,Stalled-Abandoned,2025-11-02,2026-08-15
SIH26017-PRJ-000105,,Ongoing,,,,2026-08-15
SIH26017-PRJ-000106,2023-08-07,Completed,61.0,Minor Delay (<=6mo),2023-08-07,2026-08-15
SIH26017-PRJ-000107,,Stalled,,Stalled-Abandoned,2023-09-25,2026-08-15
SIH26017-PRJ-000108,,Ongoing,,,,2026-08-15
SIH26017-PRJ-000109,2024-02-09,Completed,9.0,On-Time,2024-02-09,2026-08-15
SIH26017-PRJ-000110,,Ongoing,,,,2026-08-15
SIH26017-PRJ-000111,2024-08-12,Completed,-4.0,On-Time,2024-08-12,2026-08-15
SIH26017-PRJ-000112,2017-11-28,Completed,0.0,On-Time,2017-11-28,2026-08-15
SIH26017-PRJ-000113,,Ongoing,,,,2026-08-15
SIH26017-PRJ-000114,2024-10-19,Completed,107.0,Minor Delay (<=6mo),2024-10-19,2026-08-15
SIH26017-PRJ-000115,2020-11-23,Completed,65.0,Minor Delay (<=6mo),2020-11-23,2026-08-15
SIH26017-PRJ-000116,2020-04-07,Completed,4.0,On-Time,2020-04-07,2026-08-15
SIH26017-PRJ-000117,,Stalled,,Stalled-Abandoned,2022-11-12,2026-08-15
SIH26017-PRJ-000118,2025-10-18,Completed,156.0,Minor Delay (<=6mo),2025-10-18,2026-08-15
SIH26017-PRJ-000119,2025-12-14,Completed,1.0,On-Time,2025-12-14,2026-08-15
SIH26017-PRJ-000120,,Ongoing,,,,2026-08-15
SIH26017-PRJ-000121,,Stalled,,Stalled-Abandoned,2021-01-11,2026-08-15
SIH26017-PRJ-000122,,Stalled,,Stalled-Abandoned,2025-12-20,2026-08-15
SIH26017-PRJ-000123,,Ongoing,,,,2026-08-15
SIH26017-PRJ-000124,,Stalled,,Stalled-Abandoned,2022-07-26,2026-08-15
SIH26017-PRJ-000125,,Stalled,,Stalled-Abandoned,2021-03-30,2026-08-15
SIH26017-PRJ-000126,2022-05-12,Completed,23.0,On-Time,2022-05-12,2026-08-15
SIH26017-PRJ-000127,,Ongoing,,,,2026-08-15
SIH26017-PRJ-000128,,Stalled,,Stalled-Abandoned,2019-01-26,2026-08-15
SIH26017-PRJ-000129,,Stalled,,Stalled-Abandoned,2021-01-19,2026-08-15
SIH26017-PRJ-000130,2021-11-12,Completed,-24.0,On-Time,2021-11-12,2026-08-15
SIH26017-PRJ-000131,,Stalled,,Stalled-Abandoned,2026-07-27,2026-08-15
SIH26017-PRJ-000132,2018-06-09,Completed,-3.0,On-Time,2018-06-09,2026-08-15
SIH26017-PRJ-000133,2024-09-02,Completed,141.0,Minor Delay (<=6mo),2024-09-02,2026-08-15
SIH26017-PRJ-000134,2023-01-03,Completed,55.0,Minor Delay (<=6mo),2023-01-03,2026-08-15
SIH26017-PRJ-000135,,Ongoing,,,,2026-08-15
SIH26017-PRJ-000136,2022-01-12,Completed,-28.0,On-Time,2022-01-12,2026-08-15
SIH26017-PRJ-000137,2026-04-23,Completed,109.0,Minor Delay (<=6mo),2026-04-23,2026-08-15
SIH26017-PRJ-000138,2021-03-04,Completed,-10.0,On-Time,2021-03-04,2026-08-15
SIH26017-PRJ-000139,,Stalled,,Stalled-Abandoned,2023-10-29,2026-08-15
SIH26017-PRJ-000140,,Stalled,,Stalled-Abandoned,2025-07-28,2026-08-15
SIH26017-PRJ-000141,2022-03-25,Completed,60.0,Minor Delay (<=6mo),2022-03-25,2026-08-15
SIH26017-PRJ-000142,2025-02-16,Completed,35.0,Minor Delay (<=6mo),2025-02-16,2026-08-15
SIH26017-PRJ-000143,2018-11-16,Completed,-28.0,On-Time,2018-11-16,2026-08-15
SIH26017-PRJ-000144,2025-01-21,Completed,-9.0,On-Time,2025-01-21,2026-08-15
SIH26017-PRJ-000145,,Ongoing,,,,2026-08-15
SIH26017-PRJ-000146,,Ongoing,,,,2026-08-15
SIH26017-PRJ-000147,2023-12-07,Completed,122.0,Minor Delay (<=6mo),2023-12-07,2026-08-15
SIH26017-PRJ-000148,2025-09-05,Completed,-19.0,On-Time,2025-09-05,2026-08-15
SIH26017-PRJ-000149,,Ongoing,,,,2026-08-15
SIH26017-PRJ-000150,,Ongoing,,,,2026-08-15
SIH26017-PRJ-000151,,Ongoing,,,,2026-08-15
SIH26017-PRJ-000152,,Stalled,,Stalled-Abandoned,2018-07-30,2026-08-15
SIH26017-PRJ-000153,,Ongoing,,,,2026-08-15
SIH26017-PRJ-000154,,Stalled,,Stalled-Abandoned,2024-11-25,2026-08-15
SIH26017-PRJ-000155,2023-11-19,Completed,221.0,Major Delay (6-18mo),2023-11-19,2026-08-15
SIH26017-PRJ-000156,2026-01-22,Completed,55.0,Minor Delay (<=6mo),2026-01-22,2026-08-15
SIH26017-PRJ-000157,2024-09-22,Completed,257.0,Major Delay (6-18mo),2024-09-22,2026-08-15
SIH26017-PRJ-000158,,Stalled,,Stalled-Abandoned,2018-11-09,2026-08-15
SIH26017-PRJ-000159,,Stalled,,Stalled-Abandoned,2025-11-19,2026-08-15
SIH26017-PRJ-000160,2022-08-26,Completed,180.0,Minor Delay (<=6mo),2022-08-26,2026-08-15
SIH26017-PRJ-000161,2017-09-05,Completed,0.0,On-Time,2017-09-05,2026-08-15
SIH26017-PRJ-000162,,Ongoing,,,,2026-08-15
SIH26017-PRJ-000163,2024-05-25,Completed,-7.0,On-Time,2024-05-25,2026-08-15
SIH26017-PRJ-000164,,Stalled,,Stalled-Abandoned,2019-01-02,2026-08-15
SIH26017-PRJ-000165,2025-11-14,Completed,84.0,Minor Delay (<=6mo),2025-11-14,2026-08-15
SIH26017-PRJ-000166,,Stalled,,Stalled-Abandoned,2022-07-26,2026-08-15
SIH26017-PRJ-000167,,Ongoing,,,,2026-08-15
SIH26017-PRJ-000168,,Stalled,,Stalled-Abandoned,2026-01-12,2026-08-15
SIH26017-PRJ-000169,,Stalled,,Stalled-Abandoned,2021-01-19,2026-08-15
SIH26017-PRJ-000170,,Ongoing,,,,2026-08-15
SIH26017-PRJ-000171,,Ongoing,,,,2026-08-15
SIH26017-PRJ-000172,,Stalled,,Stalled-Abandoned,2025-01-12,2026-08-15
SIH26017-PRJ-000173,,Ongoing,,,,2026-08-15
SIH26017-PRJ-000174,2024-01-22,Completed,63.0,Minor Delay (<=6mo),2024-01-22,2026-08-15
SIH26017-PRJ-000175,2023-11-26,Completed,73.0,Minor Delay (<=6mo),2023-11-26,2026-08-15
SIH26017-PRJ-000176,2022-07-15,Completed,6.0,On-Time,2022-07-15,2026-08-15
SIH26017-PRJ-000177,,Ongoing,,,,2026-08-15
SIH26017-PRJ-000178,,Ongoing,,,,2026-08-15
SIH26017-PRJ-000179,2023-04-26,Completed,50.0,Minor Delay (<=6mo),2023-04-26,2026-08-15
SIH26017-PRJ-000180,,Stalled,,Stalled-Abandoned,2018-09-17,2026-08-15
SIH26017-PRJ-000181,,Ongoing,,,,2026-08-15
SIH26017-PRJ-000182,2022-08-10,Completed,-19.0,On-Time,2022-08-10,2026-08-15
SIH26017-PRJ-000183,,Ongoing,,,,2026-08-15
SIH26017-PRJ-000184,,Ongoing,,,,2026-08-15
SIH26017-PRJ-000185,,Stalled,,Stalled-Abandoned,2018-09-04,2026-08-15
SIH26017-PRJ-000186,,Stalled,,Stalled-Abandoned,2019-10-17,2026-08-15
SIH26017-PRJ-000187,,Ongoing,,,,2026-08-15
SIH26017-PRJ-000188,2026-01-14,Completed,169.0,Minor Delay (<=6mo),2026-01-14,2026-08-15
SIH26017-PRJ-000189,2022-10-02,Completed,1.0,On-Time,2022-10-02,2026-08-15
SIH26017-PRJ-000190,,Stalled,,Stalled-Abandoned,2020-08-08,2026-08-15
SIH26017-PRJ-000191,2025-01-20,Completed,-7.0,On-Time,2025-01-20,2026-08-15
SIH26017-PRJ-000192,2020-11-18,Completed,33.0,Minor Delay (<=6mo),2020-11-18,2026-08-15
SIH26017-PRJ-000193,2026-04-20,Completed,-8.0,On-Time,2026-04-20,2026-08-15
SIH26017-PRJ-000194,2020-11-10,Completed,22.0,On-Time,2020-11-10,2026-08-15
SIH26017-PRJ-000195,2025-03-23,Completed,8.0,On-Time,2025-03-23,2026-08-15
SIH26017-PRJ-000196,,Ongoing,,,,2026-08-15
SIH26017-PRJ-000197,2024-01-31,Completed,136.0,Minor Delay (<=6mo),2024-01-31,2026-08-15
SIH26017-PRJ-000198,,Stalled,,Stalled-Abandoned,2022-12-29,2026-08-15
SIH26017-PRJ-000199,,Ongoing,,,,2026-08-15
SIH26017-PRJ-000200,,Ongoing,,,,2026-08-15
SIH26017-PRJ-000201,,Ongoing,,,,2026-08-15
SIH26017-PRJ-000202,2026-02-23,Completed,99.0,Minor Delay (<=6mo),2026-02-23,2026-08-15
SIH26017-PRJ-000203,,Ongoing,,,,2026-08-15
SIH26017-PRJ-000204,,Stalled,,Stalled-Abandoned,2023-08-30,2026-08-15
SIH26017-PRJ-000205,,Stalled,,Stalled-Abandoned,2025-01-09,2026-08-15
SIH26017-PRJ-000206,,Stalled,,Stalled-Abandoned,2023-09-11,2026-08-15
SIH26017-PRJ-000207,,Stalled,,Stalled-Abandoned,2022-09-03,2026-08-15
SIH26017-PRJ-000208,,Ongoing,,,,2026-08-15
SIH26017-PRJ-000209,,Ongoing,,,,2026-08-15
SIH26017-PRJ-000210,2023-01-08,Completed,265.0,Major Delay (6-18mo),2023-01-08,2026-08-15
SIH26017-PRJ-000211,2017-12-16,Completed,-15.0,On-Time,2017-12-16,2026-08-15
SIH26017-PRJ-000212,,Stalled,,Stalled-Abandoned,2019-02-03,2026-08-15
SIH26017-PRJ-000213,2025-02-23,Completed,31.0,Minor Delay (<=6mo),2025-02-23,2026-08-15
SIH26017-PRJ-000214,2019-05-02,Completed,87.0,Minor Delay (<=6mo),2019-05-02,2026-08-15
SIH26017-PRJ-000215,,Stalled,,Stalled-Abandoned,2022-07-24,2026-08-15
SIH26017-PRJ-000216,,Ongoing,,,,2026-08-15
SIH26017-PRJ-000217,2023-12-03,Completed,13.0,On-Time,2023-12-03,2026-08-15
SIH26017-PRJ-000218,,Stalled,,Stalled-Abandoned,2023-02-24,2026-08-15
SIH26017-PRJ-000219,2026-07-25,Completed,215.0,Major Delay (6-18mo),2026-07-25,2026-08-15
SIH26017-PRJ-000220,2023-07-31,Completed,14.0,On-Time,2023-07-31,2026-08-15
SIH26017-PRJ-000221,2025-09-06,Completed,52.0,Minor Delay (<=6mo),2025-09-06,2026-08-15
SIH26017-PRJ-000222,2023-10-08,Completed,130.0,Minor Delay (<=6mo),2023-10-08,2026-08-15
SIH26017-PRJ-000223,,Stalled,,Stalled-Abandoned,2021-07-28,2026-08-15
SIH26017-PRJ-000224,2021-06-23,Completed,56.0,Minor Delay (<=6mo),2021-06-23,2026-08-15
SIH26017-PRJ-000225,2018-05-10,Completed,8.0,On-Time,2018-05-10,2026-08-15
SIH26017-PRJ-000226,2022-12-16,Completed,-14.0,On-Time,2022-12-16,2026-08-15
SIH26017-PRJ-000227,,Ongoing,,,,2026-08-15
SIH26017-PRJ-000228,,Ongoing,,,,2026-08-15
SIH26017-PRJ-000229,,Stalled,,Stalled-Abandoned,2024-03-15,2026-08-15
SIH26017-PRJ-000230,,Stalled,,Stalled-Abandoned,2020-12-13,2026-08-15
SIH26017-PRJ-000231,2025-11-21,Completed,102.0,Minor Delay (<=6mo),2025-11-21,2026-08-15
SIH26017-PRJ-000232,,Ongoing,,,,2026-08-15
SIH26017-PRJ-000233,,Ongoing,,,,2026-08-15
SIH26017-PRJ-000234,2023-11-18,Completed,63.0,Minor Delay (<=6mo),2023-11-18,2026-08-15
SIH26017-PRJ-000235,,Stalled,,Stalled-Abandoned,2025-09-24,2026-08-15
SIH26017-PRJ-000236,,Stalled,,Stalled-Abandoned,2026-05-03,2026-08-15
SIH26017-PRJ-000237,2018-02-26,Completed,28.0,On-Time,2018-02-26,2026-08-15
SIH26017-PRJ-000238,,Ongoing,,,,2026-08-15
SIH26017-PRJ-000239,2024-06-10,Completed,112.0,Minor Delay (<=6mo),2024-06-10,2026-08-15
SIH26017-PRJ-000240,2023-10-11,Completed,152.0,Minor Delay (<=6mo),2023-10-11,2026-08-15
SIH26017-PRJ-000241,,Ongoing,,,,2026-08-15
SIH26017-PRJ-000242,,Ongoing,,,,2026-08-15
SIH26017-PRJ-000243,,Ongoing,,,,2026-08-15
SIH26017-PRJ-000244,2022-02-16,Completed,111.0,Minor Delay (<=6mo),2022-02-16,2026-08-15
SIH26017-PRJ-000245,2025-06-21,Completed,217.0,Major Delay (6-18mo),2025-06-21,2026-08-15
SIH26017-PRJ-000246,,Ongoing,,,,2026-08-15
SIH26017-PRJ-000247,2019-12-31,Completed,58.0,Minor Delay (<=6mo),2019-12-31,2026-08-15
SIH26017-PRJ-000248,2021-07-07,Completed,201.0,Major Delay (6-18mo),2021-07-07,2026-08-15
SIH26017-PRJ-000249,2022-04-02,Completed,11.0,On-Time,2022-04-02,2026-08-15
SIH26017-PRJ-000250,2024-08-28,Completed,187.0,Major Delay (6-18mo),2024-08-28,2026-08-15
SIH26017-PRJ-000251,2019-11-27,Completed,9.0,On-Time,2019-11-27,2026-08-15
SIH26017-PRJ-000252,2021-06-02,Completed,2.0,On-Time,2021-06-02,2026-08-15
SIH26017-PRJ-000253,,Stalled,,Stalled-Abandoned,2016-12-28,2026-08-15
SIH26017-PRJ-000254,2025-04-15,Completed,67.0,Minor Delay (<=6mo),2025-04-15,2026-08-15
SIH26017-PRJ-000255,,Stalled,,Stalled-Abandoned,2024-05-29,2026-08-15
SIH26017-PRJ-000256,2025-09-16,Completed,33.0,Minor Delay (<=6mo),2025-09-16,2026-08-15
SIH26017-PRJ-000257,2026-06-12,Completed,-17.0,On-Time,2026-06-12,2026-08-15
SIH26017-PRJ-000258,2019-10-13,Completed,14.0,On-Time,2019-10-13,2026-08-15
SIH26017-PRJ-000259,2023-06-01,Completed,17.0,On-Time,2023-06-01,2026-08-15
SIH26017-PRJ-000260,,Ongoing,,,,2026-08-15
SIH26017-PRJ-000261,2021-12-01,Completed,45.0,Minor Delay (<=6mo),2021-12-01,2026-08-15
SIH26017-PRJ-000262,2019-11-07,Completed,65.0,Minor Delay (<=6mo),2019-11-07,2026-08-15
SIH26017-PRJ-000263,2023-01-11,Completed,-31.0,On-Time,2023-01-11,2026-08-15
SIH26017-PRJ-000264,,Stalled,,Stalled-Abandoned,2024-10-26,2026-08-15
SIH26017-PRJ-000265,2022-01-16,Completed,11.0,On-Time,2022-01-16,2026-08-15
SIH26017-PRJ-000266,,Ongoing,,,,2026-08-15
SIH26017-PRJ-000267,,Ongoing,,,,2026-08-15
SIH26017-PRJ-000268,,Stalled,,Stalled-Abandoned,2018-03-27,2026-08-15
SIH26017-PRJ-000269,,Stalled,,Stalled-Abandoned,2024-11-04,2026-08-15
SIH26017-PRJ-000270,,Stalled,,Stalled-Abandoned,2025-02-20,2026-08-15
SIH26017-PRJ-000271,2022-10-06,Completed,214.0,Major Delay (6-18mo),2022-10-06,2026-08-15
SIH26017-PRJ-000272,2024-05-11,Completed,251.0,Major Delay (6-18mo),2024-05-11,2026-08-15
SIH26017-PRJ-000273,2025-10-06,Completed,12.0,On-Time,2025-10-06,2026-08-15
SIH26017-PRJ-000274,,Ongoing,,,,2026-08-15
SIH26017-PRJ-000275,,Stalled,,Stalled-Abandoned,2018-12-09,2026-08-15
SIH26017-PRJ-000276,,Ongoing,,,,2026-08-15
SIH26017-PRJ-000277,2025-08-21,Completed,42.0,Minor Delay (<=6mo),2025-08-21,2026-08-15
SIH26017-PRJ-000278,2023-02-12,Completed,139.0,Minor Delay (<=6mo),2023-02-12,2026-08-15
SIH26017-PRJ-000279,,Stalled,,Stalled-Abandoned,2023-08-12,2026-08-15
SIH26017-PRJ-000280,2023-09-13,Completed,-8.0,On-Time,2023-09-13,2026-08-15
SIH26017-PRJ-000281,,Ongoing,,,,2026-08-15
SIH26017-PRJ-000282,,Stalled,,Stalled-Abandoned,2022-09-04,2026-08-15
SIH26017-PRJ-000283,,Stalled,,Stalled-Abandoned,2023-11-26,2026-08-15
SIH26017-PRJ-000284,2021-03-26,Completed,46.0,Minor Delay (<=6mo),2021-03-26,2026-08-15
SIH26017-PRJ-000285,2025-05-20,Completed,18.0,On-Time,2025-05-20,2026-08-15
SIH26017-PRJ-000286,2016-10-22,Completed,-34.0,On-Time,2016-10-22,2026-08-15
SIH26017-PRJ-000287,2025-02-23,Completed,69.0,Minor Delay (<=6mo),2025-02-23,2026-08-15
SIH26017-PRJ-000288,,Stalled,,Stalled-Abandoned,2017-02-24,2026-08-15
SIH26017-PRJ-000289,2022-07-27,Completed,31.0,Minor Delay (<=6mo),2022-07-27,2026-08-15
SIH26017-PRJ-000290,,Stalled,,Stalled-Abandoned,2024-11-16,2026-08-15
SIH26017-PRJ-000291,2020-08-07,Completed,29.0,On-Time,2020-08-07,2026-08-15
SIH26017-PRJ-000292,,Stalled,,Stalled-Abandoned,2022-01-26,2026-08-15
SIH26017-PRJ-000293,2024-06-01,Completed,4.0,On-Time,2024-06-01,2026-08-15
SIH26017-PRJ-000294,,Stalled,,Stalled-Abandoned,2021-08-30,2026-08-15
SIH26017-PRJ-000295,,Stalled,,Stalled-Abandoned,2024-07-21,2026-08-15
SIH26017-PRJ-000296,2020-11-25,Completed,-6.0,On-Time,2020-11-25,2026-08-15
SIH26017-PRJ-000297,,Stalled,,Stalled-Abandoned,2022-04-20,2026-08-15
SIH26017-PRJ-000298,2025-07-14,Completed,89.0,Minor Delay (<=6mo),2025-07-14,2026-08-15
SIH26017-PRJ-000299,2023-02-26,Completed,9.0,On-Time,2023-02-26,2026-08-15
SIH26017-PRJ-000300,2018-06-20,Completed,29.0,On-Time,2018-06-20,2026-08-15
SIH26017-PRJ-000301,2021-10-21,Completed,47.0,Minor Delay (<=6mo),2021-10-21,2026-08-15
SIH26017-PRJ-000302,,Stalled,,Stalled-Abandoned,2024-07-26,2026-08-15
SIH26017-PRJ-000303,2025-01-24,Completed,9.0,On-Time,2025-01-24,2026-08-15
SIH26017-PRJ-000304,2023-03-05,Completed,-23.0,On-Time,2023-03-05,2026-08-15
SIH26017-PRJ-000305,,Ongoing,,,,2026-08-15
SIH26017-PRJ-000306,2021-12-08,Completed,14.0,On-Time,2021-12-08,2026-08-15
SIH26017-PRJ-000307,2020-10-01,Completed,2.0,On-Time,2020-10-01,2026-08-15
SIH26017-PRJ-000308,2022-11-04,Completed,-26.0,On-Time,2022-11-04,2026-08-15
SIH26017-PRJ-000309,2022-01-05,Completed,1.0,On-Time,2022-01-05,2026-08-15
SIH26017-PRJ-000310,,Stalled,,Stalled-Abandoned,2018-04-18,2026-08-15
SIH26017-PRJ-000311,,Stalled,,Stalled-Abandoned,2023-12-22,2026-08-15
SIH26017-PRJ-000312,,Stalled,,Stalled-Abandoned,2021-06-27,2026-08-15
SIH26017-PRJ-000313,,Ongoing,,,,2026-08-15
SIH26017-PRJ-000314,,Ongoing,,,,2026-08-15
SIH26017-PRJ-000315,2023-06-07,Completed,115.0,Minor Delay (<=6mo),2023-06-07,2026-08-15
SIH26017-PRJ-000316,2025-06-22,Completed,86.0,Minor Delay (<=6mo),2025-06-22,2026-08-15
SIH26017-PRJ-000317,2018-07-23,Completed,17.0,On-Time,2018-07-23,2026-08-15
SIH26017-PRJ-000318,,Ongoing,,,,2026-08-15
SIH26017-PRJ-000319,,Ongoing,,,,2026-08-15
SIH26017-PRJ-000320,,Ongoing,,,,2026-08-15
SIH26017-PRJ-000321,,Ongoing,,,,2026-08-15
SIH26017-PRJ-000322,2023-08-05,Completed,0.0,On-Time,2023-08-05,2026-08-15
SIH26017-PRJ-000323,,Stalled,,Stalled-Abandoned,2022-09-05,2026-08-15
SIH26017-PRJ-000324,,Stalled,,Stalled-Abandoned,2026-04-22,2026-08-15
SIH26017-PRJ-000325,,Ongoing,,,,2026-08-15
SIH26017-PRJ-000326,2023-10-07,Completed,261.0,Major Delay (6-18mo),2023-10-07,2026-08-15
SIH26017-PRJ-000327,2025-12-08,Completed,-13.0,On-Time,2025-12-08,2026-08-15
SIH26017-PRJ-000328,,Ongoing,,,,2026-08-15
SIH26017-PRJ-000329,,Ongoing,,,,2026-08-15
SIH26017-PRJ-000330,2026-05-17,Completed,199.0,Major Delay (6-18mo),2026-05-17,2026-08-15
SIH26017-PRJ-000331,2022-11-25,Completed,173.0,Minor Delay (<=6mo),2022-11-25,2026-08-15
SIH26017-PRJ-000332,2025-05-22,Completed,22.0,On-Time,2025-05-22,2026-08-15
SIH26017-PRJ-000333,,Stalled,,Stalled-Abandoned,2019-10-04,2026-08-15
SIH26017-PRJ-000334,,Stalled,,Stalled-Abandoned,2023-09-23,2026-08-15
SIH26017-PRJ-000335,,Ongoing,,,,2026-08-15
SIH26017-PRJ-000336,,Stalled,,Stalled-Abandoned,2021-11-10,2026-08-15
SIH26017-PRJ-000337,,Ongoing,,,,2026-08-15
SIH26017-PRJ-000338,2018-06-15,Completed,0.0,On-Time,2018-06-15,2026-08-15
SIH26017-PRJ-000339,2023-05-02,Completed,20.0,On-Time,2023-05-02,2026-08-15
SIH26017-PRJ-000340,2023-05-20,Completed,103.0,Minor Delay (<=6mo),2023-05-20,2026-08-15
SIH26017-PRJ-000341,,Ongoing,,,,2026-08-15
SIH26017-PRJ-000342,,Stalled,,Stalled-Abandoned,2019-05-06,2026-08-15
SIH26017-PRJ-000343,,Ongoing,,,,2026-08-15
SIH26017-PRJ-000344,2021-03-18,Completed,-23.0,On-Time,2021-03-18,2026-08-15
SIH26017-PRJ-000345,2024-11-16,Completed,175.0,Minor Delay (<=6mo),2024-11-16,2026-08-15
SIH26017-PRJ-000346,,Ongoing,,,,2026-08-15
SIH26017-PRJ-000347,2022-05-03,Completed,10.0,On-Time,2022-05-03,2026-08-15
SIH26017-PRJ-000348,,Ongoing,,,,2026-08-15
SIH26017-PRJ-000349,2022-10-21,Completed,34.0,Minor Delay (<=6mo),2022-10-21,2026-08-15
SIH26017-PRJ-000350,2021-07-01,Completed,20.0,On-Time,2021-07-01,2026-08-15
SIH26017-PRJ-000351,,Ongoing,,,,2026-08-15
SIH26017-PRJ-000352,,Stalled,,Stalled-Abandoned,2025-11-10,2026-08-15
SIH26017-PRJ-000353,,Ongoing,,,,2026-08-15
SIH26017-PRJ-000354,,Ongoing,,,,2026-08-15
SIH26017-PRJ-000355,,Ongoing,,,,2026-08-15
SIH26017-PRJ-000356,,Ongoing,,,,2026-08-15
SIH26017-PRJ-000357,,Stalled,,Stalled-Abandoned,2019-11-29,2026-08-15
SIH26017-PRJ-000358,,Stalled,,Stalled-Abandoned,2022-10-12,2026-08-15
SIH26017-PRJ-000359,,Ongoing,,,,2026-08-15
SIH26017-PRJ-000360,2024-03-31,Completed,73.0,Minor Delay (<=6mo),2024-03-31,2026-08-15
SIH26017-PRJ-000361,2018-05-25,Completed,27.0,On-Time,2018-05-25,2026-08-15
SIH26017-PRJ-000362,2023-05-25,Completed,85.0,Minor Delay (<=6mo),2023-05-25,2026-08-15
SIH26017-PRJ-000363,2021-07-06,Completed,65.0,Minor Delay (<=6mo),2021-07-06,2026-08-15
SIH26017-PRJ-000364,,Ongoing,,,,2026-08-15
SIH26017-PRJ-000365,2024-01-17,Completed,-4.0,On-Time,2024-01-17,2026-08-15
SIH26017-PRJ-000366,,Stalled,,Stalled-Abandoned,2019-05-10,2026-08-15
SIH26017-PRJ-000367,,Stalled,,Stalled-Abandoned,2024-04-09,2026-08-15
SIH26017-PRJ-000368,2018-09-12,Completed,16.0,On-Time,2018-09-12,2026-08-15
SIH26017-PRJ-000369,2019-07-17,Completed,-5.0,On-Time,2019-07-17,2026-08-15
SIH26017-PRJ-000370,2020-07-10,Completed,242.0,Major Delay (6-18mo),2020-07-10,2026-08-15
SIH26017-PRJ-000371,2025-09-26,Completed,106.0,Minor Delay (<=6mo),2025-09-26,2026-08-15
SIH26017-PRJ-000372,,Ongoing,,,,2026-08-15
SIH26017-PRJ-000373,2019-11-26,Completed,0.0,On-Time,2019-11-26,2026-08-15
SIH26017-PRJ-000374,2023-03-19,Completed,-22.0,On-Time,2023-03-19,2026-08-15
SIH26017-PRJ-000375,2023-01-31,Completed,78.0,Minor Delay (<=6mo),2023-01-31,2026-08-15
SIH26017-PRJ-000376,2026-03-22,Completed,-20.0,On-Time,2026-03-22,2026-08-15
SIH26017-PRJ-000377,,Ongoing,,,,2026-08-15
SIH26017-PRJ-000378,2022-10-10,Completed,96.0,Minor Delay (<=6mo),2022-10-10,2026-08-15
SIH26017-PRJ-000379,,Ongoing,,,,2026-08-15
SIH26017-PRJ-000380,,Ongoing,,,,2026-08-15
SIH26017-PRJ-000381,,Stalled,,Stalled-Abandoned,2018-04-27,2026-08-15
SIH26017-PRJ-000382,,Ongoing,,,,2026-08-15
SIH26017-PRJ-000383,,Stalled,,Stalled-Abandoned,2024-04-28,2026-08-15
SIH26017-PRJ-000384,2023-05-12,Completed,-25.0,On-Time,2023-05-12,2026-08-15
SIH26017-PRJ-000385,2022-10-08,Completed,77.0,Minor Delay (<=6mo),2022-10-08,2026-08-15
SIH26017-PRJ-000386,,Ongoing,,,,2026-08-15
SIH26017-PRJ-000387,2025-09-04,Completed,90.0,Minor Delay (<=6mo),2025-09-04,2026-08-15
SIH26017-PRJ-000388,2025-05-07,Completed,224.0,Major Delay (6-18mo),2025-05-07,2026-08-15
SIH26017-PRJ-000389,,Ongoing,,,,2026-08-15
SIH26017-PRJ-000390,,Ongoing,,,,2026-08-15
SIH26017-PRJ-000391,,Stalled,,Stalled-Abandoned,2022-02-17,2026-08-15
SIH26017-PRJ-000392,,Stalled,,Stalled-Abandoned,2019-07-21,2026-08-15
SIH26017-PRJ-000393,2022-10-13,Completed,154.0,Minor Delay (<=6mo),2022-10-13,2026-08-15
SIH26017-PRJ-000394,,Stalled,,Stalled-Abandoned,2017-05-17,2026-08-15
SIH26017-PRJ-000395,2021-04-13,Completed,107.0,Minor Delay (<=6mo),2021-04-13,2026-08-15
SIH26017-PRJ-000396,2024-05-13,Completed,44.0,Minor Delay (<=6mo),2024-05-13,2026-08-15
SIH26017-PRJ-000397,,Ongoing,,,,2026-08-15
SIH26017-PRJ-000398,2019-03-11,Completed,4.0,On-Time,2019-03-11,2026-08-15
SIH26017-PRJ-000399,2026-04-25,Completed,67.0,Minor Delay (<=6mo),2026-04-25,2026-08-15
SIH26017-PRJ-000400,,Ongoing,,,,2026-08-15
SIH26017-PRJ-000401,,Ongoing,,,,2026-08-15
SIH26017-PRJ-000402,2023-06-07,Completed,155.0,Minor Delay (<=6mo),2023-06-07,2026-08-15
SIH26017-PRJ-000403,,Ongoing,,,,2026-08-15
SIH26017-PRJ-000404,2025-05-26,Completed,194.0,Major Delay (6-18mo),2025-05-26,2026-08-15
SIH26017-PRJ-000405,2023-06-17,Completed,94.0,Minor Delay (<=6mo),2023-06-17,2026-08-15
SIH26017-PRJ-000406,,Ongoing,,,,2026-08-15
SIH26017-PRJ-000407,,Stalled,,Stalled-Abandoned,2021-03-16,2026-08-15
SIH26017-PRJ-000408,,Ongoing,,,,2026-08-15
SIH26017-PRJ-000409,2025-01-14,Completed,17.0,On-Time,2025-01-14,2026-08-15
SIH26017-PRJ-000410,2024-01-23,Completed,34.0,Minor Delay (<=6mo),2024-01-23,2026-08-15
SIH26017-PRJ-000411,2024-04-28,Completed,6.0,On-Time,2024-04-28,2026-08-15
SIH26017-PRJ-000412,,Stalled,,Stalled-Abandoned,2018-04-08,2026-08-15
SIH26017-PRJ-000413,2025-09-06,Completed,-31.0,On-Time,2025-09-06,2026-08-15
SIH26017-PRJ-000414,,Ongoing,,,,2026-08-15
SIH26017-PRJ-000415,,Ongoing,,,,2026-08-15
SIH26017-PRJ-000416,2025-12-24,Completed,-12.0,On-Time,2025-12-24,2026-08-15
SIH26017-PRJ-000417,,Stalled,,Stalled-Abandoned,2018-08-30,2026-08-15
SIH26017-PRJ-000418,,Stalled,,Stalled-Abandoned,2020-09-04,2026-08-15
SIH26017-PRJ-000419,2024-03-11,Completed,45.0,Minor Delay (<=6mo),2024-03-11,2026-08-15
SIH26017-PRJ-000420,,Ongoing,,,,2026-08-15
SIH26017-PRJ-000421,2018-04-13,Completed,104.0,Minor Delay (<=6mo),2018-04-13,2026-08-15
SIH26017-PRJ-000422,,Ongoing,,,,2026-08-15
SIH26017-PRJ-000423,2022-10-04,Completed,32.0,Minor Delay (<=6mo),2022-10-04,2026-08-15
SIH26017-PRJ-000424,2018-04-16,Completed,-2.0,On-Time,2018-04-16,2026-08-15
SIH26017-PRJ-000425,2023-11-21,Completed,121.0,Minor Delay (<=6mo),2023-11-21,2026-08-15
SIH26017-PRJ-000426,,Ongoing,,,,2026-08-15
SIH26017-PRJ-000427,,Stalled,,Stalled-Abandoned,2016-11-18,2026-08-15
SIH26017-PRJ-000428,2020-07-02,Completed,20.0,On-Time,2020-07-02,2026-08-15
SIH26017-PRJ-000429,2025-10-11,Completed,399.0,Major Delay (6-18mo),2025-10-11,2026-08-15
SIH26017-PRJ-000430,2022-07-16,Completed,33.0,Minor Delay (<=6mo),2022-07-16,2026-08-15
SIH26017-PRJ-000431,2026-07-20,Completed,353.0,Major Delay (6-18mo),2026-07-20,2026-08-15
SIH26017-PRJ-000432,,Stalled,,Stalled-Abandoned,2023-11-08,2026-08-15
SIH26017-PRJ-000433,2025-10-17,Completed,54.0,Minor Delay (<=6mo),2025-10-17,2026-08-15
SIH26017-PRJ-000434,,Stalled,,Stalled-Abandoned,2017-05-17,2026-08-15
SIH26017-PRJ-000435,2025-10-05,Completed,116.0,Minor Delay (<=6mo),2025-10-05,2026-08-15
SIH26017-PRJ-000436,2020-09-08,Completed,-24.0,On-Time,2020-09-08,2026-08-15
SIH26017-PRJ-000437,2020-09-24,Completed,59.0,Minor Delay (<=6mo),2020-09-24,2026-08-15
SIH26017-PRJ-000438,,Ongoing,,,,2026-08-15
SIH26017-PRJ-000439,,Ongoing,,,,2026-08-15
SIH26017-PRJ-000440,,Ongoing,,,,2026-08-15
SIH26017-PRJ-000441,2024-10-27,Completed,53.0,Minor Delay (<=6mo),2024-10-27,2026-08-15
SIH26017-PRJ-000442,2021-03-04,Completed,24.0,On-Time,2021-03-04,2026-08-15
SIH26017-PRJ-000443,2020-07-03,Completed,10.0,On-Time,2020-07-03,2026-08-15
SIH26017-PRJ-000444,,Stalled,,Stalled-Abandoned,2026-03-05,2026-08-15
SIH26017-PRJ-000445,2025-09-12,Completed,354.0,Major Delay (6-18mo),2025-09-12,2026-08-15
SIH26017-PRJ-000446,2023-02-26,Completed,-12.0,On-Time,2023-02-26,2026-08-15
SIH26017-PRJ-000447,,Stalled,,Stalled-Abandoned,2023-07-30,2026-08-15
SIH26017-PRJ-000448,,Ongoing,,,,2026-08-15
SIH26017-PRJ-000449,2021-01-21,Completed,25.0,On-Time,2021-01-21,2026-08-15
SIH26017-PRJ-000450,,Stalled,,Stalled-Abandoned,2022-12-13,2026-08-15
SIH26017-PRJ-000451,,Stalled,,Stalled-Abandoned,2021-05-11,2026-08-15
SIH26017-PRJ-000452,,Ongoing,,,,2026-08-15
SIH26017-PRJ-000453,2019-12-23,Completed,121.0,Minor Delay (<=6mo),2019-12-23,2026-08-15
SIH26017-PRJ-000454,,Stalled,,Stalled-Abandoned,2022-04-04,2026-08-15
SIH26017-PRJ-000455,2025-10-10,Completed,64.0,Minor Delay (<=6mo),2025-10-10,2026-08-15
SIH26017-PRJ-000456,2020-06-27,Completed,29.0,On-Time,2020-06-27,2026-08-15
SIH26017-PRJ-000457,,Ongoing,,,,2026-08-15
SIH26017-PRJ-000458,2025-08-17,Completed,233.0,Major Delay (6-18mo),2025-08-17,2026-08-15
SIH26017-PRJ-000459,,Ongoing,,,,2026-08-15
SIH26017-PRJ-000460,2019-05-31,Completed,-17.0,On-Time,2019-05-31,2026-08-15
SIH26017-PRJ-000461,,Ongoing,,,,2026-08-15
SIH26017-PRJ-000462,,Ongoing,,,,2026-08-15
SIH26017-PRJ-000463,2024-11-17,Completed,7.0,On-Time,2024-11-17,2026-08-15
SIH26017-PRJ-000464,2020-12-27,Completed,-1.0,On-Time,2020-12-27,2026-08-15
SIH26017-PRJ-000465,,Stalled,,Stalled-Abandoned,2020-12-16,2026-08-15
SIH26017-PRJ-000466,2026-08-06,Completed,81.0,Minor Delay (<=6mo),2026-08-06,2026-08-15
SIH26017-PRJ-000467,,Stalled,,Stalled-Abandoned,2024-09-13,2026-08-15
SIH26017-PRJ-000468,2025-10-26,Completed,36.0,Minor Delay (<=6mo),2025-10-26,2026-08-15
SIH26017-PRJ-000469,,Ongoing,,,,2026-08-15
SIH26017-PRJ-000470,,Stalled,,Stalled-Abandoned,2023-01-27,2026-08-15
SIH26017-PRJ-000471,,Ongoing,,,,2026-08-15
SIH26017-PRJ-000472,2026-04-13,Completed,-13.0,On-Time,2026-04-13,2026-08-15
SIH26017-PRJ-000473,2021-10-02,Completed,11.0,On-Time,2021-10-02,2026-08-15
SIH26017-PRJ-000474,2018-04-28,Completed,30.0,On-Time,2018-04-28,2026-08-15
SIH26017-PRJ-000475,2021-09-11,Completed,50.0,Minor Delay (<=6mo),2021-09-11,2026-08-15
SIH26017-PRJ-000476,2025-09-25,Completed,247.0,Major Delay (6-18mo),2025-09-25,2026-08-15
SIH26017-PRJ-000477,2020-02-18,Completed,46.0,Minor Delay (<=6mo),2020-02-18,2026-08-15
SIH26017-PRJ-000478,,Stalled,,Stalled-Abandoned,2017-10-04,2026-08-15
SIH26017-PRJ-000479,,Ongoing,,,,2026-08-15
SIH26017-PRJ-000480,2019-10-21,Completed,114.0,Minor Delay (<=6mo),2019-10-21,2026-08-15
SIH26017-PRJ-000481,2022-10-28,Completed,57.0,Minor Delay (<=6mo),2022-10-28,2026-08-15
SIH26017-PRJ-000482,2023-06-25,Completed,11.0,On-Time,2023-06-25,2026-08-15
SIH26017-PRJ-000483,,Stalled,,Stalled-Abandoned,2017-08-25,2026-08-15
SIH26017-PRJ-000484,2025-11-01,Completed,165.0,Minor Delay (<=6mo),2025-11-01,2026-08-15
SIH26017-PRJ-000485,2024-04-18,Completed,13.0,On-Time,2024-04-18,2026-08-15
SIH26017-PRJ-000486,,Ongoing,,,,2026-08-15
SIH26017-PRJ-000487,2022-05-15,Completed,94.0,Minor Delay (<=6mo),2022-05-15,2026-08-15
SIH26017-PRJ-000488,2022-01-26,Completed,62.0,Minor Delay (<=6mo),2022-01-26,2026-08-15
SIH26017-PRJ-000489,2025-09-09,Completed,62.0,Minor Delay (<=6mo),2025-09-09,2026-08-15
SIH26017-PRJ-000490,,Stalled,,Stalled-Abandoned,2016-07-03,2026-08-15
SIH26017-PRJ-000491,,Ongoing,,,,2026-08-15
SIH26017-PRJ-000492,,Stalled,,Stalled-Abandoned,2017-11-14,2026-08-15
SIH26017-PRJ-000493,2023-01-25,Completed,17.0,On-Time,2023-01-25,2026-08-15
SIH26017-PRJ-000494,,Ongoing,,,,2026-08-15
SIH26017-PRJ-000495,2022-01-23,Completed,28.0,On-Time,2022-01-23,2026-08-15
SIH26017-PRJ-000496,,Stalled,,Stalled-Abandoned,2026-02-27,2026-08-15
SIH26017-PRJ-000497,,Ongoing,,,,2026-08-15
SIH26017-PRJ-000498,2022-10-05,Completed,38.0,Minor Delay (<=6mo),2022-10-05,2026-08-15
SIH26017-PRJ-000499,2019-09-09,Completed,-9.0,On-Time,2019-09-09,2026-08-15
SIH26017-PRJ-000500,,Ongoing,,,,2026-08-15
SIH26017-PRJ-000501,,Ongoing,,,,2026-08-15
SIH26017-PRJ-000502,2025-04-29,Completed,7.0,On-Time,2025-04-29,2026-08-15
SIH26017-PRJ-000503,2022-05-27,Completed,15.0,On-Time,2022-05-27,2026-08-15
SIH26017-PRJ-000504,2018-10-22,Completed,-4.0,On-Time,2018-10-22,2026-08-15
SIH26017-PRJ-000505,,Stalled,,Stalled-Abandoned,2021-09-26,2026-08-15
SIH26017-PRJ-000506,2022-02-22,Completed,79.0,Minor Delay (<=6mo),2022-02-22,2026-08-15
SIH26017-PRJ-000507,2020-09-02,Completed,30.0,On-Time,2020-09-02,2026-08-15
SIH26017-PRJ-000508,,Ongoing,,,,2026-08-15
SIH26017-PRJ-000509,,Stalled,,Stalled-Abandoned,2021-08-12,2026-08-15
SIH26017-PRJ-000510,,Ongoing,,,,2026-08-15
SIH26017-PRJ-000511,,Stalled,,Stalled-Abandoned,2019-12-15,2026-08-15
SIH26017-PRJ-000512,,Ongoing,,,,2026-08-15
SIH26017-PRJ-000513,2024-01-25,Completed,52.0,Minor Delay (<=6mo),2024-01-25,2026-08-15
SIH26017-PRJ-000514,2023-03-11,Completed,16.0,On-Time,2023-03-11,2026-08-15
SIH26017-PRJ-000515,,Ongoing,,,,2026-08-15
SIH26017-PRJ-000516,,Ongoing,,,,2026-08-15
SIH26017-PRJ-000517,2022-12-18,Completed,-6.0,On-Time,2022-12-18,2026-08-15
SIH26017-PRJ-000518,,Ongoing,,,,2026-08-15
SIH26017-PRJ-000519,,Stalled,,Stalled-Abandoned,2021-12-14,2026-08-15
SIH26017-PRJ-000520,,Stalled,,Stalled-Abandoned,2018-04-16,2026-08-15
SIH26017-PRJ-000521,,Stalled,,Stalled-Abandoned,2024-12-12,2026-08-15
SIH26017-PRJ-000522,2022-01-02,Completed,186.0,Major Delay (6-18mo),2022-01-02,2026-08-15
SIH26017-PRJ-000523,2026-01-22,Completed,144.0,Minor Delay (<=6mo),2026-01-22,2026-08-15
SIH26017-PRJ-000524,,Ongoing,,,,2026-08-15
SIH26017-PRJ-000525,2026-08-01,Completed,3.0,On-Time,2026-08-01,2026-08-15
SIH26017-PRJ-000526,,Stalled,,Stalled-Abandoned,2018-04-26,2026-08-15
SIH26017-PRJ-000527,2024-09-30,Completed,128.0,Minor Delay (<=6mo),2024-09-30,2026-08-15
SIH26017-PRJ-000528,2023-05-23,Completed,234.0,Major Delay (6-18mo),2023-05-23,2026-08-15
SIH26017-PRJ-000529,,Ongoing,,,,2026-08-15
SIH26017-PRJ-000530,2022-01-23,Completed,72.0,Minor Delay (<=6mo),2022-01-23,2026-08-15
SIH26017-PRJ-000531,2026-03-27,Completed,222.0,Major Delay (6-18mo),2026-03-27,2026-08-15
SIH26017-PRJ-000532,2022-08-04,Completed,133.0,Minor Delay (<=6mo),2022-08-04,2026-08-15
SIH26017-PRJ-000533,2025-03-18,Completed,175.0,Minor Delay (<=6mo),2025-03-18,2026-08-15
SIH26017-PRJ-000534,,Ongoing,,,,2026-08-15
SIH26017-PRJ-000535,,Stalled,,Stalled-Abandoned,2025-05-11,2026-08-15
SIH26017-PRJ-000536,,Ongoing,,,,2026-08-15
SIH26017-PRJ-000537,2024-02-26,Completed,100.0,Minor Delay (<=6mo),2024-02-26,2026-08-15
SIH26017-PRJ-000538,,Ongoing,,,,2026-08-15
SIH26017-PRJ-000539,2025-08-19,Completed,74.0,Minor Delay (<=6mo),2025-08-19,2026-08-15
SIH26017-PRJ-000540,2020-04-02,Completed,-5.0,On-Time,2020-04-02,2026-08-15
SIH26017-PRJ-000541,2024-07-04,Completed,67.0,Minor Delay (<=6mo),2024-07-04,2026-08-15
SIH26017-PRJ-000542,,Stalled,,Stalled-Abandoned,2021-06-27,2026-08-15
SIH26017-PRJ-000543,,Ongoing,,,,2026-08-15
SIH26017-PRJ-000544,2025-02-04,Completed,27.0,On-Time,2025-02-04,2026-08-15
SIH26017-PRJ-000545,,Stalled,,Stalled-Abandoned,2021-01-03,2026-08-15
SIH26017-PRJ-000546,,Ongoing,,,,2026-08-15
SIH26017-PRJ-000547,,Stalled,,Stalled-Abandoned,2017-08-30,2026-08-15
SIH26017-PRJ-000548,2019-09-28,Completed,-20.0,On-Time,2019-09-28,2026-08-15
SIH26017-PRJ-000549,,Ongoing,,,,2026-08-15
SIH26017-PRJ-000550,,Ongoing,,,,2026-08-15
SIH26017-PRJ-000551,,Ongoing,,,,2026-08-15
SIH26017-PRJ-000552,2019-03-12,Completed,-29.0,On-Time,2019-03-12,2026-08-15
SIH26017-PRJ-000553,2024-03-31,Completed,41.0,Minor Delay (<=6mo),2024-03-31,2026-08-15
SIH26017-PRJ-000554,,Stalled,,Stalled-Abandoned,2021-12-01,2026-08-15
SIH26017-PRJ-000555,,Ongoing,,,,2026-08-15
SIH26017-PRJ-000556,,Stalled,,Stalled-Abandoned,2026-01-20,2026-08-15
SIH26017-PRJ-000557,,Stalled,,Stalled-Abandoned,2019-09-09,2026-08-15
SIH26017-PRJ-000558,2024-04-07,Completed,50.0,Minor Delay (<=6mo),2024-04-07,2026-08-15
SIH26017-PRJ-000559,,Ongoing,,,,2026-08-15
SIH26017-PRJ-000560,2022-03-06,Completed,219.0,Major Delay (6-18mo),2022-03-06,2026-08-15
SIH26017-PRJ-000561,,Stalled,,Stalled-Abandoned,2025-06-14,2026-08-15
SIH26017-PRJ-000562,,Stalled,,Stalled-Abandoned,2021-10-06,2026-08-15
SIH26017-PRJ-000563,,Stalled,,Stalled-Abandoned,2023-06-25,2026-08-15
SIH26017-PRJ-000564,,Stalled,,Stalled-Abandoned,2022-03-28,2026-08-15
SIH26017-PRJ-000565,2020-06-19,Completed,-5.0,On-Time,2020-06-19,2026-08-15
SIH26017-PRJ-000566,2025-05-30,Completed,210.0,Major Delay (6-18mo),2025-05-30,2026-08-15
SIH26017-PRJ-000567,2026-03-19,Completed,374.0,Major Delay (6-18mo),2026-03-19,2026-08-15
SIH26017-PRJ-000568,,Stalled,,Stalled-Abandoned,2022-03-18,2026-08-15
SIH26017-PRJ-000569,,Ongoing,,,,2026-08-15
SIH26017-PRJ-000570,,Stalled,,Stalled-Abandoned,2021-11-24,2026-08-15
SIH26017-PRJ-000571,2025-12-27,Completed,102.0,Minor Delay (<=6mo),2025-12-27,2026-08-15
SIH26017-PRJ-000572,,Ongoing,,,,2026-08-15
SIH26017-PRJ-000573,2018-11-09,Completed,-16.0,On-Time,2018-11-09,2026-08-15
SIH26017-PRJ-000574,2020-03-05,Completed,2.0,On-Time,2020-03-05,2026-08-15
SIH26017-PRJ-000575,,Stalled,,Stalled-Abandoned,2024-11-21,2026-08-15
SIH26017-PRJ-000576,2020-08-05,Completed,-3.0,On-Time,2020-08-05,2026-08-15
SIH26017-PRJ-000577,2024-06-23,Completed,206.0,Major Delay (6-18mo),2024-06-23,2026-08-15
SIH26017-PRJ-000578,2019-02-26,Completed,45.0,Minor Delay (<=6mo),2019-02-26,2026-08-15
SIH26017-PRJ-000579,2020-06-10,Completed,71.0,Minor Delay (<=6mo),2020-06-10,2026-08-15
SIH26017-PRJ-000580,,Ongoing,,,,2026-08-15
SIH26017-PRJ-000581,2024-11-02,Completed,3.0,On-Time,2024-11-02,2026-08-15
SIH26017-PRJ-000582,,Stalled,,Stalled-Abandoned,2024-05-27,2026-08-15
SIH26017-PRJ-000583,2022-11-12,Completed,52.0,Minor Delay (<=6mo),2022-11-12,2026-08-15
SIH26017-PRJ-000584,2022-08-18,Completed,24.0,On-Time,2022-08-18,2026-08-15
SIH26017-PRJ-000585,,Ongoing,,,,2026-08-15
SIH26017-PRJ-000586,,Ongoing,,,,2026-08-15
SIH26017-PRJ-000587,2024-06-02,Completed,-18.0,On-Time,2024-06-02,2026-08-15
SIH26017-PRJ-000588,,Stalled,,Stalled-Abandoned,2024-10-25,2026-08-15
SIH26017-PRJ-000589,,Stalled,,Stalled-Abandoned,2024-12-15,2026-08-15
SIH26017-PRJ-000590,,Ongoing,,,,2026-08-15
SIH26017-PRJ-000591,,Stalled,,Stalled-Abandoned,2024-06-10,2026-08-15
SIH26017-PRJ-000592,,Ongoing,,,,2026-08-15
SIH26017-PRJ-000593,2022-02-09,Completed,4.0,On-Time,2022-02-09,2026-08-15
SIH26017-PRJ-000594,2025-06-17,Completed,276.0,Major Delay (6-18mo),2025-06-17,2026-08-15
SIH26017-PRJ-000595,2019-05-10,Completed,8.0,On-Time,2019-05-10,2026-08-15
SIH26017-PRJ-000596,2025-04-26,Completed,133.0,Minor Delay (<=6mo),2025-04-26,2026-08-15
SIH26017-PRJ-000597,2020-07-24,Completed,-6.0,On-Time,2020-07-24,2026-08-15
SIH26017-PRJ-000598,2023-03-02,Completed,121.0,Minor Delay (<=6mo),2023-03-02,2026-08-15
SIH26017-PRJ-000599,2026-07-21,Completed,239.0,Major Delay (6-18mo),2026-07-21,2026-08-15
SIH26017-PRJ-000600,,Ongoing,,,,2026-08-15
