project_id,number_of_displaced_families,rr_plan_approved_flag,rr_plan_approval_date,resettlement_site_ready_flag,percent_families_resettled,percent_families_alternate_land_provided,livelihood_restoration_status,rr_grievances_filed,rr_grievances_resolved,social_infra_readiness_score
SIH26017-PRJ-000001,174,True,2023-06-07,False,16.9,,In Progress,28,12,0.9
SIH26017-PRJ-000002,36,True,2016-07-26,True,52.5,,In Progress,6,3,1.7
SIH26017-PRJ-000003,57,True,2023-05-21,True,63.3,34.0,Completed,11,5,2.6
SIH26017-PRJ-000004,32,True,2023-11-20,False,44.2,,In Progress,6,3,1.3
SIH26017-PRJ-000005,614,True,2021-09-12,False,0.0,,Not Started,22,8,0.0
SIH26017-PRJ-000006,21,True,2020-05-21,False,0.0,0.0,Not Started,0,0,0.0
SIH26017-PRJ-000007,117,True,2025-03-15,False,1.1,,In Progress,15,6,0.2
SIH26017-PRJ-000008,4,True,2020-06-19,False,0.0,,Not Started,0,0,0.0
SIH26017-PRJ-000009,295,True,2025-02-25,False,6.9,,In Progress,42,16,0.5
SIH26017-PRJ-000010,458,True,2017-09-13,False,70.5,,Completed,99,44,2.4
SIH26017-PRJ-000011,7,True,2019-10-07,False,39.0,27.1,In Progress,1,0,1.6
SIH26017-PRJ-000012,1,True,2017-04-19,True,38.9,45.6,Completed,0,0,2.2
SIH26017-PRJ-000013,57,True,2023-06-29,False,0.8,,In Progress,6,3,0.4
SIH26017-PRJ-000014,18,True,2022-01-10,True,64.6,,Completed,4,2,1.9
SIH26017-PRJ-000015,1402,True,2022-04-14,False,33.2,,In Progress,200,76,1.5
SIH26017-PRJ-000016,46,True,2025-06-29,False,0.0,,Not Started,4,2,0.0
SIH26017-PRJ-000017,2,True,2023-07-29,False,10.6,,In Progress,0,0,1.1
SIH26017-PRJ-000018,16,True,2021-12-02,False,40.8,,Completed,4,2,3.4
SIH26017-PRJ-000019,1,True,2017-12-13,False,48.2,40.9,Completed,0,0,1.4
SIH26017-PRJ-000020,3,True,2018-08-08,True,58.7,36.4,Completed,1,0,2.4
SIH26017-PRJ-000021,9,True,2019-07-21,False,80.7,,Completed,2,1,2.6
SIH26017-PRJ-000022,609,True,2016-01-15,False,31.9,47.7,Completed,144,52,1.7
SIH26017-PRJ-000023,5,True,2025-02-10,False,5.1,0.9,In Progress,1,0,0.3
SIH26017-PRJ-000024,2,True,2018-10-27,False,0.0,0.0,Not Started,0,0,0.0
SIH26017-PRJ-000025,17,True,2023-08-11,False,14.5,8.5,In Progress,3,1,1.0
SIH26017-PRJ-000026,8,False,,False,0.0,0.0,Not Started,0,0,0.0
SIH26017-PRJ-000027,8,True,2018-09-30,False,69.9,40.9,Completed,2,1,1.6
SIH26017-PRJ-000028,1137,True,2016-04-20,False,0.0,0.0,Not Started,98,50,0.0
SIH26017-PRJ-000029,526,True,2023-09-01,True,36.7,22.3,In Progress,80,44,1.3
SIH26017-PRJ-000030,507,True,2023-09-29,True,60.8,28.8,Completed,101,53,2.7
SIH26017-PRJ-000031,356,True,2020-01-26,False,8.9,18.1,In Progress,55,24,0.8
SIH26017-PRJ-000032,27,True,2015-10-25,False,40.4,52.0,Completed,6,3,2.4
SIH26017-PRJ-000033,2,True,2022-12-06,True,66.3,,Completed,0,0,2.6
SIH26017-PRJ-000034,90,True,2022-12-16,False,22.5,34.9,In Progress,17,7,1.2
SIH26017-PRJ-000035,9,True,2018-08-19,True,62.1,48.3,Completed,2,1,3.9
SIH26017-PRJ-000036,44,True,2018-03-20,False,51.9,49.1,Completed,10,4,2.9
SIH26017-PRJ-000037,18,True,2024-04-30,False,14.7,12.6,In Progress,3,1,1.0
SIH26017-PRJ-000038,479,True,2022-12-16,False,16.6,14.2,In Progress,77,32,1.3
SIH26017-PRJ-000039,40,True,2025-06-07,False,1.2,0.3,In Progress,5,2,0.2
SIH26017-PRJ-000040,144,True,2020-05-02,False,0.0,0.0,Not Started,9,4,0.0
SIH26017-PRJ-000041,42,True,2020-11-09,False,74.3,50.9,Completed,9,4,2.2
SIH26017-PRJ-000042,28,True,2018-08-04,True,77.3,28.2,Completed,5,3,1.7
SIH26017-PRJ-000043,24,True,2020-03-27,False,12.6,13.4,In Progress,4,2,1.1
SIH26017-PRJ-000044,2,True,2019-02-25,True,88.7,,Completed,0,0,3.3
SIH26017-PRJ-000045,145,True,2017-09-10,False,67.7,29.0,Completed,31,14,3.2
SIH26017-PRJ-000046,128,True,2024-02-28,False,23.3,,In Progress,24,10,1.3
SIH26017-PRJ-000047,22,True,2019-04-05,False,67.2,47.3,Completed,5,2,2.6
SIH26017-PRJ-000048,120,True,2024-01-01,False,16.3,,In Progress,18,8,1.1
SIH26017-PRJ-000049,6,True,2015-06-13,True,62.9,55.9,Completed,1,1,4.2
SIH26017-PRJ-000050,20,True,2017-10-08,False,91.2,,Completed,5,2,1.5
SIH26017-PRJ-000051,3,True,2023-03-10,True,82.2,34.3,Completed,1,1,3.5
SIH26017-PRJ-000052,12,True,2023-07-13,True,54.3,,In Progress,2,1,1.8
SIH26017-PRJ-000053,22,True,2018-07-16,True,50.3,25.6,Completed,4,2,3.6
SIH26017-PRJ-000054,1267,True,2018-02-13,False,70.3,69.7,Completed,200,89,2.0
SIH26017-PRJ-000055,352,True,2023-04-12,False,0.0,,Not Started,12,5,0.0
SIH26017-PRJ-000056,22,True,2020-05-03,False,71.6,,Completed,5,2,2.6
SIH26017-PRJ-000057,42,True,2021-10-13,False,0.0,,Not Started,3,1,0.0
SIH26017-PRJ-000058,11,True,2023-10-18,True,80.7,,Completed,2,1,4.3
SIH26017-PRJ-000059,10,True,2019-01-03,False,1.4,0.2,In Progress,1,1,0.3
SIH26017-PRJ-000060,8,True,2024-11-03,True,17.6,1.9,In Progress,1,0,1.5
SIH26017-PRJ-000061,143,True,2024-03-26,False,3.8,,In Progress,18,8,0.4
SIH26017-PRJ-000062,11,True,2021-10-10,True,74.9,58.9,Completed,2,1,2.8
SIH26017-PRJ-000063,6,True,2021-09-25,False,52.1,36.9,Completed,1,0,2.2
SIH26017-PRJ-000064,114,True,2020-06-12,False,32.6,,In Progress,22,9,2.2
SIH26017-PRJ-000065,9,True,2022-02-15,False,56.1,43.2,Completed,2,1,1.1
SIH26017-PRJ-000066,12,True,2023-12-21,True,83.4,35.2,Completed,2,2,4.4
SIH26017-PRJ-000067,11,True,2017-08-05,True,36.3,,Completed,2,1,2.4
SIH26017-PRJ-000068,166,True,2019-03-18,False,85.0,,Completed,39,15,3.5
SIH26017-PRJ-000069,13,True,2017-06-09,False,89.2,36.8,Completed,3,1,2.9
SIH26017-PRJ-000070,104,True,2024-02-05,True,51.7,23.1,In Progress,16,9,1.8
SIH26017-PRJ-000071,288,True,2018-11-11,False,55.5,47.0,Completed,64,27,3.4
SIH26017-PRJ-000072,2,True,2026-04-06,False,0.0,0.0,Not Started,0,0,0.0
SIH26017-PRJ-000073,59,True,2024-07-05,False,18.3,5.4,In Progress,9,4,0.8
SIH26017-PRJ-000074,0,True,2017-05-28,True,0.0,,Completed,0,0,1.6
SIH26017-PRJ-000075,5,True,2020-01-08,True,77.4,,Completed,1,1,2.1
SIH26017-PRJ-000076,21,True,2020-10-23,True,71.5,24.9,Completed,4,2,2.9
SIH26017-PRJ-000077,4,True,2016-02-21,False,73.8,57.5,Completed,1,0,2.3
SIH26017-PRJ-000078,353,True,2023-08-06,False,22.5,11.3,In Progress,56,23,0.6
SIH26017-PRJ-000079,83,True,2018-12-14,False,60.0,58.0,Completed,18,8,3.4
SIH26017-PRJ-000080,17,True,2020-01-23,False,76.5,,Completed,4,2,2.5
SIH26017-PRJ-000081,105,True,2020-03-28,False,43.1,68.9,Completed,24,9,1.7
SIH26017-PRJ-000082,442,True,2023-10-10,False,0.0,,Not Started,39,19,0.0
SIH26017-PRJ-000083,125,True,2020-07-04,False,98.3,27.8,Completed,27,12,2.7
SIH26017-PRJ-000084,211,True,2021-01-22,True,85.5,69.8,Completed,42,22,3.8
SIH26017-PRJ-000085,1216,True,2024-05-28,True,75.4,56.8,Completed,200,116,3.2
SIH26017-PRJ-000086,70,True,2023-08-27,True,84.5,,Completed,13,7,2.9
SIH26017-PRJ-000087,75,True,2020-05-22,False,35.2,19.1,In Progress,14,6,0.9
SIH26017-PRJ-000088,65,True,2020-03-27,True,76.8,53.0,Completed,12,7,2.5
SIH26017-PRJ-000089,1203,True,2016-09-17,False,58.2,,Completed,200,89,3.0
SIH26017-PRJ-000090,1,True,2023-08-19,True,79.2,,Completed,0,0,4.4
SIH26017-PRJ-000091,164,True,2023-04-17,False,0.0,,Not Started,11,4,0.0
SIH26017-PRJ-000092,35,True,2023-01-10,True,70.7,,Completed,4,3,5.0
SIH26017-PRJ-000093,434,True,2024-05-12,False,1.0,0.5,In Progress,57,23,0.3
SIH26017-PRJ-000094,45,True,2023-10-25,False,13.6,8.8,In Progress,7,3,0.9
SIH26017-PRJ-000095,65,True,2019-12-07,False,0.0,,Not Started,6,2,0.0
SIH26017-PRJ-000096,22,True,2018-06-05,True,72.2,43.5,Completed,4,2,3.7
SIH26017-PRJ-000097,407,True,2026-05-08,False,0.0,0.0,Not Started,27,11,0.0
SIH26017-PRJ-000098,14,True,2023-01-25,True,74.1,,Completed,3,2,3.4
SIH26017-PRJ-000099,10,True,2020-05-16,True,79.8,43.0,Completed,2,1,4.3
SIH26017-PRJ-000100,162,True,2023-03-18,False,0.0,,Not Started,6,3,0.0
SIH26017-PRJ-000101,18,True,2018-07-05,True,57.7,,Completed,4,2,1.9
SIH26017-PRJ-000102,394,True,2022-12-04,False,34.4,,In Progress,81,32,1.5
SIH26017-PRJ-000103,4,False,,False,0.0,0.0,Not Started,0,0,0.0
SIH26017-PRJ-000104,19,True,2024-03-29,False,1.2,,In Progress,2,1,0.5
SIH26017-PRJ-000105,1,True,2023-06-12,True,44.5,,In Progress,0,0,1.7
SIH26017-PRJ-000106,29,True,2017-12-05,False,71.3,25.1,Completed,6,3,2.7
SIH26017-PRJ-000107,4,True,2021-04-03,False,17.5,,In Progress,1,0,0.9
SIH26017-PRJ-000108,586,True,2025-03-23,False,0.0,,Not Started,57,23,0.0
SIH26017-PRJ-000109,34,True,2022-12-28,True,86.7,62.1,Completed,6,4,2.9
SIH26017-PRJ-000110,126,True,2021-08-20,False,41.7,10.2,In Progress,26,10,1.0
SIH26017-PRJ-000111,2,True,2023-04-25,True,67.8,,Completed,0,0,3.6
SIH26017-PRJ-000112,19,True,2016-06-23,True,69.7,37.2,Completed,3,2,2.9
SIH26017-PRJ-000113,30,True,2025-07-11,False,0.0,0.0,Not Started,2,1,0.0
SIH26017-PRJ-000114,147,True,2019-06-18,True,73.6,,Completed,28,16,4.8
SIH26017-PRJ-000115,2,True,2017-07-22,True,53.9,29.5,Completed,0,0,4.0
SIH26017-PRJ-000116,13,True,2019-02-07,True,80.5,43.6,Completed,2,1,3.7
SIH26017-PRJ-000117,60,True,2020-04-06,True,63.6,10.6,Completed,11,6,2.5
SIH26017-PRJ-000118,110,True,2018-09-19,True,65.1,46.7,Completed,21,12,4.4
SIH26017-PRJ-000119,32,True,2024-08-21,True,60.3,52.8,Completed,5,4,2.1
SIH26017-PRJ-000120,273,True,2021-05-05,False,38.0,,In Progress,52,21,2.7
SIH26017-PRJ-000121,36,True,2017-05-22,False,1.1,,In Progress,5,2,0.2
SIH26017-PRJ-000122,638,True,2025-04-05,False,0.0,,Not Started,21,10,0.0
SIH26017-PRJ-000123,534,True,2023-04-28,False,22.0,16.0,In Progress,88,33,0.6
SIH26017-PRJ-000124,624,True,2017-07-12,False,48.2,21.8,In Progress,119,49,2.4
SIH26017-PRJ-000125,47,True,2017-08-23,True,80.9,30.5,Completed,9,5,2.8
SIH26017-PRJ-000126,174,True,2019-06-28,True,76.8,27.7,Completed,33,19,3.3
SIH26017-PRJ-000127,166,False,,False,0.0,,Not Started,6,2,0.0
SIH26017-PRJ-000128,4,True,2017-06-29,False,1.2,0.6,In Progress,0,0,0.3
SIH26017-PRJ-000129,30,True,2020-05-22,False,0.0,,Not Started,1,0,0.0
SIH26017-PRJ-000130,92,True,2020-01-15,True,76.2,,Completed,14,10,4.4
SIH26017-PRJ-000131,27,True,2024-04-08,True,45.9,,In Progress,4,2,1.7
SIH26017-PRJ-000132,20,True,2017-06-01,True,96.4,,Completed,3,2,3.9
SIH26017-PRJ-000133,689,True,2019-03-28,False,74.2,61.3,Completed,153,65,1.2
SIH26017-PRJ-000134,136,True,2020-02-08,False,71.8,56.6,Completed,29,13,3.6
SIH26017-PRJ-000135,21,True,2025-05-17,False,3.6,,In Progress,3,1,0.4
SIH26017-PRJ-000136,15,True,2020-06-12,True,81.9,,Completed,3,2,2.8
SIH26017-PRJ-000137,3,True,2023-06-17,True,72.9,54.1,Completed,1,0,3.3
SIH26017-PRJ-000138,4,True,2019-08-31,True,70.9,,Completed,1,1,4.1
SIH26017-PRJ-000139,2,True,2023-01-24,False,0.0,0.0,Not Started,0,0,0.0
SIH26017-PRJ-000140,29,True,2022-11-23,True,90.1,,Completed,5,3,2.7
SIH26017-PRJ-000141,75,True,2016-12-05,False,62.6,,Completed,18,7,2.8
SIH26017-PRJ-000142,767,True,2020-07-07,False,54.9,,Completed,178,68,3.2
SIH26017-PRJ-000143,12,True,2017-10-29,True,57.0,45.3,Completed,2,1,3.1
SIH26017-PRJ-000144,7,True,2023-08-27,True,62.8,45.7,Completed,1,1,4.7
SIH26017-PRJ-000145,574,True,2018-06-01,False,34.6,34.5,In Progress,111,44,1.8
SIH26017-PRJ-000146,31,True,2024-12-28,False,1.1,0.7,In Progress,4,2,0.2
SIH26017-PRJ-000147,415,True,2020-02-24,False,46.9,30.7,Completed,90,40,1.9
SIH26017-PRJ-000148,30,True,2023-10-20,True,87.9,,Completed,5,4,4.8
SIH26017-PRJ-000149,474,True,2024-03-28,False,0.0,0.0,Not Started,48,18,0.0
SIH26017-PRJ-000150,194,True,2021-06-21,False,31.9,3.8,In Progress,38,15,1.8
SIH26017-PRJ-000151,37,True,2018-10-24,False,47.9,,Completed,8,3,2.1
SIH26017-PRJ-000152,14,False,,False,0.0,0.0,Not Started,0,0,0.0
SIH26017-PRJ-000153,570,True,2020-09-24,False,26.0,,In Progress,112,43,1.3
SIH26017-PRJ-000154,0,False,,False,0.0,,Not Started,0,0,0.0
SIH26017-PRJ-000155,670,True,2017-04-19,False,77.5,27.5,Completed,154,60,2.3
SIH26017-PRJ-000156,9,True,2023-11-15,True,66.7,,Completed,2,1,3.0
SIH26017-PRJ-000157,9,True,2017-03-19,False,60.2,33.1,Completed,2,1,2.2
SIH26017-PRJ-000158,543,False,,False,0.0,,Not Started,2,1,0.0
SIH26017-PRJ-000159,0,True,2024-06-29,False,0.0,,In Progress,0,0,0.4
SIH26017-PRJ-000160,676,True,2016-11-01,False,56.1,36.5,Completed,145,66,4.3
SIH26017-PRJ-000161,14,True,2015-11-12,True,87.8,,Completed,3,2,3.1
SIH26017-PRJ-000162,391,True,2024-12-19,False,0.0,0.0,Not Started,38,15,0.0
SIH26017-PRJ-000163,45,True,2022-03-17,True,78.0,,Completed,8,5,3.3
SIH26017-PRJ-000164,258,True,2018-04-25,False,0.0,,Not Started,9,3,0.0
SIH26017-PRJ-000165,1453,True,2022-02-10,False,66.4,,Completed,200,84,2.7
SIH26017-PRJ-000166,7,True,2021-01-09,False,1.4,,In Progress,1,1,0.4
SIH26017-PRJ-000167,41,True,2025-01-04,False,0.0,,Not Started,4,1,0.0
SIH26017-PRJ-000168,644,True,2020-02-20,True,33.9,,In Progress,114,54,2.0
SIH26017-PRJ-000169,30,True,2019-05-02,False,0.8,,In Progress,3,2,0.3
SIH26017-PRJ-000170,945,True,2024-10-15,False,0.9,,In Progress,128,46,0.3
SIH26017-PRJ-000171,127,True,2023-03-07,True,11.7,,In Progress,18,9,1.1
SIH26017-PRJ-000172,27,True,2023-01-11,False,0.0,,Not Started,2,1,0.0
SIH26017-PRJ-000173,196,True,2024-11-18,False,12.2,11.6,In Progress,32,12,1.0
SIH26017-PRJ-000174,9,True,2019-01-08,False,67.7,,Completed,2,1,2.0
SIH26017-PRJ-000175,57,True,2020-03-24,True,74.7,,Completed,12,6,3.0
SIH26017-PRJ-000176,12,True,2017-01-11,True,46.8,15.5,Completed,2,1,2.9
SIH26017-PRJ-000177,8,True,2023-07-15,False,38.3,21.6,In Progress,1,0,1.6
SIH26017-PRJ-000178,32,True,2024-05-14,False,0.0,,Not Started,3,1,0.0
SIH26017-PRJ-000179,54,True,2019-06-14,False,87.5,,Completed,12,5,3.6
SIH26017-PRJ-000180,18,True,2017-10-02,False,0.0,0.0,Not Started,1,1,0.0
SIH26017-PRJ-000181,51,True,2024-09-28,False,0.0,,Not Started,5,2,0.0
SIH26017-PRJ-000182,83,True,2020-11-03,True,96.5,43.2,Completed,13,9,3.7
SIH26017-PRJ-000183,9,True,2024-11-03,True,46.5,,In Progress,1,1,2.0
SIH26017-PRJ-000184,298,True,2023-10-11,False,15.7,21.2,In Progress,50,18,1.2
SIH26017-PRJ-000185,681,False,,False,0.0,0.0,Not Started,2,1,0.0
SIH26017-PRJ-000186,0,True,2018-07-01,False,0.0,,Not Started,0,0,0.0
SIH26017-PRJ-000187,6,True,2023-04-12,True,88.5,,Completed,1,1,3.2
SIH26017-PRJ-000188,257,True,2023-04-15,True,43.8,52.3,Completed,49,27,2.5
SIH26017-PRJ-000189,755,True,2019-03-30,False,64.7,,Completed,160,74,3.5
SIH26017-PRJ-000190,36,True,2019-10-06,False,0.0,0.0,Not Started,2,1,0.0
SIH26017-PRJ-000191,5,True,2021-09-30,True,83.7,,Completed,1,1,3.7
SIH26017-PRJ-000192,444,True,2016-10-01,True,84.8,65.5,Completed,92,45,4.1
SIH26017-PRJ-000193,2,True,2023-03-31,True,79.7,,Completed,0,0,2.7
SIH26017-PRJ-000194,2,True,2018-07-09,True,59.3,,Completed,0,0,2.9
SIH26017-PRJ-000195,6,True,2018-06-26,False,51.2,31.7,Completed,1,0,2.5
SIH26017-PRJ-000196,505,True,2023-10-05,False,0.0,0.0,Not Started,59,22,0.0
SIH26017-PRJ-000197,136,True,2018-05-08,False,48.6,,Completed,31,12,3.9
SIH26017-PRJ-000198,11,True,2022-04-29,False,0.0,,Not Started,0,0,0.0
SIH26017-PRJ-000199,268,True,2025-07-23,False,0.0,0.0,Not Started,19,7,0.0
SIH26017-PRJ-000200,8,True,2022-08-03,False,56.3,23.7,In Progress,2,1,2.1
SIH26017-PRJ-000201,88,True,2023-03-15,False,37.3,21.3,In Progress,17,7,1.9
SIH26017-PRJ-000202,6,True,2023-02-08,True,71.7,,Completed,1,0,2.3
SIH26017-PRJ-000203,252,True,2025-02-23,False,0.0,,Not Started,32,12,0.2
SIH26017-PRJ-000204,32,True,2021-07-27,False,1.1,0.6,In Progress,4,2,0.2
SIH26017-PRJ-000205,290,False,,False,0.0,0.0,Not Started,1,0,0.0
SIH26017-PRJ-000206,3,True,2021-01-09,False,0.9,0.5,In Progress,0,0,0.4
SIH26017-PRJ-000207,143,True,2020-02-25,False,0.0,,Not Started,14,6,0.0
SIH26017-PRJ-000208,1156,True,2023-10-17,False,1.1,0.8,In Progress,153,59,0.3
SIH26017-PRJ-000209,19,True,2023-07-12,False,73.0,20.4,Completed,4,2,2.8
SIH26017-PRJ-000210,342,True,2019-02-10,False,67.4,46.2,Completed,82,29,2.4
SIH26017-PRJ-000211,30,True,2016-07-01,True,66.9,48.8,Completed,5,3,3.5
SIH26017-PRJ-000212,11,True,2017-03-30,True,28.5,,In Progress,1,1,1.1
SIH26017-PRJ-000213,200,True,2021-06-28,False,43.4,,Completed,45,19,3.8
SIH26017-PRJ-000214,73,True,2017-01-28,False,57.3,81.7,Completed,15,7,3.5
SIH26017-PRJ-000215,123,True,2020-04-24,False,0.8,0.0,In Progress,16,6,0.2
SIH26017-PRJ-000216,13,True,2021-12-04,False,46.3,,In Progress,3,1,1.0
SIH26017-PRJ-000217,319,True,2020-03-12,True,57.1,45.0,Completed,63,33,3.1
SIH26017-PRJ-000218,324,True,2020-03-19,False,1.1,,In Progress,42,17,0.1
SIH26017-PRJ-000219,98,True,2021-02-19,False,72.3,32.6,Completed,23,8,3.6
SIH26017-PRJ-000220,734,True,2020-01-31,True,80.2,,Completed,129,80,4.5
SIH26017-PRJ-000221,4,True,2023-10-11,True,96.5,,Completed,1,1,2.7
SIH26017-PRJ-000222,698,True,2018-11-11,False,55.9,,Completed,162,62,2.0
SIH26017-PRJ-000223,237,True,2020-03-13,False,0.0,0.0,Not Started,16,6,0.0
SIH26017-PRJ-000224,67,True,2018-08-16,True,47.4,39.7,Completed,13,7,3.2
SIH26017-PRJ-000225,108,True,2017-01-20,True,72.9,,Completed,18,12,4.9
SIH26017-PRJ-000226,20,True,2021-05-20,True,97.0,,Completed,3,2,4.8
SIH26017-PRJ-000227,3,True,2022-11-20,False,47.3,23.8,In Progress,1,0,1.8
SIH26017-PRJ-000228,8,True,2025-03-12,True,44.8,27.6,In Progress,1,1,1.4
SIH26017-PRJ-000229,172,True,2021-09-05,True,45.4,,In Progress,27,16,1.7
SIH26017-PRJ-000230,11,True,2018-04-29,True,56.2,,In Progress,2,1,1.9
SIH26017-PRJ-000231,25,True,2018-08-23,False,32.8,,Completed,6,2,1.8
SIH26017-PRJ-000232,43,True,2022-11-27,False,42.4,,In Progress,8,3,1.9
SIH26017-PRJ-000233,72,True,2020-11-23,True,61.0,17.2,Completed,14,7,2.7
SIH26017-PRJ-000234,8,True,2018-02-11,False,62.6,,Completed,2,1,1.8
SIH26017-PRJ-000235,5,True,2018-09-14,True,62.3,40.9,Completed,1,0,3.1
SIH26017-PRJ-000236,29,True,2023-06-19,False,19.5,,In Progress,5,2,1.3
SIH26017-PRJ-000237,0,True,2016-01-03,True,0.0,,Completed,0,0,3.1
SIH26017-PRJ-000238,409,True,2020-01-17,False,51.1,38.3,In Progress,93,35,2.2
SIH26017-PRJ-000239,2,True,2022-01-06,False,78.3,50.1,Completed,0,0,2.6
SIH26017-PRJ-000240,4,True,2019-12-15,True,100.0,42.3,Completed,1,1,3.9
SIH26017-PRJ-000241,137,True,2022-04-07,True,67.8,49.7,Completed,26,14,2.4
SIH26017-PRJ-000242,11,True,2024-12-10,False,1.0,0.8,In Progress,1,0,0.2
SIH26017-PRJ-000243,2006,True,2024-05-08,False,1.0,,In Progress,200,75,0.3
SIH26017-PRJ-000244,5,True,2019-05-02,True,49.0,56.0,Completed,1,1,3.7
SIH26017-PRJ-000245,252,True,2020-02-29,False,87.4,34.4,Completed,59,22,1.3
SIH26017-PRJ-000246,736,True,2020-01-04,False,59.0,,Completed,171,63,2.3
SIH26017-PRJ-000247,19,True,2015-12-12,False,59.9,36.1,Completed,4,2,2.2
SIH26017-PRJ-000248,58,True,2017-09-30,False,68.5,,Completed,13,6,2.7
SIH26017-PRJ-000249,9,True,2020-11-29,True,64.2,34.8,Completed,1,1,3.5
SIH26017-PRJ-000250,16,True,2019-06-02,False,48.0,17.7,Completed,4,2,2.1
SIH26017-PRJ-000251,7,True,2016-07-13,False,49.0,,Completed,2,1,3.8
SIH26017-PRJ-000252,3,True,2019-08-26,True,68.5,,Completed,1,1,2.1
SIH26017-PRJ-000253,373,False,,False,0.0,,Not Started,1,0,0.0
SIH26017-PRJ-000254,20,True,2018-11-16,True,61.9,,Completed,4,2,3.0
SIH26017-PRJ-000255,9,True,2020-07-20,False,36.7,31.7,In Progress,2,1,1.9
SIH26017-PRJ-000256,7,True,2021-06-05,False,56.8,50.8,Completed,1,0,2.2
SIH26017-PRJ-000257,7,True,2024-11-20,True,73.3,,Completed,1,1,2.8
SIH26017-PRJ-000258,119,True,2016-11-17,True,82.3,45.4,Completed,21,13,2.5
SIH26017-PRJ-000259,7,True,2016-02-14,False,48.5,47.1,Completed,2,1,1.4
SIH26017-PRJ-000260,833,True,2020-11-26,True,40.7,38.6,In Progress,145,72,1.9
SIH26017-PRJ-000261,897,True,2017-01-25,False,49.9,36.8,Completed,200,82,2.5
SIH26017-PRJ-000262,5,True,2015-12-24,True,90.7,48.8,Completed,1,0,4.1
SIH26017-PRJ-000263,30,True,2021-07-02,True,100.0,,Completed,4,3,3.6
SIH26017-PRJ-000264,32,True,2022-08-23,False,0.0,0.0,Not Started,3,1,0.0
SIH26017-PRJ-000265,9,True,2019-05-19,False,51.8,,Completed,2,1,2.2
SIH26017-PRJ-000266,2068,True,2025-07-20,False,0.0,0.0,Not Started,200,82,0.0
SIH26017-PRJ-000267,298,True,2026-08-20,False,0.0,0.0,Not Started,11,4,0.0
SIH26017-PRJ-000268,40,True,2017-05-22,False,0.0,,Not Started,2,1,0.0
SIH26017-PRJ-000269,34,True,2023-06-21,False,1.4,0.8,In Progress,4,2,0.3
SIH26017-PRJ-000270,234,True,2024-05-27,False,0.0,0.0,Not Started,8,3,0.0
SIH26017-PRJ-000271,3,True,2018-02-04,True,66.5,43.4,Completed,1,1,2.9
SIH26017-PRJ-000272,7,True,2018-09-24,False,64.5,,Completed,2,1,1.8
SIH26017-PRJ-000273,13,True,2023-03-25,True,77.5,,Completed,3,2,3.3
SIH26017-PRJ-000274,541,True,2018-10-09,False,20.9,19.6,In Progress,107,40,1.2
SIH26017-PRJ-000275,78,True,2016-12-16,False,0.9,,In Progress,10,4,0.4
SIH26017-PRJ-000276,21,True,2022-11-22,False,18.3,,In Progress,3,1,0.7
SIH26017-PRJ-000277,170,True,2023-07-11,True,49.0,63.2,Completed,34,18,3.2
SIH26017-PRJ-000278,9,True,2017-10-15,False,75.5,37.8,Completed,2,1,3.1
SIH26017-PRJ-000279,360,True,2018-04-18,False,38.5,,In Progress,69,28,1.7
SIH26017-PRJ-000280,5,True,2021-07-30,True,65.6,33.4,Completed,1,1,4.0
SIH26017-PRJ-000281,1392,True,2026-04-03,False,0.0,0.0,Not Started,97,35,0.0
SIH26017-PRJ-000282,701,True,2022-01-09,False,0.0,,Not Started,24,10,0.0
SIH26017-PRJ-000283,80,True,2023-04-04,False,0.0,,Not Started,2,1,0.0
SIH26017-PRJ-000284,7,True,2019-05-01,False,64.7,43.5,Completed,2,1,2.5
SIH26017-PRJ-000285,19,True,2023-10-12,True,95.3,,Completed,3,2,2.7
SIH26017-PRJ-000286,24,True,2015-07-01,True,100.0,38.7,Completed,4,3,3.9
SIH26017-PRJ-000287,504,True,2019-04-26,True,52.7,6.0,Completed,97,54,4.2
SIH26017-PRJ-000288,532,False,,False,0.0,0.0,Not Started,2,1,0.0
SIH26017-PRJ-000289,9,True,2019-12-28,True,85.5,41.2,Completed,2,1,2.0
SIH26017-PRJ-000290,145,True,2017-06-08,False,24.7,13.8,In Progress,29,11,1.1
SIH26017-PRJ-000291,7,True,2017-06-13,True,66.4,20.7,Completed,1,1,2.4
SIH26017-PRJ-000292,47,False,,False,0.0,,Not Started,0,0,0.0
SIH26017-PRJ-000293,114,True,2022-06-01,True,81.3,,Completed,22,12,2.2
SIH26017-PRJ-000294,67,True,2018-05-14,False,21.7,11.9,In Progress,11,4,0.5
SIH26017-PRJ-000295,931,True,2023-10-24,False,0.0,0.0,Not Started,30,14,0.0
SIH26017-PRJ-000296,1,True,2019-03-23,True,94.5,,Completed,0,0,2.6
SIH26017-PRJ-000297,129,False,,False,0.0,0.0,Not Started,0,0,0.0
SIH26017-PRJ-000298,1238,True,2021-10-22,False,26.9,28.1,Completed,200,77,4.0
SIH26017-PRJ-000299,48,True,2021-05-20,True,66.3,,Completed,9,5,2.6
SIH26017-PRJ-000300,2,True,2016-07-16,True,89.5,,Completed,0,0,4.4
SIH26017-PRJ-000301,9,True,2018-09-29,False,41.6,,Completed,2,1,2.4
SIH26017-PRJ-000302,30,True,2019-06-06,True,49.3,41.5,In Progress,5,3,1.1
SIH26017-PRJ-000303,11,True,2023-01-30,True,87.6,17.7,Completed,2,1,3.6
SIH26017-PRJ-000304,9,True,2022-03-09,True,68.5,57.3,Completed,1,1,4.3
SIH26017-PRJ-000305,25,True,2023-01-15,False,26.1,,In Progress,5,2,1.7
SIH26017-PRJ-000306,0,True,2020-04-21,True,0.0,,Completed,0,0,5.0
SIH26017-PRJ-000307,4,True,2018-08-13,True,93.9,50.2,Completed,1,1,2.9
SIH26017-PRJ-000308,31,True,2021-03-22,True,72.1,43.7,Completed,5,3,3.2
SIH26017-PRJ-000309,14,True,2020-06-02,True,56.0,24.4,Completed,2,1,2.6
SIH26017-PRJ-000310,21,True,2017-08-26,False,0.0,,Not Started,1,0,0.0
SIH26017-PRJ-000311,71,True,2023-04-12,False,0.0,0.0,Not Started,2,1,0.0
SIH26017-PRJ-000312,90,True,2020-02-01,False,0.9,0.3,In Progress,12,5,0.5
SIH26017-PRJ-000313,17,True,2025-06-13,False,0.0,0.0,Not Started,2,1,0.0
SIH26017-PRJ-000314,83,False,,False,0.0,,Not Started,3,2,0.0
SIH26017-PRJ-000315,7,True,2019-01-31,False,69.1,37.4,Completed,1,0,4.0
SIH26017-PRJ-000316,150,True,2020-11-27,False,73.9,,Completed,35,14,3.1
SIH26017-PRJ-000317,24,True,2016-04-11,True,57.5,32.7,Completed,4,3,4.7
SIH26017-PRJ-000318,8,True,2024-05-08,True,62.5,59.5,Completed,2,1,2.1
SIH26017-PRJ-000319,229,True,2020-06-05,False,44.6,6.8,In Progress,45,17,1.8
SIH26017-PRJ-000320,166,True,2020-07-27,False,25.8,,In Progress,30,14,2.2
SIH26017-PRJ-000321,71,True,2023-10-11,False,20.0,,In Progress,11,5,1.3
SIH26017-PRJ-000322,16,True,2021-08-11,True,42.9,16.5,Completed,3,2,2.6
SIH26017-PRJ-000323,66,True,2020-10-20,False,0.9,,In Progress,9,4,0.5
SIH26017-PRJ-000324,34,True,2022-08-02,True,22.8,,In Progress,5,2,1.0
SIH26017-PRJ-000325,104,True,2025-05-27,True,27.2,16.1,In Progress,14,8,0.8
SIH26017-PRJ-000326,47,True,2018-06-26,False,55.8,39.2,Completed,10,4,3.5
SIH26017-PRJ-000327,26,True,2024-07-16,True,66.6,49.9,Completed,4,3,3.9
SIH26017-PRJ-000328,3,True,2020-04-11,True,86.2,34.7,Completed,1,0,2.5
SIH26017-PRJ-000329,855,True,2020-12-29,False,26.0,,In Progress,171,63,0.9
SIH26017-PRJ-000330,2,True,2021-04-07,False,63.1,26.9,Completed,0,0,4.0
SIH26017-PRJ-000331,34,True,2016-08-27,False,61.3,,Completed,8,3,2.4
SIH26017-PRJ-000332,10,True,2023-07-27,True,82.4,29.2,Completed,2,1,2.1
SIH26017-PRJ-000333,29,True,2019-01-26,False,0.0,0.0,Not Started,1,0,0.0
SIH26017-PRJ-000334,30,True,2022-11-05,False,0.0,,Not Started,2,1,0.0
SIH26017-PRJ-000335,980,True,2023-06-22,False,24.9,,In Progress,179,66,1.1
SIH26017-PRJ-000336,13,True,2020-02-02,True,50.9,32.2,In Progress,2,1,2.1
SIH26017-PRJ-000337,0,True,2024-04-19,True,0.0,,In Progress,0,0,1.3
SIH26017-PRJ-000338,13,True,2016-07-06,True,47.6,,Completed,3,2,3.2
SIH26017-PRJ-000339,113,True,2017-02-16,False,69.6,54.6,Completed,26,11,1.7
SIH26017-PRJ-000340,143,True,2016-08-13,False,42.0,29.2,Completed,32,13,3.2
SIH26017-PRJ-000341,20,True,2024-08-24,False,23.5,,In Progress,3,1,0.9
SIH26017-PRJ-000342,15,True,2018-04-08,False,0.0,,Not Started,1,1,0.0
SIH26017-PRJ-000343,1,True,2024-07-17,False,0.9,0.4,In Progress,0,0,0.5
SIH26017-PRJ-000344,84,True,2020-03-01,True,85.0,56.7,Completed,11,9,3.5
SIH26017-PRJ-000345,24,True,2021-09-17,False,69.8,42.6,Completed,5,2,1.2
SIH26017-PRJ-000346,1947,True,2022-07-03,False,29.1,20.6,In Progress,200,74,0.5
SIH26017-PRJ-000347,77,True,2019-12-10,True,71.0,,Completed,13,8,1.6
SIH26017-PRJ-000348,5,True,2024-04-24,False,70.6,,Completed,1,0,2.6
SIH26017-PRJ-000349,7,True,2021-02-16,True,61.5,70.1,Completed,1,1,2.5
SIH26017-PRJ-000350,7,True,2019-11-28,True,74.1,61.1,Completed,1,1,3.5
SIH26017-PRJ-000351,917,True,2022-08-14,False,13.4,,In Progress,152,57,1.0
SIH26017-PRJ-000352,1254,True,2024-05-19,False,0.0,0.0,Not Started,128,46,0.0
SIH26017-PRJ-000353,559,True,2025-03-21,False,0.7,,In Progress,74,29,0.3
SIH26017-PRJ-000354,12,True,2025-03-03,True,14.2,,In Progress,2,1,1.1
SIH26017-PRJ-000355,687,True,2024-10-31,False,0.0,,Not Started,67,28,0.0
SIH26017-PRJ-000356,32,True,2023-08-13,False,57.0,,In Progress,7,3,3.5
SIH26017-PRJ-000357,268,False,,False,0.0,,Not Started,1,0,0.0
SIH26017-PRJ-000358,719,True,2022-01-31,False,0.0,,Not Started,23,11,0.0
SIH26017-PRJ-000359,891,True,2019-11-11,False,71.1,,Completed,200,81,3.8
SIH26017-PRJ-000360,175,True,2016-06-09,False,59.1,,Completed,40,16,3.3
SIH26017-PRJ-000361,7,True,2015-10-23,False,77.7,,Completed,1,0,3.2
SIH26017-PRJ-000362,23,True,2018-10-17,True,83.5,70.9,Completed,5,2,4.6
SIH26017-PRJ-000363,46,True,2018-10-02,True,67.7,18.9,Completed,8,5,2.8
SIH26017-PRJ-000364,163,True,2018-10-19,False,29.0,32.4,In Progress,38,14,1.7
SIH26017-PRJ-000365,288,True,2021-11-08,True,61.5,,Completed,47,32,4.2
SIH26017-PRJ-000366,37,True,2018-08-17,False,0.0,,Not Started,1,1,0.0
SIH26017-PRJ-000367,402,True,2023-02-19,False,0.0,0.0,Not Started,28,10,0.0
SIH26017-PRJ-000368,33,True,2016-08-24,True,77.7,26.4,Completed,6,4,2.1
SIH26017-PRJ-000369,42,True,2016-12-02,True,66.8,40.1,Completed,8,4,2.7
SIH26017-PRJ-000370,7,True,2015-10-26,False,58.6,,Completed,2,1,3.4
SIH26017-PRJ-000371,368,True,2020-10-19,False,39.3,,Completed,88,32,2.9
SIH26017-PRJ-000372,13,True,2025-08-04,False,0.0,,Not Started,1,0,0.0
SIH26017-PRJ-000373,8,True,2018-04-13,True,60.8,9.4,Completed,1,1,2.7
SIH26017-PRJ-000374,200,True,2019-11-10,True,59.9,54.9,Completed,35,21,2.7
SIH26017-PRJ-000375,25,True,2018-08-09,False,74.2,45.1,Completed,6,2,2.3
SIH26017-PRJ-000376,16,True,2024-10-25,True,73.7,36.4,Completed,3,2,2.7
SIH26017-PRJ-000377,1386,True,2025-09-17,False,0.0,0.0,Not Started,183,67,0.3
SIH26017-PRJ-000378,225,True,2019-08-16,True,77.7,16.7,Completed,46,23,2.7
SIH26017-PRJ-000379,15,True,2020-07-03,False,52.5,36.1,Completed,3,1,2.1
SIH26017-PRJ-000380,750,True,2023-07-19,False,39.2,27.3,Completed,171,66,3.0
SIH26017-PRJ-000381,93,True,2016-09-03,False,0.0,0.0,Not Started,9,4,0.0
SIH26017-PRJ-000382,176,True,2025-04-07,False,0.0,,Not Started,17,7,0.0
SIH26017-PRJ-000383,4,True,2022-09-30,False,0.0,,Not Started,0,0,0.0
SIH26017-PRJ-000384,0,True,2021-05-09,True,0.0,,Completed,0,0,4.3
SIH26017-PRJ-000385,187,True,2017-04-09,False,56.0,52.7,Completed,43,17,3.0
SIH26017-PRJ-000386,9,True,2022-05-30,True,46.2,,In Progress,1,1,2.4
SIH26017-PRJ-000387,2,True,2023-08-21,True,96.4,26.9,Completed,0,0,4.7
SIH26017-PRJ-000388,775,True,2018-04-20,False,61.0,,Completed,182,67,1.9
SIH26017-PRJ-000389,276,True,2026-01-09,False,0.0,0.0,Not Started,19,7,0.0
SIH26017-PRJ-000390,116,True,2023-03-02,False,43.0,11.1,In Progress,21,10,1.8
SIH26017-PRJ-000391,399,True,2021-01-05,False,0.0,,Not Started,33,18,0.0
SIH26017-PRJ-000392,147,False,,False,0.0,,Not Started,0,0,0.0
SIH26017-PRJ-000393,16,True,2018-12-27,True,53.4,,Completed,3,2,2.7
SIH26017-PRJ-000394,168,False,,False,0.0,0.0,Not Started,1,0,0.0
SIH26017-PRJ-000395,25,True,2018-01-25,False,71.8,,Completed,6,3,2.7
SIH26017-PRJ-000396,72,True,2016-08-16,False,55.3,,Completed,16,7,3.6
SIH26017-PRJ-000397,57,True,2026-03-27,False,0.0,0.0,Not Started,4,2,0.0
SIH26017-PRJ-000398,15,True,2017-07-11,True,68.5,38.3,Completed,2,2,3.6
SIH26017-PRJ-000399,15,True,2022-08-26,True,90.3,27.6,Completed,3,2,2.9
SIH26017-PRJ-000400,719,True,2016-10-28,False,64.8,31.2,Completed,167,61,2.7
SIH26017-PRJ-000401,3,True,2025-05-19,True,23.5,,In Progress,0,0,1.0
SIH26017-PRJ-000402,56,True,2020-07-15,False,74.3,,Completed,12,5,2.3
SIH26017-PRJ-000403,450,True,2025-05-15,False,0.0,,Not Started,41,20,0.0
SIH26017-PRJ-000404,48,True,2019-07-25,True,81.4,29.3,Completed,10,5,2.2
SIH26017-PRJ-000405,34,True,2018-11-21,False,45.9,,Completed,8,3,2.1
SIH26017-PRJ-000406,196,True,2019-07-19,False,46.4,25.1,Completed,45,18,4.0
SIH26017-PRJ-000407,532,True,2019-06-09,False,0.0,0.0,Not Started,48,23,0.0
SIH26017-PRJ-000408,22,True,2021-12-05,False,52.8,31.3,Completed,5,2,1.8
SIH26017-PRJ-000409,136,True,2022-05-22,True,59.4,,Completed,25,15,3.7
SIH26017-PRJ-000410,46,True,2020-06-11,False,83.1,28.8,Completed,10,4,2.4
SIH26017-PRJ-000411,17,True,2022-05-07,True,52.6,37.5,Completed,3,2,2.8
SIH26017-PRJ-000412,17,True,2017-02-21,False,0.0,,Not Started,1,1,0.0
SIH26017-PRJ-000413,62,True,2024-04-10,True,96.5,50.2,Completed,10,7,3.8
SIH26017-PRJ-000414,97,True,2025-06-12,False,0.0,,Not Started,10,4,0.0
SIH26017-PRJ-000415,2440,True,2021-01-09,False,33.7,24.8,In Progress,200,71,1.2
SIH26017-PRJ-000416,26,True,2023-02-08,True,75.5,,Completed,5,3,3.5
SIH26017-PRJ-000417,2,True,2017-02-19,False,1.1,0.8,In Progress,0,0,0.4
SIH26017-PRJ-000418,21,True,2019-11-22,False,0.0,0.0,Not Started,1,1,0.0
SIH26017-PRJ-000419,1,True,2021-09-23,True,93.7,,Completed,0,0,3.4
SIH26017-PRJ-000420,18,True,2023-04-13,True,42.2,6.4,In Progress,3,2,1.2
SIH26017-PRJ-000421,44,True,2016-03-26,True,61.3,,Completed,8,5,4.2
SIH26017-PRJ-000422,78,True,2026-08-05,False,0.0,,Not Started,3,1,0.0
SIH26017-PRJ-000423,70,True,2019-02-20,True,70.5,31.6,Completed,14,7,3.3
SIH26017-PRJ-000424,17,True,2016-03-06,True,57.4,56.8,Completed,3,2,3.0
SIH26017-PRJ-000425,8,True,2017-06-02,False,72.6,,Completed,2,1,3.8
SIH26017-PRJ-000426,17,True,2024-06-20,False,38.1,30.7,In Progress,3,1,2.3
SIH26017-PRJ-000427,394,False,,False,0.0,0.0,Not Started,1,1,0.0
SIH26017-PRJ-000428,136,True,2016-05-11,False,52.9,55.7,Completed,31,12,2.6
SIH26017-PRJ-000429,919,True,2020-02-20,False,63.7,,Completed,200,76,3.7
SIH26017-PRJ-000430,5,True,2020-03-09,False,60.4,24.3,Completed,1,0,2.4
SIH26017-PRJ-000431,150,True,2020-10-05,True,57.2,76.8,Completed,30,15,1.5
SIH26017-PRJ-000432,440,True,2020-12-14,False,24.9,8.0,In Progress,74,27,0.3
SIH26017-PRJ-000433,338,True,2021-08-03,False,66.8,35.9,Completed,80,29,2.5
SIH26017-PRJ-000434,1118,True,2016-03-10,False,0.0,,Not Started,73,30,0.0
SIH26017-PRJ-000435,142,True,2018-11-26,False,84.9,,Completed,33,12,3.5
SIH26017-PRJ-000436,18,True,2019-01-23,True,96.0,39.1,Completed,3,2,3.4
SIH26017-PRJ-000437,23,True,2017-07-31,True,66.7,,Completed,4,2,2.0
SIH26017-PRJ-000438,754,True,2022-10-14,False,76.4,32.6,Completed,175,67,2.9
SIH26017-PRJ-000439,45,True,2022-08-29,False,20.8,,In Progress,7,3,0.7
SIH26017-PRJ-000440,765,True,2023-01-25,False,69.8,,Completed,164,75,2.1
SIH26017-PRJ-000441,277,True,2019-08-04,False,55.5,21.5,Completed,65,24,2.8
SIH26017-PRJ-000442,3,True,2019-08-10,True,36.9,52.0,Completed,1,1,3.2
SIH26017-PRJ-000443,80,True,2017-09-02,True,66.1,47.3,Completed,16,8,2.2
SIH26017-PRJ-000444,21,True,2024-08-03,False,0.0,0.0,Not Started,2,1,0.0
SIH26017-PRJ-000445,28,True,2020-10-29,False,55.9,,Completed,6,2,2.7
SIH26017-PRJ-000446,8,True,2021-10-25,True,75.3,28.9,Completed,1,1,2.9
SIH26017-PRJ-000447,172,True,2022-07-19,False,0.0,0.0,Not Started,11,5,0.0
SIH26017-PRJ-000448,116,True,2022-09-01,False,31.2,,In Progress,20,9,2.3
SIH26017-PRJ-000449,5,True,2019-03-15,True,75.7,,Completed,1,1,1.7
SIH26017-PRJ-000450,19,True,2022-04-12,False,0.0,0.0,Not Started,1,1,0.0
SIH26017-PRJ-000451,992,True,2019-07-24,False,0.0,,Not Started,97,39,0.0
SIH26017-PRJ-000452,16,True,2025-03-21,True,70.3,30.2,In Progress,2,1,2.6
SIH26017-PRJ-000453,6,True,2016-12-03,False,51.2,50.3,Completed,1,0,1.9
SIH26017-PRJ-000454,45,True,2021-02-22,False,0.0,0.0,Not Started,3,1,0.0
SIH26017-PRJ-000455,164,True,2019-05-21,False,48.6,26.3,Completed,38,15,3.6
SIH26017-PRJ-000456,0,True,2017-11-04,False,0.0,,Completed,0,0,3.5
SIH26017-PRJ-000457,56,True,2022-04-18,False,17.8,11.9,In Progress,9,4,0.9
SIH26017-PRJ-000458,13,True,2016-11-21,False,74.0,19.9,Completed,3,1,3.4
SIH26017-PRJ-000459,196,True,2024-11-08,True,36.2,9.5,In Progress,32,17,1.8
SIH26017-PRJ-000460,5,True,2017-01-04,True,83.7,37.8,Completed,1,1,2.9
SIH26017-PRJ-000461,101,True,2024-06-29,False,0.0,,Not Started,10,4,0.0
SIH26017-PRJ-000462,225,True,2024-03-27,False,1.2,,In Progress,30,12,0.3
SIH26017-PRJ-000463,4,True,2023-07-27,True,68.1,,Completed,1,1,3.3
SIH26017-PRJ-000464,13,True,2018-08-26,True,51.6,38.9,Completed,3,2,3.6
SIH26017-PRJ-000465,168,True,2020-03-30,False,0.0,,Not Started,6,2,0.0
SIH26017-PRJ-000466,15,True,2022-09-11,True,80.0,,Completed,3,2,3.9
SIH26017-PRJ-000467,270,True,2022-10-04,False,0.0,0.0,Not Started,27,11,0.0
SIH26017-PRJ-000468,4,True,2020-06-21,False,61.8,,Completed,1,0,2.7
SIH26017-PRJ-000469,17,True,2024-03-06,True,71.2,42.1,Completed,3,2,2.1
SIH26017-PRJ-000470,673,True,2020-10-18,False,1.0,1.0,In Progress,85,37,0.3
SIH26017-PRJ-000471,8,True,2026-02-21,False,0.0,0.0,Not Started,0,0,0.0
SIH26017-PRJ-000472,46,True,2024-05-30,True,91.9,43.9,Completed,7,5,3.3
SIH26017-PRJ-000473,6,True,2020-09-04,True,81.0,,Completed,1,1,4.2
SIH26017-PRJ-000474,4,True,2016-08-10,True,88.2,,Completed,1,1,3.2
SIH26017-PRJ-000475,1480,True,2019-01-20,False,56.0,,Completed,200,80,2.5
SIH26017-PRJ-000476,50,True,2020-09-21,False,51.3,43.1,Completed,12,5,2.1
SIH26017-PRJ-000477,4,True,2018-01-06,True,56.9,,Completed,1,1,2.9
SIH26017-PRJ-000478,89,True,2016-06-13,False,0.0,,Not Started,5,2,0.0
SIH26017-PRJ-000479,32,True,2024-10-17,True,48.9,,In Progress,6,3,1.4
SIH26017-PRJ-000480,19,True,2017-02-24,False,62.7,58.5,Completed,4,2,2.4
SIH26017-PRJ-000481,605,True,2019-02-09,False,74.1,,Completed,132,58,2.5
SIH26017-PRJ-000482,97,True,2019-08-05,True,68.0,54.5,Completed,17,10,2.5
SIH26017-PRJ-000483,6,True,2016-12-23,False,0.0,,Not Started,0,0,0.0
SIH26017-PRJ-000484,105,True,2017-11-21,False,47.0,41.6,Completed,24,10,3.0
SIH26017-PRJ-000485,143,True,2020-09-05,True,57.3,43.7,Completed,28,15,4.2
SIH26017-PRJ-000486,13,True,2024-07-05,False,13.1,,In Progress,2,1,1.0
SIH26017-PRJ-000487,629,True,2018-10-05,True,64.2,36.1,Completed,132,63,1.7
SIH26017-PRJ-000488,14,True,2018-12-27,False,70.4,43.6,Completed,3,1,1.7
SIH26017-PRJ-000489,264,True,2022-11-17,True,60.5,20.3,Completed,55,26,3.5
SIH26017-PRJ-000490,55,False,,False,0.0,,Not Started,0,0,0.0
SIH26017-PRJ-000491,26,True,2024-07-30,True,26.7,27.2,In Progress,4,2,1.1
SIH26017-PRJ-000492,17,True,2017-03-07,False,0.0,0.0,Not Started,1,0,0.0
SIH26017-PRJ-000493,32,True,2019-05-28,True,91.1,,Completed,7,3,2.2
SIH26017-PRJ-000494,30,True,2024-12-20,False,31.5,,In Progress,5,2,1.8
SIH26017-PRJ-000495,2,True,2016-09-28,False,64.9,,Completed,0,0,2.8
SIH26017-PRJ-000496,793,True,2019-07-27,False,64.2,19.2,Completed,168,77,2.7
SIH26017-PRJ-000497,547,True,2023-09-13,False,19.7,,In Progress,90,35,0.6
SIH26017-PRJ-000498,16,True,2019-03-09,True,58.9,25.9,Completed,3,2,3.0
SIH26017-PRJ-000499,4,True,2018-06-25,True,84.7,,Completed,1,1,2.8
SIH26017-PRJ-000500,593,True,2024-06-06,False,20.9,,In Progress,97,38,1.1
SIH26017-PRJ-000501,68,True,2024-07-09,True,74.4,,Completed,13,8,4.8
SIH26017-PRJ-000502,1,True,2023-10-07,True,74.3,,Completed,0,0,3.0
SIH26017-PRJ-000503,18,True,2019-07-05,True,69.8,43.8,Completed,3,2,3.2
SIH26017-PRJ-000504,2,True,2016-05-22,True,84.5,,Completed,0,0,3.3
SIH26017-PRJ-000505,566,True,2017-07-08,False,21.6,13.3,In Progress,95,34,1.4
SIH26017-PRJ-000506,56,True,2016-12-27,False,61.6,,Completed,12,5,2.8
SIH26017-PRJ-000507,241,True,2018-11-20,True,90.5,59.7,Completed,42,26,2.9
SIH26017-PRJ-000508,54,True,2024-11-09,True,27.9,,In Progress,8,4,1.0
SIH26017-PRJ-000509,262,False,,False,0.0,0.0,Not Started,1,0,0.0
SIH26017-PRJ-000510,12,True,2023-01-29,False,49.4,,Completed,3,1,2.9
SIH26017-PRJ-000511,56,True,2019-04-14,False,0.0,0.0,Not Started,2,1,0.0
SIH26017-PRJ-000512,108,True,2024-06-28,False,0.3,0.7,In Progress,14,5,0.3
SIH26017-PRJ-000513,313,True,2020-12-23,False,37.4,50.9,Completed,70,29,4.1
SIH26017-PRJ-000514,480,True,2021-05-21,True,73.4,,Completed,83,52,2.7
SIH26017-PRJ-000515,675,True,2023-05-10,False,23.3,,In Progress,110,43,0.8
SIH26017-PRJ-000516,1230,True,2022-04-01,False,17.9,13.2,In Progress,200,74,1.1
SIH26017-PRJ-000517,10,True,2021-09-27,True,39.9,,Completed,2,1,4.0
SIH26017-PRJ-000518,288,True,2025-01-24,False,0.0,0.0,Not Started,30,12,0.0
SIH26017-PRJ-000519,23,True,2019-09-03,False,1.2,,In Progress,3,2,0.2
SIH26017-PRJ-000520,72,True,2015-06-28,False,20.2,,In Progress,11,5,0.6
SIH26017-PRJ-000521,15,False,,False,0.0,0.0,Not Started,0,0,0.0
SIH26017-PRJ-000522,9,True,2018-03-23,True,82.7,,Completed,2,1,5.0
SIH26017-PRJ-000523,10,True,2023-07-03,False,52.9,,Completed,2,1,3.0
SIH26017-PRJ-000524,101,True,2024-12-16,False,0.0,,Not Started,9,4,0.0
SIH26017-PRJ-000525,10,True,2022-04-30,True,62.7,61.8,Completed,2,1,3.1
SIH26017-PRJ-000526,23,True,2017-08-26,False,0.0,0.0,Not Started,1,1,0.0
SIH26017-PRJ-000527,41,True,2020-03-25,False,61.3,47.3,Completed,9,4,3.1
SIH26017-PRJ-000528,402,True,2017-02-06,False,53.4,,Completed,94,35,2.4
SIH26017-PRJ-000529,5,True,2025-06-24,False,13.4,,In Progress,1,0,0.5
SIH26017-PRJ-000530,7,True,2018-10-27,False,64.1,,Completed,2,1,3.8
SIH26017-PRJ-000531,754,True,2021-05-10,False,54.4,30.3,Completed,174,67,1.6
SIH26017-PRJ-000532,97,True,2016-09-16,True,56.8,,Completed,20,10,2.7
SIH26017-PRJ-000533,237,True,2019-11-06,True,76.0,24.9,Completed,48,24,2.8
SIH26017-PRJ-000534,21,True,2025-08-26,False,0.0,0.0,Not Started,2,1,0.0
SIH26017-PRJ-000535,2,True,2024-05-19,False,0.0,,Not Started,0,0,0.0
SIH26017-PRJ-000536,99,True,2022-09-13,False,69.3,31.2,Completed,21,9,2.7
SIH26017-PRJ-000537,39,True,2020-10-11,False,61.5,21.3,Completed,8,4,2.2
SIH26017-PRJ-000538,874,True,2024-03-21,False,0.7,,In Progress,118,42,0.3
SIH26017-PRJ-000539,57,True,2018-10-15,False,75.4,48.6,Completed,13,5,2.5
SIH26017-PRJ-000540,12,True,2018-04-06,True,62.1,56.4,Completed,2,1,3.3
SIH26017-PRJ-000541,16,True,2019-05-27,False,80.3,41.7,Completed,3,1,1.1
SIH26017-PRJ-000542,105,True,2019-01-22,False,1.0,,In Progress,14,5,0.2
SIH26017-PRJ-000543,35,True,2021-11-11,False,39.1,,In Progress,7,3,1.1
SIH26017-PRJ-000544,142,True,2021-11-10,True,62.8,,Completed,26,15,2.7
SIH26017-PRJ-000545,169,True,2016-08-31,False,36.2,,In Progress,33,13,1.6
SIH26017-PRJ-000546,4,True,2022-08-03,True,76.4,,Completed,1,1,0.9
SIH26017-PRJ-000547,9,True,2016-12-11,False,0.0,0.0,Not Started,0,0,0.0
SIH26017-PRJ-000548,4,True,2018-03-04,True,78.5,36.2,Completed,1,1,3.2
SIH26017-PRJ-000549,1346,True,2020-10-26,False,53.2,,In Progress,200,81,1.7
SIH26017-PRJ-000550,13,True,2025-06-01,False,0.0,0.0,Not Started,1,0,0.0
SIH26017-PRJ-000551,23,True,2024-03-18,True,21.4,11.9,In Progress,3,2,1.1
SIH26017-PRJ-000552,5,True,2018-01-07,True,67.2,43.9,Completed,1,1,4.0
SIH26017-PRJ-000553,23,True,2022-01-26,True,59.5,32.1,Completed,5,2,3.6
SIH26017-PRJ-000554,6,True,2016-12-23,True,43.0,22.9,In Progress,1,0,1.4
SIH26017-PRJ-000555,33,True,2024-11-26,False,3.7,3.9,In Progress,4,2,0.5
SIH26017-PRJ-000556,320,True,2022-12-02,False,53.6,,Completed,73,28,2.2
SIH26017-PRJ-000557,710,False,,False,0.0,0.0,Not Started,2,1,0.0
SIH26017-PRJ-000558,62,True,2020-10-07,True,84.4,,Completed,12,6,4.5
SIH26017-PRJ-000559,1669,True,2025-06-25,False,0.0,,Not Started,169,77,0.0
SIH26017-PRJ-000560,27,True,2017-10-05,False,54.3,,Completed,6,2,0.6
SIH26017-PRJ-000561,571,True,2024-07-24,False,0.0,,Not Started,36,16,0.0
SIH26017-PRJ-000562,1433,False,,False,0.0,,Not Started,5,2,0.0
SIH26017-PRJ-000563,1668,False,,False,0.0,,Not Started,6,2,0.0
SIH26017-PRJ-000564,46,True,2021-07-20,False,0.0,0.0,Not Started,2,1,0.0
SIH26017-PRJ-000565,282,True,2017-04-10,False,63.1,,Completed,59,28,4.6
SIH26017-PRJ-000566,833,True,2016-09-04,False,37.7,47.4,Completed,192,75,1.5
SIH26017-PRJ-000567,21,True,2019-04-02,True,62.1,,Completed,4,2,3.2
SIH26017-PRJ-000568,673,True,2018-05-09,False,1.0,0.7,In Progress,80,38,0.5
SIH26017-PRJ-000569,119,True,2022-10-09,False,42.9,26.4,In Progress,24,9,1.9
SIH26017-PRJ-000570,215,True,2020-08-16,False,0.0,0.0,Not Started,15,6,0.0
SIH26017-PRJ-000571,754,True,2019-03-18,False,52.6,39.8,Completed,177,65,2.7
SIH26017-PRJ-000572,9,True,2025-01-16,False,0.0,,Not Started,1,1,0.0
SIH26017-PRJ-000573,2,True,2017-09-14,True,91.7,,Completed,0,0,3.4
SIH26017-PRJ-000574,4,True,2018-04-11,True,85.9,46.8,Completed,1,1,3.4
SIH26017-PRJ-000575,14,True,2024-03-21,False,0.0,,Not Started,0,0,0.0
SIH26017-PRJ-000576,79,True,2018-12-21,True,52.6,,Completed,15,9,2.5
SIH26017-PRJ-000577,15,True,2017-11-22,False,43.4,11.6,Completed,3,1,3.3
SIH26017-PRJ-000578,10,True,2016-09-16,True,82.3,,Completed,2,1,2.8
SIH26017-PRJ-000579,13,True,2016-05-27,True,66.1,,Completed,3,1,3.7
SIH26017-PRJ-000580,24,True,2026-03-09,False,0.0,0.0,Not Started,2,1,0.0
SIH26017-PRJ-000581,15,True,2023-05-17,True,99.2,22.7,Completed,2,2,3.3
SIH26017-PRJ-000582,417,True,2020-04-09,False,37.2,29.9,In Progress,80,33,2.0
SIH26017-PRJ-000583,14,True,2019-06-28,True,68.3,,Completed,3,2,2.3
SIH26017-PRJ-000584,95,True,2019-01-09,True,67.5,37.5,Completed,18,10,3.4
SIH26017-PRJ-000585,9,True,2020-02-29,False,35.7,15.5,In Progress,2,1,1.0
SIH26017-PRJ-000586,16,True,2023-08-05,False,38.7,,In Progress,3,1,1.1
SIH26017-PRJ-000587,40,True,2021-10-12,True,100.0,38.1,Completed,7,4,3.2
SIH26017-PRJ-000588,6,True,2023-10-19,False,0.0,,Not Started,1,1,0.0
SIH26017-PRJ-000589,141,False,,False,0.0,,Not Started,0,0,0.0
SIH26017-PRJ-000590,7,True,2022-07-09,False,79.3,,Completed,2,1,4.5
SIH26017-PRJ-000591,85,True,2023-10-09,False,0.0,,Not Started,3,1,0.0
SIH26017-PRJ-000592,517,True,2025-02-07,True,12.4,,In Progress,66,34,1.0
SIH26017-PRJ-000593,2,True,2020-09-04,True,94.7,,Completed,0,0,2.6
SIH26017-PRJ-000594,948,True,2018-11-15,False,70.3,21.5,Completed,200,83,1.8
SIH26017-PRJ-000595,13,True,2017-08-30,True,82.5,,Completed,2,1,4.4
SIH26017-PRJ-000596,248,True,2021-11-08,True,78.8,,Completed,52,25,2.6
SIH26017-PRJ-000597,406,True,2018-06-01,True,46.2,,Completed,78,43,3.1
SIH26017-PRJ-000598,23,True,2019-07-16,True,73.4,45.8,Completed,5,3,3.7
SIH26017-PRJ-000599,29,True,2021-02-12,False,79.6,,Completed,7,3,2.4
SIH26017-PRJ-000600,7,True,2025-03-13,True,53.9,,In Progress,1,1,2.4
