project_id,public_hearing_conducted_flag,public_hearing_date,public_hearing_objections_count,gram_sabha_consultations_count,local_body_resolution_status,political_sensitivity_index,media_coverage_intensity,ngo_opposition_flag,grievance_redressal_avg_tat_days
SIH26017-PRJ-000001,True,2022-07-29,57,0,Neutral,Medium,Low,False,50.0
SIH26017-PRJ-000002,True,2016-01-25,6,0,Opposing,Low,Medium,False,44.8
SIH26017-PRJ-000003,True,2022-11-08,7,0,Neutral,Medium,Low,False,29.1
SIH26017-PRJ-000004,True,2023-04-19,15,1,Opposing,Medium,Medium,False,40.2
SIH26017-PRJ-000005,True,2020-08-31,28,1,Opposing,Medium,Medium,False,51.4
SIH26017-PRJ-000006,True,2020-03-17,8,0,Supportive,Low,Low,False,18.6
SIH26017-PRJ-000007,True,2024-08-23,38,1,Opposing,Low,Medium,False,52.5
SIH26017-PRJ-000008,True,2020-03-12,8,1,Neutral,Low,Low,True,42.2
SIH26017-PRJ-000009,True,2024-07-05,55,1,Opposing,Medium,Low,True,52.0
SIH26017-PRJ-000010,True,2017-02-13,26,0,Opposing,Medium,Medium,False,40.6
SIH26017-PRJ-000011,True,2018-12-12,10,1,Opposing,Low,Low,True,46.2
SIH26017-PRJ-000012,True,2016-11-23,15,0,Opposing,Low,Low,True,34.7
SIH26017-PRJ-000013,True,2022-11-18,12,0,Neutral,Low,Low,False,18.7
SIH26017-PRJ-000014,True,2021-06-01,14,1,Supportive,Medium,Low,True,37.1
SIH26017-PRJ-000015,True,2021-05-30,73,0,Opposing,Low,Low,False,32.0
SIH26017-PRJ-000016,True,2024-12-09,15,1,Neutral,Medium,Medium,False,51.1
SIH26017-PRJ-000017,True,2022-12-28,8,0,Opposing,Medium,Medium,False,49.5
SIH26017-PRJ-000018,True,2021-07-07,12,0,Opposing,Low,Low,False,41.9
SIH26017-PRJ-000019,True,2017-02-14,10,1,Opposing,Medium,Low,False,46.2
SIH26017-PRJ-000020,True,2017-11-15,9,0,Opposing,Medium,Low,True,42.1
SIH26017-PRJ-000021,True,2018-10-21,8,1,Neutral,Low,Low,False,41.0
SIH26017-PRJ-000022,True,2015-04-05,30,2,Opposing,Medium,Low,True,27.3
SIH26017-PRJ-000023,True,2024-05-03,13,0,Neutral,Low,Low,False,62.7
SIH26017-PRJ-000024,True,2017-11-12,16,8,Opposing,Medium,Medium,False,58.2
SIH26017-PRJ-000025,True,2022-07-28,19,0,Neutral,Low,Low,False,37.7
SIH26017-PRJ-000026,False,,0,0,Opposing,Medium,Low,False,52.2
SIH26017-PRJ-000027,True,2018-03-26,12,1,Opposing,Low,Low,False,54.3
SIH26017-PRJ-000028,True,2015-11-29,38,0,Neutral,Low,Medium,True,45.9
SIH26017-PRJ-000029,True,2023-03-31,30,0,Opposing,Low,Low,False,66.1
SIH26017-PRJ-000030,True,2023-04-21,31,2,Opposing,Medium,Low,False,29.7
SIH26017-PRJ-000031,True,2019-04-16,21,0,Supportive,Low,Low,True,44.0
SIH26017-PRJ-000032,True,2015-07-25,11,1,Opposing,Low,Low,False,39.5
SIH26017-PRJ-000033,True,2022-09-12,11,0,Opposing,Low,Low,True,22.1
SIH26017-PRJ-000034,True,2022-03-03,26,1,Neutral,Low,Low,False,50.8
SIH26017-PRJ-000035,True,2018-03-24,14,0,Neutral,Low,Low,False,31.4
SIH26017-PRJ-000036,True,2017-04-21,32,3,Opposing,High,High,False,47.2
SIH26017-PRJ-000037,True,2023-05-13,14,0,Opposing,Medium,Medium,True,39.5
SIH26017-PRJ-000038,True,2022-05-18,32,0,Neutral,Medium,Medium,False,24.8
SIH26017-PRJ-000039,True,2024-11-29,12,0,Neutral,Medium,High,False,17.5
SIH26017-PRJ-000040,True,2018-10-21,21,0,Neutral,Medium,Medium,False,64.9
SIH26017-PRJ-000041,True,2019-12-04,10,1,Neutral,Medium,Medium,False,32.6
SIH26017-PRJ-000042,True,2018-06-20,11,0,Neutral,Low,Low,False,36.5
SIH26017-PRJ-000043,True,2019-10-16,20,1,Opposing,Low,Medium,False,72.0
SIH26017-PRJ-000044,True,2019-01-12,6,1,Supportive,Medium,Low,False,27.0
SIH26017-PRJ-000045,True,2017-03-18,16,0,Opposing,Medium,Low,False,46.4
SIH26017-PRJ-000046,True,2023-09-24,13,1,Opposing,Medium,Low,False,45.0
SIH26017-PRJ-000047,True,2018-08-13,10,0,Opposing,Low,Low,True,48.9
SIH26017-PRJ-000048,True,2022-09-14,35,1,Opposing,Medium,Low,False,66.5
SIH26017-PRJ-000049,True,2015-03-30,7,0,Supportive,Low,Medium,False,26.9
SIH26017-PRJ-000050,True,2017-04-24,20,0,Neutral,Low,Low,True,43.1
SIH26017-PRJ-000051,True,2022-10-30,7,1,Neutral,Medium,High,False,40.4
SIH26017-PRJ-000052,True,2023-02-26,9,1,Opposing,Low,Medium,False,37.8
SIH26017-PRJ-000053,True,2018-02-15,10,0,Supportive,Low,Low,True,45.4
SIH26017-PRJ-000054,True,2016-10-10,41,1,Supportive,High,Low,False,50.3
SIH26017-PRJ-000055,True,2022-04-05,18,0,Neutral,Low,Low,False,41.9
SIH26017-PRJ-000056,True,2020-01-10,11,2,Opposing,Low,Medium,False,46.7
SIH26017-PRJ-000057,True,2021-01-16,15,1,Opposing,Low,Low,False,53.2
SIH26017-PRJ-000058,True,2023-08-24,13,0,Supportive,Low,Low,False,33.4
SIH26017-PRJ-000059,True,2018-11-10,10,1,Supportive,Low,Low,False,15.8
SIH26017-PRJ-000060,True,2024-06-22,18,2,Opposing,Low,Medium,False,39.6
SIH26017-PRJ-000061,True,2022-12-06,31,0,Opposing,Medium,Low,True,41.7
SIH26017-PRJ-000062,True,2021-01-18,10,0,Supportive,Low,Low,False,43.6
SIH26017-PRJ-000063,True,2021-04-09,21,0,Neutral,Low,Low,False,35.6
SIH26017-PRJ-000064,True,2019-07-20,28,0,Opposing,Medium,Medium,False,23.2
SIH26017-PRJ-000065,True,2021-08-08,17,0,Opposing,Medium,Low,True,33.0
SIH26017-PRJ-000066,True,2023-10-14,7,0,Neutral,Low,Low,False,25.0
SIH26017-PRJ-000067,True,2017-02-27,14,0,Neutral,Medium,Medium,False,50.9
SIH26017-PRJ-000068,True,2018-05-04,47,0,Neutral,Medium,Low,True,53.6
SIH26017-PRJ-000069,True,2017-01-06,18,0,Opposing,Medium,Low,False,41.5
SIH26017-PRJ-000070,True,2023-09-10,7,0,Not Sought,Low,Medium,False,40.5
SIH26017-PRJ-000071,True,2018-07-12,18,0,Opposing,Medium,Medium,False,43.8
SIH26017-PRJ-000072,True,2025-03-29,10,1,Opposing,Low,Medium,False,36.4
SIH26017-PRJ-000073,True,2023-06-19,25,1,Opposing,Medium,Medium,False,47.6
SIH26017-PRJ-000074,True,2016-02-13,13,1,Neutral,Medium,Medium,False,42.4
SIH26017-PRJ-000075,True,2019-08-19,15,0,Neutral,Low,Low,False,20.3
SIH26017-PRJ-000076,True,2020-04-12,12,1,Opposing,Medium,Medium,False,34.3
SIH26017-PRJ-000077,True,2015-10-11,14,0,Neutral,Medium,Medium,False,52.6
SIH26017-PRJ-000078,True,2023-02-15,18,1,Opposing,Medium,Low,True,53.2
SIH26017-PRJ-000079,True,2017-06-07,20,0,Neutral,Low,Medium,False,42.0
SIH26017-PRJ-000080,True,2019-06-07,14,0,Neutral,Low,Low,False,27.0
SIH26017-PRJ-000081,True,2019-11-12,6,1,Opposing,Medium,Low,False,14.8
SIH26017-PRJ-000082,True,2022-11-22,34,1,Opposing,Medium,Medium,False,40.2
SIH26017-PRJ-000083,True,2020-01-25,24,2,Opposing,Low,Medium,False,28.2
SIH26017-PRJ-000084,True,2020-10-05,16,1,Supportive,Low,Low,False,37.4
SIH26017-PRJ-000085,True,2023-11-27,58,0,Neutral,Medium,Medium,False,40.4
SIH26017-PRJ-000086,True,2023-06-04,7,0,Neutral,Medium,Medium,False,47.0
SIH26017-PRJ-000087,True,2018-10-27,16,4,Opposing,Medium,Medium,False,43.8
SIH26017-PRJ-000088,True,2020-02-01,5,1,Neutral,Low,Low,False,5.7
SIH26017-PRJ-000089,True,2015-11-02,47,1,Neutral,Low,Low,False,44.9
SIH26017-PRJ-000090,True,2023-06-09,6,0,Supportive,Low,Low,False,22.4
SIH26017-PRJ-000091,True,2022-09-01,15,1,Opposing,Medium,Low,False,67.6
SIH26017-PRJ-000092,True,2022-10-12,6,0,Supportive,Low,Low,False,1.0
SIH26017-PRJ-000093,True,2022-12-12,19,3,Opposing,Medium,Medium,True,49.5
SIH26017-PRJ-000094,True,2022-08-24,14,1,Opposing,Medium,Low,False,49.0
SIH26017-PRJ-000095,True,2017-10-19,27,0,Opposing,Low,Low,False,48.1
SIH26017-PRJ-000096,True,2017-12-09,8,1,Supportive,Medium,Low,False,27.7
SIH26017-PRJ-000097,True,2024-09-07,19,1,Neutral,High,Medium,False,47.9
SIH26017-PRJ-000098,True,2022-09-29,10,0,Supportive,Low,Low,True,36.6
SIH26017-PRJ-000099,True,2020-01-28,5,0,Supportive,Low,Low,False,25.0
SIH26017-PRJ-000100,True,2022-07-10,21,2,Opposing,Medium,Medium,False,47.7
SIH26017-PRJ-000101,True,2018-02-19,9,0,Neutral,Medium,Low,False,30.3
SIH26017-PRJ-000102,True,2021-11-27,23,0,Opposing,Medium,Low,False,48.1
SIH26017-PRJ-000103,False,,0,0,Supportive,Medium,Low,False,16.1
SIH26017-PRJ-000104,True,2024-01-31,15,2,Neutral,Low,Low,False,32.5
SIH26017-PRJ-000105,True,2022-10-04,11,1,Neutral,Low,Medium,False,40.0
SIH26017-PRJ-000106,True,2016-03-02,12,1,Opposing,Medium,Low,False,45.9
SIH26017-PRJ-000107,True,2020-10-04,11,0,Opposing,Medium,Low,False,24.1
SIH26017-PRJ-000108,True,2024-04-05,40,2,Opposing,Medium,Medium,False,46.9
SIH26017-PRJ-000109,True,2022-10-27,15,3,Neutral,Low,Medium,False,23.9
SIH26017-PRJ-000110,True,2021-04-22,41,0,Opposing,Medium,Low,False,53.3
SIH26017-PRJ-000111,True,2022-11-30,6,2,Supportive,Low,Low,False,33.1
SIH26017-PRJ-000112,True,2016-03-31,4,0,Neutral,Low,Medium,False,22.6
SIH26017-PRJ-000113,True,2022-09-06,26,1,Opposing,High,Medium,True,30.9
SIH26017-PRJ-000114,True,2019-01-10,38,0,Neutral,Low,Low,False,35.6
SIH26017-PRJ-000115,True,2017-01-14,1,0,Neutral,Medium,Medium,False,44.9
SIH26017-PRJ-000116,True,2018-12-05,7,1,Neutral,Low,Low,False,34.2
SIH26017-PRJ-000117,True,2019-10-25,20,1,Neutral,Low,Low,False,43.6
SIH26017-PRJ-000118,True,2018-04-15,21,1,Neutral,Medium,Medium,False,31.4
SIH26017-PRJ-000119,True,2024-06-26,5,1,Supportive,Low,Low,False,12.9
SIH26017-PRJ-000120,True,2020-11-06,31,2,Neutral,Low,Medium,False,61.5
SIH26017-PRJ-000121,True,2016-04-20,23,5,Opposing,High,High,False,43.4
SIH26017-PRJ-000122,True,2024-05-24,29,0,Opposing,Low,Low,False,42.1
SIH26017-PRJ-000123,True,2022-05-28,24,1,Opposing,Medium,Low,False,32.0
SIH26017-PRJ-000124,True,2016-10-06,26,0,Opposing,Medium,Medium,False,34.6
SIH26017-PRJ-000125,True,2017-03-20,11,0,Supportive,Low,Low,False,47.9
SIH26017-PRJ-000126,True,2018-11-08,21,1,Neutral,Low,Low,False,38.7
SIH26017-PRJ-000127,True,2024-10-03,14,0,Opposing,Low,Medium,False,49.8
SIH26017-PRJ-000128,True,2017-01-26,6,2,Neutral,Low,Low,False,34.0
SIH26017-PRJ-000129,True,2020-01-17,8,2,Opposing,Medium,Low,True,43.0
SIH26017-PRJ-000130,True,2019-08-10,5,2,Not Sought,Low,Low,False,34.0
SIH26017-PRJ-000131,True,2024-01-07,7,0,Neutral,Low,Low,False,39.3
SIH26017-PRJ-000132,True,2017-04-23,6,0,Supportive,Low,Low,False,35.3
SIH26017-PRJ-000133,True,2018-04-21,32,0,Opposing,Medium,Medium,False,37.3
SIH26017-PRJ-000134,True,2019-08-28,43,4,Opposing,Medium,Low,False,57.7
SIH26017-PRJ-000135,True,2024-11-04,23,2,Opposing,Low,Low,False,54.6
SIH26017-PRJ-000136,True,2020-02-29,9,1,Supportive,Low,Low,False,7.0
SIH26017-PRJ-000137,True,2023-02-20,12,0,Neutral,Medium,Low,False,30.4
SIH26017-PRJ-000138,True,2018-12-22,9,2,Neutral,Medium,Medium,True,18.8
SIH26017-PRJ-000139,True,2022-08-08,9,5,Neutral,High,Medium,False,50.5
SIH26017-PRJ-000140,True,2022-06-10,14,2,Neutral,Medium,Medium,False,29.6
SIH26017-PRJ-000141,True,2016-03-28,25,0,Opposing,Medium,Low,False,35.3
SIH26017-PRJ-000142,True,2019-07-22,40,0,Opposing,Medium,High,True,43.7
SIH26017-PRJ-000143,True,2017-09-18,8,0,Supportive,Low,Medium,False,22.5
SIH26017-PRJ-000144,True,2023-02-04,12,0,Supportive,Low,Low,False,36.9
SIH26017-PRJ-000145,True,2016-02-20,30,0,Neutral,Medium,Low,False,43.1
SIH26017-PRJ-000146,True,2024-03-02,20,3,Opposing,Low,Low,False,56.7
SIH26017-PRJ-000147,True,2019-07-13,23,0,Opposing,Medium,High,False,39.4
SIH26017-PRJ-000148,True,2023-08-08,7,0,Neutral,Low,Low,False,5.1
SIH26017-PRJ-000149,True,2022-12-23,14,0,Neutral,Medium,Low,False,58.2
SIH26017-PRJ-000150,True,2020-10-28,65,1,Opposing,Medium,Low,False,27.4
SIH26017-PRJ-000151,True,2018-06-30,11,0,Neutral,Medium,Low,False,36.9
SIH26017-PRJ-000152,False,,0,0,Opposing,Medium,Low,False,14.6
SIH26017-PRJ-000153,True,2018-07-25,39,3,Opposing,High,Medium,False,41.0
SIH26017-PRJ-000154,False,,0,2,Opposing,Medium,Medium,False,42.3
SIH26017-PRJ-000155,True,2016-09-03,36,0,Opposing,Low,Low,True,26.7
SIH26017-PRJ-000156,True,2023-06-06,18,1,Opposing,Medium,Medium,False,38.0
SIH26017-PRJ-000157,True,2016-02-25,12,1,Opposing,Medium,Medium,False,57.5
SIH26017-PRJ-000158,False,,0,0,Opposing,Medium,Medium,False,46.1
SIH26017-PRJ-000159,True,2024-03-02,8,0,Opposing,Low,Low,False,35.2
SIH26017-PRJ-000160,True,2015-07-17,38,1,Opposing,Medium,High,True,45.7
SIH26017-PRJ-000161,True,2015-08-30,7,0,Neutral,Medium,Low,False,37.3
SIH26017-PRJ-000162,True,2023-08-15,35,0,Neutral,Low,Low,False,46.6
SIH26017-PRJ-000163,True,2021-12-31,15,0,Supportive,Medium,Low,False,18.4
SIH26017-PRJ-000164,True,2017-08-20,27,3,Opposing,High,High,False,37.8
SIH26017-PRJ-000165,True,2021-05-03,57,0,Opposing,Low,Medium,True,36.0
SIH26017-PRJ-000166,True,2020-04-24,7,1,Neutral,Low,Low,False,32.1
SIH26017-PRJ-000167,True,2024-03-06,17,3,Opposing,Low,Medium,False,44.6
SIH26017-PRJ-000168,True,2019-12-05,38,0,Neutral,Medium,Low,True,41.7
SIH26017-PRJ-000169,True,2018-06-15,11,3,Opposing,Medium,Medium,False,28.4
SIH26017-PRJ-000170,True,2023-11-06,42,1,Opposing,Medium,Medium,False,47.4
SIH26017-PRJ-000171,True,2022-11-19,9,0,Neutral,Medium,Medium,False,23.9
SIH26017-PRJ-000172,True,2021-01-07,8,0,Opposing,Medium,Medium,False,32.9
SIH26017-PRJ-000173,True,2024-05-19,57,2,Opposing,Low,Medium,False,49.4
SIH26017-PRJ-000174,True,2018-06-26,14,0,Opposing,Medium,High,False,48.5
SIH26017-PRJ-000175,True,2019-12-01,22,0,Opposing,Low,Low,False,51.7
SIH26017-PRJ-000176,True,2016-06-16,11,2,Neutral,Medium,Low,False,23.8
SIH26017-PRJ-000177,True,2023-03-16,15,0,Opposing,Low,Low,False,45.6
SIH26017-PRJ-000178,True,2023-01-19,11,1,Opposing,Medium,Low,False,62.8
SIH26017-PRJ-000179,True,2018-07-10,16,1,Opposing,Low,Low,False,45.6
SIH26017-PRJ-000180,True,2016-12-30,6,5,Neutral,Medium,Low,False,48.7
SIH26017-PRJ-000181,True,2023-11-14,11,1,Opposing,Medium,Medium,False,33.4
SIH26017-PRJ-000182,True,2020-09-06,9,0,Supportive,Low,Medium,False,23.0
SIH26017-PRJ-000183,True,2024-09-01,15,0,Neutral,Low,Low,False,30.5
SIH26017-PRJ-000184,True,2022-11-17,60,0,Opposing,Medium,Medium,False,47.6
SIH26017-PRJ-000185,False,,0,0,Opposing,Medium,Medium,False,46.8
SIH26017-PRJ-000186,True,2017-11-06,7,0,Opposing,Low,Low,False,55.1
SIH26017-PRJ-000187,True,2023-02-14,12,0,Neutral,Low,Low,False,35.6
SIH26017-PRJ-000188,True,2022-10-02,53,0,Neutral,Low,Low,False,37.8
SIH26017-PRJ-000189,True,2018-10-18,26,0,Opposing,Low,Low,False,38.5
SIH26017-PRJ-000190,True,2019-04-05,24,3,Opposing,High,Medium,False,16.2
SIH26017-PRJ-000191,True,2021-05-29,11,0,Supportive,Low,Low,False,26.0
SIH26017-PRJ-000192,True,2016-05-12,18,0,Neutral,Medium,Medium,False,23.6
SIH26017-PRJ-000193,True,2022-08-19,8,1,Neutral,Low,Medium,False,43.7
SIH26017-PRJ-000194,True,2018-04-12,9,0,Opposing,Low,Low,False,26.3
SIH26017-PRJ-000195,True,2017-10-23,10,0,Neutral,Medium,Low,False,32.6
SIH26017-PRJ-000196,True,2022-08-19,35,1,Opposing,Medium,High,False,69.8
SIH26017-PRJ-000197,True,2017-02-28,40,0,Neutral,Medium,Medium,True,35.6
SIH26017-PRJ-000198,True,2021-09-02,9,0,Neutral,Low,Low,False,37.6
SIH26017-PRJ-000199,True,2024-10-01,55,1,Opposing,Medium,Medium,False,45.5
SIH26017-PRJ-000200,True,2021-09-28,13,3,Opposing,Medium,Medium,False,48.4
SIH26017-PRJ-000201,True,2022-07-18,28,3,Opposing,Medium,Medium,False,33.1
SIH26017-PRJ-000202,True,2022-09-05,8,0,Opposing,Low,Medium,False,51.1
SIH26017-PRJ-000203,True,2024-02-27,68,0,Opposing,Medium,High,False,44.7
SIH26017-PRJ-000204,True,2021-01-02,19,2,Neutral,Medium,Medium,False,47.2
SIH26017-PRJ-000205,False,,0,0,Opposing,Medium,Low,False,32.1
SIH26017-PRJ-000206,True,2019-09-16,19,1,Supportive,Medium,Medium,False,38.6
SIH26017-PRJ-000207,True,2018-05-03,35,1,Opposing,Medium,Low,False,57.0
SIH26017-PRJ-000208,True,2022-12-15,47,0,Opposing,Low,Low,False,37.9
SIH26017-PRJ-000209,True,2022-10-07,9,1,Opposing,Medium,Medium,False,47.0
SIH26017-PRJ-000210,True,2018-05-24,78,0,Opposing,Medium,Medium,False,69.7
SIH26017-PRJ-000211,True,2016-03-13,8,0,Supportive,Medium,Medium,False,6.6
SIH26017-PRJ-000212,True,2016-10-23,12,0,Neutral,Low,Medium,False,35.6
SIH26017-PRJ-000213,True,2020-11-30,53,0,Opposing,Low,Low,True,60.8
SIH26017-PRJ-000214,True,2016-07-26,23,0,Opposing,Medium,Low,False,34.0
SIH26017-PRJ-000215,True,2019-04-25,48,2,Opposing,High,Medium,False,58.4
SIH26017-PRJ-000216,True,2021-06-20,13,0,Neutral,Low,Low,False,38.7
SIH26017-PRJ-000217,True,2019-12-02,21,3,Supportive,Medium,Medium,True,34.7
SIH26017-PRJ-000218,True,2019-05-31,17,0,Opposing,Medium,Low,False,31.9
SIH26017-PRJ-000219,True,2020-08-17,34,0,Opposing,Low,Low,True,59.0
SIH26017-PRJ-000220,True,2019-07-31,29,1,Neutral,Low,Low,False,25.3
SIH26017-PRJ-000221,True,2023-08-26,6,1,Supportive,Low,Low,False,24.4
SIH26017-PRJ-000222,True,2018-01-20,47,0,Opposing,Medium,Low,False,52.7
SIH26017-PRJ-000223,True,2019-06-06,8,8,Opposing,Medium,High,True,49.5
SIH26017-PRJ-000224,True,2018-03-27,12,1,Neutral,Low,Low,False,27.8
SIH26017-PRJ-000225,True,2016-11-05,31,1,Neutral,Low,Low,False,10.2
SIH26017-PRJ-000226,True,2021-02-27,6,0,Supportive,Low,Medium,False,19.6
SIH26017-PRJ-000227,True,2021-11-29,13,0,Opposing,Medium,Medium,False,51.0
SIH26017-PRJ-000228,True,2024-08-05,26,0,Opposing,High,High,False,53.5
SIH26017-PRJ-000229,True,2021-04-16,11,2,Opposing,Low,Low,False,50.3
SIH26017-PRJ-000230,True,2017-11-15,9,0,Supportive,Low,Medium,True,37.2
SIH26017-PRJ-000231,True,2018-03-17,22,1,Opposing,Medium,Low,False,43.6
SIH26017-PRJ-000232,True,2021-08-07,11,2,Opposing,Medium,Medium,False,27.6
SIH26017-PRJ-000233,True,2019-10-25,14,0,Neutral,Medium,Low,False,17.5
SIH26017-PRJ-000234,True,2017-02-13,11,0,Neutral,Low,Low,False,57.9
SIH26017-PRJ-000235,True,2018-05-25,12,0,Supportive,Medium,Medium,False,45.3
SIH26017-PRJ-000236,True,2022-12-30,25,1,Opposing,Medium,Medium,False,50.0
SIH26017-PRJ-000237,True,2015-08-08,9,1,Neutral,Medium,Low,False,36.5
SIH26017-PRJ-000238,True,2019-07-05,20,1,Opposing,Medium,Low,False,31.5
SIH26017-PRJ-000239,True,2021-05-16,12,1,Opposing,Low,Low,False,55.8
SIH26017-PRJ-000240,True,2019-07-11,11,2,Neutral,Medium,Medium,False,29.7
SIH26017-PRJ-000241,True,2019-11-03,33,2,Supportive,Low,Low,False,45.4
SIH26017-PRJ-000242,True,2024-01-25,9,3,Neutral,Medium,Medium,False,46.2
SIH26017-PRJ-000243,True,2023-05-29,78,0,Opposing,Medium,Low,False,56.9
SIH26017-PRJ-000244,True,2019-01-07,11,0,Neutral,Low,Medium,False,36.0
SIH26017-PRJ-000245,True,2019-09-07,21,1,Neutral,Low,Medium,True,38.7
SIH26017-PRJ-000246,True,2019-03-21,35,0,Opposing,Medium,High,False,36.1
SIH26017-PRJ-000247,True,2015-06-30,18,0,Neutral,Low,Low,False,58.6
SIH26017-PRJ-000248,True,2017-04-18,14,0,Opposing,Low,Medium,False,31.8
SIH26017-PRJ-000249,True,2020-09-26,7,2,Supportive,Low,Medium,True,34.8
SIH26017-PRJ-000250,True,2017-12-21,14,1,Neutral,Low,Low,False,46.8
SIH26017-PRJ-000251,True,2016-03-31,7,1,Neutral,Low,Low,False,45.5
SIH26017-PRJ-000252,True,2019-04-17,7,0,Supportive,Low,Low,True,16.7
SIH26017-PRJ-000253,False,,0,0,Opposing,Medium,Medium,False,46.2
SIH26017-PRJ-000254,True,2018-02-25,12,0,Neutral,Low,Low,False,49.1
SIH26017-PRJ-000255,True,2020-02-03,10,1,Opposing,Low,Low,False,29.9
SIH26017-PRJ-000256,True,2021-02-22,10,2,Neutral,Medium,Low,False,29.3
SIH26017-PRJ-000257,True,2024-07-02,9,1,Neutral,Low,Low,False,28.5
SIH26017-PRJ-000258,True,2016-09-29,12,1,Neutral,Medium,Medium,False,19.3
SIH26017-PRJ-000259,True,2015-02-25,18,0,Opposing,High,Low,False,40.3
SIH26017-PRJ-000260,True,2020-04-13,29,0,Neutral,Low,Low,False,37.4
SIH26017-PRJ-000261,True,2016-02-05,44,1,Opposing,Low,Low,True,61.6
SIH26017-PRJ-000262,True,2015-06-17,20,1,Opposing,Low,Medium,False,44.6
SIH26017-PRJ-000263,True,2021-02-28,7,1,Not Sought,Low,Low,False,24.0
SIH26017-PRJ-000264,True,2021-10-25,18,0,Opposing,Medium,Medium,True,44.2
SIH26017-PRJ-000265,True,2018-12-22,16,2,Opposing,Low,Low,False,45.1
SIH26017-PRJ-000266,True,2024-11-17,66,0,Neutral,Medium,Medium,False,39.7
SIH26017-PRJ-000267,True,2025-03-29,29,0,Opposing,Low,Low,False,58.0
SIH26017-PRJ-000268,True,2017-02-21,20,1,Opposing,Medium,Medium,False,41.3
SIH26017-PRJ-000269,True,2023-03-16,8,1,Opposing,Low,Medium,False,41.4
SIH26017-PRJ-000270,True,2022-03-16,61,1,Opposing,Medium,Medium,False,51.4
SIH26017-PRJ-000271,True,2017-05-30,11,2,Neutral,Medium,Medium,False,45.7
SIH26017-PRJ-000272,True,2018-06-22,9,1,Opposing,Low,Low,False,44.4
SIH26017-PRJ-000273,True,2022-09-26,14,2,Neutral,Medium,Low,False,33.6
SIH26017-PRJ-000274,True,2017-09-19,30,1,Opposing,Medium,Medium,False,53.6
SIH26017-PRJ-000275,True,2016-08-13,15,0,Neutral,Low,Low,True,30.0
SIH26017-PRJ-000276,True,2021-10-18,14,0,Neutral,Medium,Low,False,55.2
SIH26017-PRJ-000277,True,2022-12-16,47,0,Neutral,Low,Low,False,39.2
SIH26017-PRJ-000278,True,2017-05-23,10,0,Opposing,Low,Low,False,52.5
SIH26017-PRJ-000279,True,2017-09-24,21,0,Opposing,Medium,Low,False,33.7
SIH26017-PRJ-000280,True,2021-04-14,5,0,Supportive,Medium,Medium,False,23.5
SIH26017-PRJ-000281,True,2024-11-21,57,1,Opposing,Medium,Medium,False,55.7
SIH26017-PRJ-000282,True,2020-10-13,32,2,Opposing,Medium,Medium,False,35.7
SIH26017-PRJ-000283,True,2023-01-16,13,2,Neutral,Low,Low,False,42.9
SIH26017-PRJ-000284,True,2019-01-09,18,1,Opposing,Low,Low,False,60.6
SIH26017-PRJ-000285,True,2023-07-25,13,2,Opposing,Low,Low,False,35.6
SIH26017-PRJ-000286,True,2015-05-02,8,0,Not Sought,Low,Low,True,16.1
SIH26017-PRJ-000287,True,2018-11-09,25,0,Neutral,Medium,Low,False,53.0
SIH26017-PRJ-000288,False,,0,0,Opposing,Medium,Low,False,42.6
SIH26017-PRJ-000289,True,2019-07-03,10,1,Neutral,Low,Medium,True,42.6
SIH26017-PRJ-000290,True,2016-09-04,64,0,Opposing,High,High,False,21.5
SIH26017-PRJ-000291,True,2016-11-17,6,2,Neutral,Low,Low,False,31.6
SIH26017-PRJ-000292,False,,0,0,Opposing,Medium,Medium,False,51.9
SIH26017-PRJ-000293,True,2021-09-19,23,0,Neutral,Low,Low,False,45.1
SIH26017-PRJ-000294,True,2017-07-10,20,1,Opposing,Low,Low,False,66.8
SIH26017-PRJ-000295,True,2022-07-17,29,1,Neutral,Low,Medium,True,52.3
SIH26017-PRJ-000296,True,2018-09-23,7,0,Neutral,Low,Low,False,36.3
SIH26017-PRJ-000297,False,,0,0,Neutral,Medium,High,True,26.6
SIH26017-PRJ-000298,True,2021-02-01,42,0,Opposing,Medium,Low,False,61.7
SIH26017-PRJ-000299,True,2021-02-10,13,2,Supportive,Low,Low,False,30.9
SIH26017-PRJ-000300,True,2016-01-30,8,1,Neutral,Low,Low,True,25.9
SIH26017-PRJ-000301,True,2018-03-26,14,0,Neutral,Low,Low,False,48.2
SIH26017-PRJ-000302,True,2019-03-01,24,2,Opposing,Low,Low,True,31.5
SIH26017-PRJ-000303,True,2022-08-23,6,0,Opposing,Low,Medium,False,37.3
SIH26017-PRJ-000304,True,2022-01-07,9,0,Not Sought,Low,Low,False,24.6
SIH26017-PRJ-000305,True,2021-02-05,14,4,Opposing,Low,Low,False,50.9
SIH26017-PRJ-000306,True,2020-02-15,8,1,Supportive,Low,Low,False,9.5
SIH26017-PRJ-000307,True,2018-05-27,5,0,Not Sought,Low,Low,False,22.7
SIH26017-PRJ-000308,True,2020-12-10,7,0,Supportive,Medium,Medium,False,17.3
SIH26017-PRJ-000309,True,2020-03-13,6,0,Neutral,Medium,Low,False,34.0
SIH26017-PRJ-000310,True,2017-01-16,7,0,Neutral,Medium,Low,False,46.0
SIH26017-PRJ-000311,True,2022-10-19,14,1,Opposing,Low,Low,False,42.6
SIH26017-PRJ-000312,True,2019-09-10,23,4,Neutral,Medium,Medium,True,50.5
SIH26017-PRJ-000313,True,2024-05-28,15,0,Opposing,Low,Medium,False,46.2
SIH26017-PRJ-000314,True,2025-02-24,17,0,Neutral,High,High,False,33.7
SIH26017-PRJ-000315,True,2017-11-24,13,1,Neutral,Medium,Medium,False,44.3
SIH26017-PRJ-000316,True,2020-07-14,30,0,Neutral,Low,Medium,False,54.9
SIH26017-PRJ-000317,True,2015-12-23,5,1,Supportive,Low,Low,False,20.4
SIH26017-PRJ-000318,True,2023-12-20,8,0,Opposing,Medium,High,False,39.9
SIH26017-PRJ-000319,True,2019-08-01,44,2,Opposing,Medium,Medium,False,41.6
SIH26017-PRJ-000320,True,2019-10-06,13,1,Neutral,Medium,Medium,True,40.3
SIH26017-PRJ-000321,True,2022-12-02,22,0,Opposing,Medium,Medium,False,48.2
SIH26017-PRJ-000322,True,2021-05-25,12,0,Neutral,Medium,Medium,False,31.7
SIH26017-PRJ-000323,True,2019-06-21,10,0,Opposing,Low,Medium,True,51.4
SIH26017-PRJ-000324,True,2022-02-23,24,0,Opposing,Medium,Medium,False,47.4
SIH26017-PRJ-000325,True,2024-12-19,28,0,Opposing,Low,Low,False,37.3
SIH26017-PRJ-000326,True,2018-02-13,23,0,Opposing,Low,Low,False,36.2
SIH26017-PRJ-000327,True,2023-12-29,12,1,Neutral,Medium,Low,False,26.9
SIH26017-PRJ-000328,True,2019-09-02,7,2,Opposing,Low,Medium,False,41.3
SIH26017-PRJ-000329,True,2020-08-20,42,0,Opposing,Low,Medium,False,51.0
SIH26017-PRJ-000330,True,2020-07-09,12,0,Neutral,Low,Medium,False,45.0
SIH26017-PRJ-000331,True,2015-12-29,15,3,Opposing,Medium,Medium,False,26.4
SIH26017-PRJ-000332,True,2023-02-25,14,1,Neutral,Low,Low,False,37.4
SIH26017-PRJ-000333,True,2018-07-29,12,1,Opposing,Medium,High,True,36.0
SIH26017-PRJ-000334,True,2022-09-05,5,1,Neutral,Low,Low,False,33.1
SIH26017-PRJ-000335,True,2022-10-08,50,1,Opposing,High,Low,False,21.0
SIH26017-PRJ-000336,True,2019-11-18,8,3,Neutral,Medium,Medium,False,1.0
SIH26017-PRJ-000337,True,2023-04-27,6,0,Opposing,Low,Low,False,48.7
SIH26017-PRJ-000338,True,2016-03-13,11,1,Neutral,Low,Low,False,35.4
SIH26017-PRJ-000339,True,2016-08-25,41,3,Neutral,High,Medium,True,33.8
SIH26017-PRJ-000340,True,2016-03-19,20,1,Opposing,Low,Low,True,46.6
SIH26017-PRJ-000341,True,2023-10-28,18,2,Neutral,Medium,Low,False,26.7
SIH26017-PRJ-000342,True,2017-11-13,11,0,Opposing,Low,Low,True,44.8
SIH26017-PRJ-000343,True,2024-01-07,12,1,Opposing,Medium,Medium,True,62.8
SIH26017-PRJ-000344,True,2020-01-14,2,0,Supportive,Low,Low,False,15.8
SIH26017-PRJ-000345,True,2021-01-04,13,0,Opposing,Medium,High,False,40.8
SIH26017-PRJ-000346,True,2021-05-07,75,1,Opposing,Medium,Low,False,47.9
SIH26017-PRJ-000347,True,2019-05-14,32,1,Supportive,Low,Low,False,30.3
SIH26017-PRJ-000348,True,2023-09-15,17,0,Supportive,Medium,Medium,False,59.6
SIH26017-PRJ-000349,True,2020-11-28,5,1,Supportive,Low,Low,False,15.8
SIH26017-PRJ-000350,True,2019-08-16,9,0,Neutral,Low,Medium,False,17.7
SIH26017-PRJ-000351,True,2022-01-24,36,0,Opposing,Low,Low,False,65.6
SIH26017-PRJ-000352,True,2023-12-15,52,0,Opposing,Medium,Medium,False,36.0
SIH26017-PRJ-000353,True,2024-10-22,21,1,Neutral,Medium,Low,False,68.8
SIH26017-PRJ-000354,True,2024-11-02,14,1,Neutral,Low,Low,False,38.7
SIH26017-PRJ-000355,True,2023-10-20,36,1,Opposing,Medium,Medium,False,42.6
SIH26017-PRJ-000356,True,2023-03-16,13,0,Opposing,Low,Medium,False,24.4
SIH26017-PRJ-000357,False,,0,0,Neutral,Medium,Medium,False,39.3
SIH26017-PRJ-000358,True,2020-12-07,23,1,Neutral,Medium,Low,False,30.9
SIH26017-PRJ-000359,True,2019-01-24,35,2,Opposing,Medium,Medium,False,59.4
SIH26017-PRJ-000360,True,2015-08-02,13,2,Opposing,Medium,Medium,True,37.5
SIH26017-PRJ-000361,True,2015-08-01,11,0,Opposing,Low,Medium,False,21.1
SIH26017-PRJ-000362,True,2018-08-30,3,3,Opposing,Medium,Low,True,49.1
SIH26017-PRJ-000363,True,2018-06-16,11,0,Supportive,Medium,Medium,False,32.5
SIH26017-PRJ-000364,True,2017-05-21,37,0,Opposing,Medium,Medium,False,57.2
SIH26017-PRJ-000365,True,2021-07-12,10,0,Supportive,Medium,Medium,False,15.2
SIH26017-PRJ-000366,True,2018-04-29,6,0,Supportive,Low,Low,False,41.4
SIH26017-PRJ-000367,True,2022-10-11,59,2,Opposing,Medium,Low,False,68.2
SIH26017-PRJ-000368,True,2016-02-11,14,1,Neutral,Low,Medium,False,43.3
SIH26017-PRJ-000369,True,2016-07-02,11,1,Neutral,Low,Low,False,37.1
SIH26017-PRJ-000370,True,2015-06-12,12,6,Neutral,Medium,Low,False,45.5
SIH26017-PRJ-000371,True,2020-06-08,74,1,Opposing,Medium,Medium,False,53.9
SIH26017-PRJ-000372,True,2024-04-02,12,0,Opposing,Medium,High,False,42.5
SIH26017-PRJ-000373,True,2017-12-01,12,1,Supportive,Low,Low,False,26.9
SIH26017-PRJ-000374,True,2019-05-09,16,2,Supportive,Low,Medium,False,33.8
SIH26017-PRJ-000375,True,2018-01-21,14,0,Opposing,Medium,Low,False,53.6
SIH26017-PRJ-000376,True,2024-09-01,8,0,Neutral,Low,Low,False,10.6
SIH26017-PRJ-000377,True,2025-01-28,60,0,Opposing,Medium,Low,False,60.9
SIH26017-PRJ-000378,True,2018-12-27,40,2,Neutral,Medium,Low,False,58.6
SIH26017-PRJ-000379,True,2019-09-06,9,0,Opposing,Low,Medium,False,38.5
SIH26017-PRJ-000380,True,2023-02-20,39,1,Opposing,Medium,Medium,True,43.8
SIH26017-PRJ-000381,True,2015-08-14,20,0,Opposing,Medium,Low,False,44.0
SIH26017-PRJ-000382,True,2023-12-20,36,0,Opposing,Medium,Low,False,39.8
SIH26017-PRJ-000383,True,2022-04-02,4,2,Neutral,Low,Medium,False,26.7
SIH26017-PRJ-000384,True,2021-02-24,7,1,Supportive,Low,Low,False,28.2
SIH26017-PRJ-000385,True,2016-08-28,59,0,Opposing,Medium,Low,False,51.7
SIH26017-PRJ-000386,True,2021-09-09,7,2,Opposing,Medium,Low,False,29.5
SIH26017-PRJ-000387,True,2023-05-07,8,1,Neutral,Low,Medium,False,35.0
SIH26017-PRJ-000388,True,2016-12-17,43,0,Opposing,Low,Low,False,46.7
SIH26017-PRJ-000389,True,2024-12-07,73,2,Neutral,Medium,Medium,False,39.5
SIH26017-PRJ-000390,True,2022-09-28,9,2,Opposing,Low,Low,False,44.6
SIH26017-PRJ-000391,True,2020-09-03,23,1,Opposing,Low,Low,False,61.7
SIH26017-PRJ-000392,False,,0,0,Neutral,Low,Low,False,46.9
SIH26017-PRJ-000393,True,2018-06-26,16,1,Neutral,Medium,Low,False,29.5
SIH26017-PRJ-000394,False,,0,0,Opposing,Medium,Low,False,42.4
SIH26017-PRJ-000395,True,2017-04-29,18,0,Opposing,Low,Low,False,67.1
SIH26017-PRJ-000396,True,2015-11-25,13,1,Opposing,Medium,Medium,False,36.3
SIH26017-PRJ-000397,True,2025-01-15,10,1,Opposing,Low,Low,False,41.6
SIH26017-PRJ-000398,True,2017-04-16,5,0,Supportive,Low,Low,False,27.5
SIH26017-PRJ-000399,True,2021-12-27,10,0,Neutral,Medium,Medium,False,26.5
SIH26017-PRJ-000400,True,2016-03-13,42,2,Opposing,Low,Medium,True,40.6
SIH26017-PRJ-000401,True,2025-01-16,4,1,Neutral,Medium,Low,False,49.9
SIH26017-PRJ-000402,True,2020-04-04,10,3,Opposing,Medium,Low,False,34.3
SIH26017-PRJ-000403,True,2024-10-06,25,1,Neutral,Low,Low,False,61.6
SIH26017-PRJ-000404,True,2019-02-05,13,0,Neutral,Medium,Medium,False,37.3
SIH26017-PRJ-000405,True,2018-02-14,11,1,Neutral,Low,Low,False,33.4
SIH26017-PRJ-000406,True,2019-05-09,37,0,Opposing,Low,Low,False,51.3
SIH26017-PRJ-000407,True,2018-09-15,35,2,Neutral,Medium,High,False,26.4
SIH26017-PRJ-000408,True,2020-12-29,17,0,Neutral,Low,Low,False,42.7
SIH26017-PRJ-000409,True,2022-01-18,24,1,Neutral,Low,Low,False,16.1
SIH26017-PRJ-000410,True,2019-12-12,13,0,Neutral,Low,Low,False,37.5
SIH26017-PRJ-000411,True,2022-02-16,14,2,Neutral,Medium,Medium,False,45.3
SIH26017-PRJ-000412,True,2017-01-04,6,1,Supportive,Low,Medium,False,26.1
SIH26017-PRJ-000413,True,2023-09-19,4,0,Neutral,Low,Low,False,30.0
SIH26017-PRJ-000414,True,2024-10-08,41,1,Opposing,Low,Low,False,57.0
SIH26017-PRJ-000415,True,2020-06-09,101,0,Opposing,Medium,Medium,False,38.7
SIH26017-PRJ-000416,True,2021-11-09,8,2,Supportive,Medium,Low,False,36.2
SIH26017-PRJ-000417,True,2016-08-17,2,0,Opposing,Low,Low,False,30.8
SIH26017-PRJ-000418,True,2019-08-12,10,0,Neutral,Low,Medium,False,20.8
SIH26017-PRJ-000419,True,2021-06-23,17,0,Supportive,Low,Low,False,17.9
SIH26017-PRJ-000420,True,2023-02-03,5,1,Supportive,Medium,Medium,False,40.7
SIH26017-PRJ-000421,True,2016-01-15,10,0,Neutral,Low,Low,False,41.2
SIH26017-PRJ-000422,True,2024-11-28,19,0,Opposing,Low,Medium,False,32.6
SIH26017-PRJ-000423,True,2018-03-11,10,0,Neutral,Low,Low,False,37.5
SIH26017-PRJ-000424,True,2015-12-11,9,1,Supportive,Low,Low,False,18.3
SIH26017-PRJ-000425,True,2016-12-28,14,2,Opposing,Medium,Low,False,51.2
SIH26017-PRJ-000426,True,2023-06-21,12,1,Opposing,Low,Low,False,31.7
SIH26017-PRJ-000427,False,,0,1,Neutral,Low,Medium,False,33.9
SIH26017-PRJ-000428,True,2015-10-15,28,2,Opposing,Low,Medium,True,65.5
SIH26017-PRJ-000429,True,2017-06-17,35,0,Opposing,Low,Low,True,48.4
SIH26017-PRJ-000430,True,2019-06-28,19,3,Opposing,Medium,Medium,False,31.0
SIH26017-PRJ-000431,True,2020-04-16,29,0,Opposing,Low,Low,False,35.5
SIH26017-PRJ-000432,True,2020-07-10,35,1,Opposing,Medium,Medium,False,53.8
SIH26017-PRJ-000433,True,2021-02-18,18,0,Opposing,Medium,Medium,False,52.1
SIH26017-PRJ-000434,True,2015-07-25,55,0,Opposing,Medium,Low,True,52.4
SIH26017-PRJ-000435,True,2017-10-01,13,1,Neutral,Medium,Medium,False,18.9
SIH26017-PRJ-000436,True,2018-11-09,8,1,Neutral,Low,Low,True,15.6
SIH26017-PRJ-000437,True,2017-04-23,15,1,Neutral,Medium,Low,False,24.2
SIH26017-PRJ-000438,True,2022-01-04,35,0,Opposing,Low,Low,False,48.9
SIH26017-PRJ-000439,True,2022-03-10,12,1,Neutral,Medium,Low,True,68.9
SIH26017-PRJ-000440,True,2022-02-24,34,0,Neutral,Medium,Low,True,57.3
SIH26017-PRJ-000441,True,2018-06-04,19,2,Opposing,Low,Low,False,43.4
SIH26017-PRJ-000442,True,2019-05-06,4,0,Neutral,Low,Low,False,25.1
SIH26017-PRJ-000443,True,2017-04-09,19,0,Supportive,Low,Medium,False,47.3
SIH26017-PRJ-000444,True,2023-09-14,12,1,Opposing,Low,Low,False,28.7
SIH26017-PRJ-000445,True,2019-10-19,10,0,Supportive,Medium,Medium,False,68.8
SIH26017-PRJ-000446,True,2021-08-05,11,0,Supportive,Medium,Low,False,28.3
SIH26017-PRJ-000447,True,2021-11-03,41,0,Opposing,Low,Low,False,32.2
SIH26017-PRJ-000448,True,2022-01-16,30,0,Opposing,Medium,Low,False,42.2
SIH26017-PRJ-000449,True,2018-11-16,9,2,Supportive,Low,Low,False,24.4
SIH26017-PRJ-000450,True,2021-12-19,7,2,Neutral,Low,Low,False,61.2
SIH26017-PRJ-000451,True,2018-10-30,64,0,Opposing,Medium,Low,True,42.2
SIH26017-PRJ-000452,True,2024-12-04,5,2,Supportive,Low,Medium,False,24.6
SIH26017-PRJ-000453,True,2016-09-06,14,0,Opposing,Medium,Medium,False,32.2
SIH26017-PRJ-000454,True,2020-06-29,18,1,Opposing,Low,Low,False,37.8
SIH26017-PRJ-000455,True,2019-01-26,28,3,Opposing,High,High,True,46.8
SIH26017-PRJ-000456,True,2017-05-21,2,1,Neutral,Medium,Medium,False,49.6
SIH26017-PRJ-000457,True,2021-06-13,17,1,Opposing,Low,Low,False,48.6
SIH26017-PRJ-000458,True,2016-02-17,15,2,Opposing,High,Medium,True,48.8
SIH26017-PRJ-000459,True,2024-08-02,17,2,Not Sought,Low,Low,False,6.2
SIH26017-PRJ-000460,True,2016-09-26,11,1,Supportive,Low,Medium,True,39.0
SIH26017-PRJ-000461,True,2023-03-21,11,1,Opposing,Medium,High,False,46.4
SIH26017-PRJ-000462,True,2023-05-12,21,0,Opposing,Low,Low,True,42.4
SIH26017-PRJ-000463,True,2023-05-20,14,0,Supportive,Low,Low,True,32.1
SIH26017-PRJ-000464,True,2018-04-12,9,0,Neutral,Medium,Medium,False,54.0
SIH26017-PRJ-000465,True,2019-05-11,36,1,Opposing,Medium,Medium,True,29.3
SIH26017-PRJ-000466,True,2022-03-25,11,0,Opposing,Low,Low,False,26.8
SIH26017-PRJ-000467,True,2021-09-26,25,1,Opposing,Medium,Medium,False,60.5
SIH26017-PRJ-000468,True,2019-09-15,13,1,Neutral,Medium,Medium,False,60.3
SIH26017-PRJ-000469,True,2023-11-11,11,1,Neutral,Medium,Medium,False,31.6
SIH26017-PRJ-000470,True,2019-04-26,21,2,Opposing,Medium,Medium,False,50.1
SIH26017-PRJ-000471,True,2024-09-12,13,1,Opposing,Medium,Low,True,48.4
SIH26017-PRJ-000472,True,2024-04-08,6,0,Supportive,Low,Medium,False,21.2
SIH26017-PRJ-000473,True,2020-07-24,9,1,Neutral,Low,Low,False,23.4
SIH26017-PRJ-000474,True,2016-06-17,8,0,Supportive,Low,Low,False,21.9
SIH26017-PRJ-000475,True,2018-08-10,47,0,Opposing,Low,Low,False,52.6
SIH26017-PRJ-000476,True,2020-05-06,32,4,Opposing,Medium,Low,False,37.9
SIH26017-PRJ-000477,True,2017-06-15,12,0,Neutral,Medium,Low,False,34.3
SIH26017-PRJ-000478,True,2015-11-20,23,2,Neutral,Medium,Medium,False,38.9
SIH26017-PRJ-000479,True,2024-05-02,8,0,Not Sought,Low,Low,True,24.8
SIH26017-PRJ-000480,True,2016-04-19,8,5,Opposing,Medium,Low,True,52.6
SIH26017-PRJ-000481,True,2018-07-26,22,2,Opposing,Medium,High,True,40.6
SIH26017-PRJ-000482,True,2019-02-25,24,1,Supportive,Low,Low,False,43.4
SIH26017-PRJ-000483,True,2016-07-08,13,0,Supportive,Low,Low,False,37.6
SIH26017-PRJ-000484,True,2016-12-20,15,0,Neutral,Medium,Medium,False,41.4
SIH26017-PRJ-000485,True,2020-05-28,21,2,Neutral,Low,High,True,30.3
SIH26017-PRJ-000486,True,2023-09-07,11,0,Opposing,Low,Low,False,25.1
SIH26017-PRJ-000487,True,2018-06-23,33,2,Opposing,Medium,Low,False,44.3
SIH26017-PRJ-000488,True,2017-09-23,10,2,Not Sought,Low,Low,False,45.2
SIH26017-PRJ-000489,True,2022-06-04,19,1,Neutral,Low,Low,False,42.6
SIH26017-PRJ-000490,False,,0,1,Opposing,Low,Medium,False,51.3
SIH26017-PRJ-000491,True,2023-10-15,16,2,Neutral,Low,Low,False,62.5
SIH26017-PRJ-000492,True,2016-09-02,18,0,Neutral,Low,Low,False,44.6
SIH26017-PRJ-000493,True,2019-01-16,12,2,Neutral,Medium,Medium,False,44.9
SIH26017-PRJ-000494,True,2024-05-04,9,1,Opposing,Low,Medium,False,50.7
SIH26017-PRJ-000495,True,2015-12-29,16,0,Neutral,Low,Low,False,53.5
SIH26017-PRJ-000496,True,2018-12-15,43,0,Neutral,Medium,Low,False,33.1
SIH26017-PRJ-000497,True,2023-02-07,24,1,Opposing,Medium,Low,False,45.7
SIH26017-PRJ-000498,True,2018-10-15,8,0,Neutral,Medium,Medium,False,51.4
SIH26017-PRJ-000499,True,2017-12-21,8,0,Supportive,Low,Low,False,35.6
SIH26017-PRJ-000500,True,2023-12-08,28,2,Supportive,Medium,Medium,False,56.5
SIH26017-PRJ-000501,True,2023-10-21,24,0,Neutral,Low,Low,True,41.0
SIH26017-PRJ-000502,True,2023-07-03,7,2,Opposing,Low,Medium,False,36.1
SIH26017-PRJ-000503,True,2018-12-20,10,0,Supportive,Low,Low,False,21.5
SIH26017-PRJ-000504,True,2016-02-05,14,0,Opposing,Medium,Medium,True,52.8
SIH26017-PRJ-000505,True,2016-06-15,37,5,Neutral,Medium,Medium,False,48.4
SIH26017-PRJ-000506,True,2016-09-06,24,2,Neutral,Low,Low,False,43.1
SIH26017-PRJ-000507,True,2018-08-22,23,0,Neutral,Medium,Medium,False,17.8
SIH26017-PRJ-000508,True,2024-06-22,9,0,Neutral,Low,Low,False,40.2
SIH26017-PRJ-000509,False,,0,0,Neutral,Medium,Medium,False,56.7
SIH26017-PRJ-000510,True,2022-07-27,14,1,Opposing,Low,Low,True,35.2
SIH26017-PRJ-000511,True,2018-10-06,18,4,Neutral,Medium,Medium,False,45.5
SIH26017-PRJ-000512,True,2023-08-26,13,1,Neutral,Medium,Medium,False,52.6
SIH26017-PRJ-000513,True,2020-04-30,23,0,Opposing,Medium,Medium,False,21.4
SIH26017-PRJ-000514,True,2020-12-15,29,1,Supportive,Medium,Low,False,42.0
SIH26017-PRJ-000515,True,2022-05-24,24,0,Opposing,Low,Medium,False,38.9
SIH26017-PRJ-000516,True,2021-03-26,44,0,Opposing,Medium,Low,False,25.3
SIH26017-PRJ-000517,True,2021-07-06,9,1,Supportive,Low,Low,False,17.6
SIH26017-PRJ-000518,True,2024-06-14,23,3,Neutral,Medium,Medium,True,46.4
SIH26017-PRJ-000519,True,2019-05-04,12,1,Opposing,Low,Low,False,50.9
SIH26017-PRJ-000520,True,2015-03-23,20,1,Opposing,Low,Low,False,38.4
SIH26017-PRJ-000521,False,,0,0,Neutral,Low,Medium,False,28.1
SIH26017-PRJ-000522,True,2017-10-31,10,0,Supportive,Low,Medium,False,23.0
SIH26017-PRJ-000523,True,2022-12-07,17,2,Neutral,Medium,Medium,True,52.2
SIH26017-PRJ-000524,True,2023-12-29,22,0,Opposing,Low,Low,False,43.4
SIH26017-PRJ-000525,True,2021-11-14,14,0,Neutral,Low,Low,False,51.8
SIH26017-PRJ-000526,True,2017-03-15,13,0,Supportive,Low,Low,False,32.8
SIH26017-PRJ-000527,True,2019-06-15,18,1,Opposing,Low,Low,False,50.2
SIH26017-PRJ-000528,True,2016-03-19,73,1,Opposing,Medium,Low,False,38.5
SIH26017-PRJ-000529,True,2024-09-26,12,1,Opposing,Low,Low,False,34.0
SIH26017-PRJ-000530,True,2018-06-28,18,1,Neutral,Low,Low,False,43.1
SIH26017-PRJ-000531,True,2020-11-30,29,0,Neutral,Medium,Low,False,51.7
SIH26017-PRJ-000532,True,2016-03-02,25,0,Neutral,Medium,Medium,False,49.5
SIH26017-PRJ-000533,True,2019-05-23,11,0,Neutral,Low,Medium,False,29.9
SIH26017-PRJ-000534,True,2024-12-22,8,1,Neutral,Low,Medium,True,41.3
SIH26017-PRJ-000535,True,2023-12-02,15,1,Opposing,Medium,Low,False,57.4
SIH26017-PRJ-000536,True,2022-01-11,15,1,Opposing,Medium,Low,True,39.2
SIH26017-PRJ-000537,True,2020-06-05,10,0,Neutral,Low,Low,False,31.4
SIH26017-PRJ-000538,True,2023-06-24,55,0,Opposing,Low,Medium,True,57.2
SIH26017-PRJ-000539,True,2018-03-19,16,1,Opposing,Medium,Medium,True,34.5
SIH26017-PRJ-000540,True,2017-11-16,6,2,Neutral,Medium,Low,False,42.7
SIH26017-PRJ-000541,True,2018-11-07,10,0,Neutral,Low,Low,True,21.4
SIH26017-PRJ-000542,True,2018-04-19,29,1,Opposing,Medium,Medium,True,45.0
SIH26017-PRJ-000543,True,2021-03-23,15,0,Opposing,Medium,Medium,False,40.6
SIH26017-PRJ-000544,True,2021-08-27,16,0,Neutral,Low,Medium,False,28.1
SIH26017-PRJ-000545,True,2015-12-07,42,2,Opposing,Medium,High,True,39.3
SIH26017-PRJ-000546,True,2022-06-08,6,0,Supportive,Medium,Low,False,18.3
SIH26017-PRJ-000547,True,2016-08-01,11,0,Neutral,Low,Low,False,36.2
SIH26017-PRJ-000548,True,2018-01-03,5,0,Neutral,Low,Low,False,17.0
SIH26017-PRJ-000549,True,2019-12-27,45,1,Opposing,Medium,Medium,False,43.4
SIH26017-PRJ-000550,True,2023-05-30,13,0,Opposing,Medium,Medium,False,47.8
SIH26017-PRJ-000551,True,2023-06-27,10,0,Neutral,Medium,Medium,False,25.9
SIH26017-PRJ-000552,True,2017-11-22,10,0,Supportive,Low,Low,False,31.2
SIH26017-PRJ-000553,True,2021-04-15,16,0,Neutral,Medium,Low,False,18.3
SIH26017-PRJ-000554,True,2016-03-17,8,0,Opposing,Low,Low,True,65.3
SIH26017-PRJ-000555,True,2024-07-19,14,2,Neutral,Low,Low,False,40.6
SIH26017-PRJ-000556,True,2022-03-20,84,0,Neutral,Medium,Medium,True,64.2
SIH26017-PRJ-000557,False,,0,0,Opposing,Medium,Medium,False,45.1
SIH26017-PRJ-000558,True,2020-05-14,21,6,Supportive,Medium,Medium,False,35.0
SIH26017-PRJ-000559,True,2024-12-12,54,0,Opposing,Low,Low,False,49.2
SIH26017-PRJ-000560,True,2017-05-09,20,1,Opposing,Medium,Medium,False,37.2
SIH26017-PRJ-000561,True,2024-02-25,23,0,Opposing,Medium,Medium,False,39.1
SIH26017-PRJ-000562,False,,0,0,Opposing,Low,Medium,False,39.8
SIH26017-PRJ-000563,False,,0,0,Opposing,Medium,Medium,False,37.8
SIH26017-PRJ-000564,True,2020-10-22,35,1,Opposing,Medium,Low,False,44.3
SIH26017-PRJ-000565,True,2016-03-27,14,0,Opposing,Medium,Medium,True,38.1
SIH26017-PRJ-000566,True,2015-10-21,29,4,Neutral,Medium,Medium,False,45.5
SIH26017-PRJ-000567,True,2017-11-03,14,1,Opposing,Low,Low,False,41.8
SIH26017-PRJ-000568,True,2017-10-25,28,2,Neutral,Low,Medium,False,54.7
SIH26017-PRJ-000569,True,2022-05-01,30,0,Neutral,Medium,Medium,False,47.5
SIH26017-PRJ-000570,True,2020-03-16,48,1,Opposing,Low,Low,False,43.0
SIH26017-PRJ-000571,True,2018-09-07,42,1,Opposing,Low,Medium,False,44.4
SIH26017-PRJ-000572,True,2024-08-23,14,1,Neutral,Low,Low,False,19.6
SIH26017-PRJ-000573,True,2017-06-24,5,0,Supportive,Low,Low,False,13.7
SIH26017-PRJ-000574,True,2018-01-18,12,2,Neutral,Low,Low,False,45.2
SIH26017-PRJ-000575,True,2023-12-28,5,0,Neutral,Low,Low,False,7.7
SIH26017-PRJ-000576,True,2018-10-03,9,0,Supportive,Low,Low,False,49.1
SIH26017-PRJ-000577,True,2016-09-08,14,0,Opposing,Medium,High,True,41.7
SIH26017-PRJ-000578,True,2016-03-10,6,2,Neutral,Low,Low,False,20.6
SIH26017-PRJ-000579,True,2016-01-27,14,0,Opposing,Medium,Medium,False,46.1
SIH26017-PRJ-000580,True,2024-09-18,16,2,Opposing,Medium,Low,False,49.9
SIH26017-PRJ-000581,True,2023-03-19,16,0,Supportive,Low,Medium,False,19.0
SIH26017-PRJ-000582,True,2019-08-11,37,0,Opposing,Low,Low,False,35.9
SIH26017-PRJ-000583,True,2019-02-09,17,0,Supportive,Medium,Medium,False,49.4
SIH26017-PRJ-000584,True,2018-09-29,18,1,Supportive,Low,Low,False,37.7
SIH26017-PRJ-000585,True,2019-09-30,17,1,Opposing,High,Medium,False,54.3
SIH26017-PRJ-000586,True,2021-12-19,19,0,Opposing,Low,Low,False,53.7
SIH26017-PRJ-000587,True,2021-07-06,17,0,Supportive,Low,Low,False,26.4
SIH26017-PRJ-000588,True,2023-08-15,8,0,Neutral,Medium,Medium,False,44.8
SIH26017-PRJ-000589,False,,0,1,Neutral,High,High,False,36.9
SIH26017-PRJ-000590,True,2022-02-06,13,0,Opposing,High,Low,True,46.7
SIH26017-PRJ-000591,True,2022-04-14,16,2,Opposing,Medium,Medium,True,44.8
SIH26017-PRJ-000592,True,2024-11-23,19,0,Neutral,Low,Low,True,64.0
SIH26017-PRJ-000593,True,2020-07-21,3,0,Neutral,Low,Low,False,21.5
SIH26017-PRJ-000594,True,2018-06-09,53,1,Opposing,Medium,Medium,False,57.2
SIH26017-PRJ-000595,True,2016-12-31,9,1,Neutral,Low,Low,False,35.2
SIH26017-PRJ-000596,True,2021-03-02,26,0,Opposing,Low,Medium,False,20.3
SIH26017-PRJ-000597,True,2017-11-17,27,0,Neutral,Medium,Low,False,35.0
SIH26017-PRJ-000598,True,2019-04-07,5,3,Neutral,Low,Low,False,55.7
SIH26017-PRJ-000599,True,2020-05-18,11,1,Opposing,Low,Low,False,37.5
SIH26017-PRJ-000600,True,2024-11-13,6,0,Supportive,Low,Low,False,49.1
