feature,mean_absolute_shap
numeric__planned_land_acquisition_duration_days,1.7592901
numeric__percent_land_clear_title,0.4859732
numeric__cumulative_stage_delay_days_as_of_snapshot,0.47106194
numeric__estimated_project_cost_inr_crore,0.38246927
numeric__planned_land_acquisition_completion_date_dayofyear,0.3574768
numeric__total_land_required_hectares,0.33471859
numeric__percent_land_disputed_ownership,0.26828527
numeric__project_type_historical_delay_rate,0.24150732
numeric__project_sanction_date_dayofyear,0.23325169
numeric__snapshot_date_year,0.1872367
categorical__land_type_required_Agricultural,0.15564255
numeric__rr_grievance_backlog_as_of_snapshot,0.14254503
numeric__state_historical_avg_delay_days,0.14088723
numeric__officer_turnover_count_as_of_snapshot,0.11280261
numeric__project_sanction_date_year,0.110671
numeric__approvals_required_count,0.107653536
numeric__number_of_displaced_families,0.106571555
categorical__funds_availability_status_as_of_snapshot_Insufficient,0.104477726
categorical__current_stage_name_Compensation Disbursement,0.09857069
categorical__land_type_required_Homestead-Residential,0.097419865
numeric__planned_land_acquisition_completion_date_year,0.095934175
numeric__percent_families_resettled_as_of_snapshot,0.09149994
numeric__approvals_approved_count_as_of_snapshot,0.08342983
numeric__snapshot_date_dayofyear,0.07235448
categorical__land_record_digitization_status_Fully Digitized,0.07234815
numeric__project_sanction_date_month,0.07128803
numeric__days_since_sanction_at_snapshot,0.06696098
numeric__public_hearing_objections_count,0.06537786
numeric__planned_land_acquisition_completion_date_month,0.06325196
categorical__land_record_digitization_status_Not Digitized,0.06284659
categorical__local_body_resolution_status_Neutral,0.05361403
numeric__number_of_villages_affected,0.042003416
numeric__budget_utilization_percent_as_of_snapshot,0.040330656
numeric__agency_historical_completion_rate,0.03659054
"categorical__applicable_land_acquisition_act_RFCTLARR Act, 2013",0.029759001
numeric__snapshot_date_month,0.02767593
categorical__next_stage_name_at_snapshot_Award Declaration (Sec 23),0.023726566
numeric__active_legal_cases_count_as_of_snapshot,0.021404129
numeric__missingindicator_state_historical_avg_delay_days,0.01957156
numeric__percent_compensation_disbursed_as_of_snapshot,0.016230801
categorical__land_record_digitization_status_Partially Digitized,0.013997035
categorical__state_Bihar,0.013283709
categorical__political_sensitivity_index_Medium,0.012216315
categorical__funds_availability_status_as_of_snapshot_Delayed,0.012139928
categorical__local_body_resolution_status_Opposing,0.0109523
categorical__e_governance_system_used_flag_False,0.010947172
categorical__current_stage_name_Award Declaration (Sec 23),0.009022776
categorical__project_type_Airport Expansion,0.006743309
categorical__e_governance_system_used_flag_True,0.006699546
categorical__land_type_required_Government-Wasteland,0.006377349
categorical__project_type_Urban Water Supply/Sewerage,0.0061145634
categorical__land_type_required_Forest,0.0061099646
categorical__project_type_National Highway,0.005531374
categorical__political_sensitivity_index_Low,0.005266954
numeric__percent_stages_completed_as_of_snapshot,0.0051487545
categorical__state_Gujarat,0.00508557
categorical__next_stage_name_at_snapshot_Possession,0.0046400675
categorical__district_Kolkata,0.0044849664
categorical__current_stage_name_Social Impact Assessment (SIA),0.0041588293
numeric__missingindicator_agency_historical_completion_rate,0.0038351815
categorical__next_stage_name_at_snapshot_Compensation Disbursement,0.0032261037
categorical__project_geometry_type_Linear,0.0032119409
categorical__state_Telangana,0.0
categorical__state_Uttar Pradesh,0.0
categorical__state_West Bengal,0.0
categorical__district_Alwar,0.0
categorical__district_Ahmedabad,0.0
categorical__district_Agra,0.0
categorical__state_Kerala,0.0
categorical__state_Karnataka,0.0
categorical__state_Jharkhand,0.0
categorical__state_Chhattisgarh,0.0
categorical__state_Assam,0.0
numeric__missingindicator_consent_percent_obtained,0.0
numeric__missingindicator_project_type_historical_delay_rate,0.0
numeric__next_stage_at_snapshot,0.0
numeric__approvals_pending_count_as_of_snapshot,0.0
numeric__consent_percent_obtained,0.0
numeric__current_stage_number,0.0
categorical__state_Tamil Nadu,0.0
categorical__state_Rajasthan,0.0
categorical__state_Odisha,0.0
categorical__state_Maharashtra,0.0
categorical__state_Madhya Pradesh,0.0
categorical__district_Cuttack,0.0
categorical__district_Bhopal,0.0
categorical__district_Ballari,0.0
categorical__district_Belagavi,0.0
categorical__district_Bastar,0.0
categorical__district_Paschimi Singhbhum,0.0
categorical__district_Nashik,0.0
categorical__district_Nagpur,0.0
categorical__district_Patna,0.0
categorical__district_Raipur,0.0
categorical__district_Rajkot,0.0
categorical__district_Purba Bardhaman,0.0
categorical__district_Pune,0.0
categorical__district_Sundargarh,0.0
categorical__district_Dhanbad,0.0
categorical__district_Dibrugarh,0.0
categorical__district_Durg,0.0
categorical__district_Ernakulam,0.0
categorical__district_Chennai,0.0
categorical__district_Chhatrapati Sambhajinagar,0.0
categorical__district_Bengaluru Rural,0.0
categorical__district_Howrah,0.0
categorical__district_Hyderabad,0.0
categorical__district_Jabalpur,0.0
categorical__district_Indore,0.0
categorical__district_Jodhpur,0.0
categorical__district_Kalahandi,0.0
categorical__district_Kamrup,0.0
categorical__district_Jaipur,0.0
categorical__district_Karimnagar,0.0
categorical__district_Khordha,0.0
categorical__district_Lucknow,0.0
categorical__district_Madurai,0.0
categorical__district_Muzaffarpur,0.0
categorical__district_Gautam Buddh Nagar,0.0
categorical__district_Gaya,0.0
categorical__district_Chhindwara,0.0
categorical__implementing_agency_State Industrial Dev. Corp,0.0
categorical__implementing_agency_POWERGRID/State Transco,0.0
categorical__implementing_agency_NHAI,0.0
categorical__implementing_agency_Indian Railways,0.0
categorical__implementing_agency_Airports Authority of India,0.0
categorical__project_type_Urban Metro Rail,0.0
categorical__project_type_State Highway,0.0
categorical__project_type_Special Economic Zone,0.0
categorical__project_type_Mining Project,0.0
categorical__project_type_Renewable Energy Park,0.0
categorical__project_type_Railway Line/Doubling,0.0
categorical__project_type_Power Transmission Line,0.0
categorical__project_type_Industrial Corridor,0.0
categorical__project_type_Irrigation Canal/Dam,0.0
categorical__district_Varanasi,0.0
categorical__district_Warangal,0.0
categorical__district_Purulia,0.0
categorical__district_Ranchi,0.0
categorical__district_Vadodara,0.0
categorical__district_Udaipur,0.0
categorical__district_Thiruvananthapuram,0.0
categorical__district_Tiruchirappalli,0.0
categorical__district_Surat,0.0
categorical__project_geometry_type_Point,0.0
"categorical__applicable_land_acquisition_act_Railways Act, 1989",0.0
categorical__project_geometry_type_Area,0.0
categorical__implementing_agency_State SEZ Authority,0.0
categorical__implementing_agency_State Water/Municipal Board,0.0
categorical__implementing_agency_State Irrigation Dept,0.0
categorical__implementing_agency_State Metro Rail Corp,0.0
categorical__implementing_agency_State Mining Corp,0.0
categorical__implementing_agency_State PWD,0.0
categorical__critical_approval_pending_flag_as_of_snapshot_True,0.0
categorical__critical_approval_pending_flag_as_of_snapshot_False,0.0
categorical__current_stage_name_Survey & Measurement,0.0
categorical__current_stage_name_Preliminary Notification (Sec 11),0.0
categorical__current_stage_name_Mutation & Handover,0.0
categorical__current_stage_name_Possession,0.0
categorical__current_stage_name_Final Declaration (Sec 19),0.0
categorical__current_stage_name_Draft Declaration,0.0
categorical__land_type_required_Mixed,0.0
categorical__tribal_area_flag_True,0.0
categorical__tribal_area_flag_False,0.0
categorical__implementing_agency_State Renewable Energy Agency,0.0
"categorical__applicable_land_acquisition_act_National Highways Act, 1956",0.0
"categorical__applicable_land_acquisition_act_Coal Bearing Areas Acquisition Act, 1957",0.0
categorical__compensation_dispute_flag_as_of_snapshot_False,0.0
categorical__compensation_dispute_flag_as_of_snapshot_True,0.0
categorical__local_body_resolution_status_Not Sought,0.0
categorical__rr_plan_approved_flag_as_of_snapshot_False,0.0
categorical__rr_plan_approved_flag_as_of_snapshot_True,0.0
categorical__political_sensitivity_index_High,0.0
categorical__stay_order_active_flag_as_of_snapshot_True,0.0
categorical__stay_order_active_flag_as_of_snapshot_False,0.0
categorical__high_court_or_above_case_flag_as_of_snapshot_True,0.0
categorical__high_court_or_above_case_flag_as_of_snapshot_False,0.0
categorical__local_body_resolution_status_Supportive,0.0
categorical__funds_availability_status_as_of_snapshot_Adequate,0.0
categorical__next_stage_name_at_snapshot_Final Declaration (Sec 19),0.0
categorical__next_stage_name_at_snapshot_Draft Declaration,0.0
categorical__next_stage_name_at_snapshot_Mutation & Handover,0.0
categorical__next_stage_name_at_snapshot_Preliminary Notification (Sec 11),0.0
categorical__next_stage_name_at_snapshot_Social Impact Assessment (SIA),0.0
categorical__next_stage_name_at_snapshot_Survey & Measurement,0.0
